market,commodity,date,price_per_kg,expected_price,flagged
Kitui,Beans (dry),2006-01-15,39.0,,False
Lodwar (Turkana),Maize (white),2006-01-15,26.0,,False
Marsabit,Maize (white),2006-01-15,21.0,,False
Kitui,Maize (white),2006-01-15,17.0,,False
Nairobi,Bread,2006-01-15,65.0,,False
Kitui,Maize (white),2006-02-15,18.0,17.0,False
Lodwar (Turkana),Maize (white),2006-02-15,28.0,26.0,False
Marsabit,Maize (white),2006-02-15,22.0,21.0,False
Nairobi,Bread,2006-02-15,65.0,65.0,False
Kitui,Beans (dry),2006-02-15,42.0,39.0,False
Kitui,Beans (dry),2006-03-15,47.0,42.0,False
Nairobi,Bread,2006-03-15,65.0,65.0,False
Marsabit,Maize (white),2006-03-15,22.0,22.0,False
Lodwar (Turkana),Maize (white),2006-03-15,27.0,28.0,False
Kitui,Maize (white),2006-03-15,18.0,18.0,False
Kitui,Beans (dry),2006-04-15,53.0,47.0,False
Nairobi,Bread,2006-04-15,65.0,65.0,False
Lodwar (Turkana),Maize (white),2006-04-15,30.0,27.0,False
Marsabit,Maize (white),2006-04-15,24.0,22.0,False
Kitui,Maize (white),2006-04-15,19.0,18.0,False
Kitui,Maize (white),2006-05-15,22.0,19.0,False
Lodwar (Turkana),Maize (white),2006-05-15,26.0,30.0,False
Mandera,Maize (white),2006-05-15,25.0,,False
Kitui,Beans (dry),2006-05-15,51.0,53.0,False
Marsabit,Maize (white),2006-05-15,22.0,24.0,False
Nairobi,Bread,2006-05-15,65.0,65.0,False
Nairobi,Bread,2006-06-15,65.0,65.0,False
Kitui,Beans (dry),2006-06-15,53.0,51.0,False
Lodwar (Turkana),Maize (white),2006-06-15,27.0,26.0,False
Marsabit,Maize (white),2006-06-15,20.0,22.0,False
Kitui,Maize (white),2006-06-15,22.0,22.0,False
Kitui,Beans (dry),2006-07-15,51.0,53.0,False
Mandera,Maize (white),2006-07-15,23.0,25.0,False
Kitui,Maize (white),2006-07-15,22.0,22.0,False
Marsabit,Maize (white),2006-07-15,21.0,20.0,False
Nairobi,Bread,2006-07-15,65.0,65.0,False
Nairobi,Bread,2006-08-15,65.0,65.0,False
Mandera,Maize (white),2006-08-15,23.0,23.0,False
Kitui,Maize (white),2006-08-15,21.0,22.0,False
Marsabit,Maize (white),2006-08-15,22.0,21.0,False
Kitui,Beans (dry),2006-08-15,42.0,51.0,True
Marsabit,Maize (white),2006-09-15,20.0,22.0,False
Kitui,Beans (dry),2006-09-15,42.0,42.0,False
Nairobi,Bread,2006-09-15,65.0,65.0,False
Kitui,Maize (white),2006-09-15,19.0,21.0,False
Mandera,Maize (white),2006-09-15,22.0,23.0,False
Kitui,Beans (dry),2006-10-15,44.0,42.0,False
Kitui,Maize (white),2006-10-15,19.0,19.0,False
Nairobi,Bread,2006-10-15,65.0,65.0,False
Marsabit,Maize (white),2006-10-15,21.0,20.0,False
Mandera,Maize (white),2006-10-15,23.0,22.0,False
Lodwar (Turkana),Maize (white),2006-11-15,28.0,27.0,False
Kitui,Maize (white),2006-11-15,19.0,19.0,False
Kitui,Beans (dry),2006-11-15,44.0,44.0,False
Mandera,Maize (white),2006-11-15,31.0,23.0,False
Nairobi,Bread,2006-11-15,67.5,65.0,True
Marsabit,Maize (white),2006-11-15,20.0,21.0,False
Kitui,Beans (dry),2006-12-15,44.0,44.0,False
Marsabit,Maize (white),2006-12-15,20.0,20.0,False
Mandera,Maize (white),2006-12-15,28.0,31.0,False
Lodwar (Turkana),Maize (white),2006-12-15,28.0,28.0,False
Kitui,Maize (white),2006-12-15,20.0,19.0,False
Nairobi,Bread,2006-12-15,67.5,67.5,False
Nairobi,Bread,2007-01-15,67.5,67.5,False
Mandera,Maize (white),2007-01-15,20.0,28.0,True
Kitui,Maize (white),2007-01-15,18.0,20.0,False
Kitui,Beans (dry),2007-01-15,37.0,44.0,False
Lodwar (Turkana),Maize (white),2007-01-15,30.0,28.0,False
Marsabit,Maize (white),2007-01-15,16.0,20.0,True
Kitui,Beans (dry),2007-02-15,30.0,37.0,False
Lodwar (Turkana),Maize (white),2007-02-15,30.0,30.0,False
Kitui,Maize (white),2007-02-15,17.0,18.0,False
Marsabit,Maize (white),2007-02-15,16.0,16.0,False
Nairobi,Bread,2007-02-15,67.5,67.5,False
Marsabit,Maize (white),2007-03-15,14.0,16.0,False
Kitui,Maize (white),2007-03-15,8.0,17.0,True
Kitui,Beans (dry),2007-03-15,23.0,30.0,False
Mandera,Maize (white),2007-03-15,22.0,20.0,False
Lodwar (Turkana),Maize (white),2007-03-15,30.0,30.0,False
Nairobi,Bread,2007-03-15,67.5,67.5,False
Marsabit,Maize (white),2007-04-15,12.0,14.0,False
Lodwar (Turkana),Maize (white),2007-04-15,31.0,30.0,False
Kitui,Beans (dry),2007-04-15,30.0,23.0,False
Kitui,Maize (white),2007-04-15,8.0,8.0,False
Nairobi,Bread,2007-04-15,67.5,67.5,False
Mandera,Maize (white),2007-05-15,33.0,22.0,True
Nairobi,Bread,2007-05-15,67.5,67.5,False
Kitui,Maize (white),2007-05-15,8.0,8.0,False
Kitui,Beans (dry),2007-05-15,34.0,30.0,False
Lodwar (Turkana),Maize (white),2007-05-15,29.0,31.0,False
Marsabit,Maize (white),2007-05-15,15.0,12.0,False
Kitui,Maize (white),2007-06-15,9.0,8.0,False
Lodwar (Turkana),Maize (white),2007-06-15,30.0,29.0,False
Nairobi,Bread,2007-06-15,67.5,67.5,False
Kitui,Beans (dry),2007-06-15,35.0,34.0,False
Marsabit,Maize (white),2007-06-15,15.0,15.0,False
Kitui,Beans (dry),2007-07-15,35.0,35.0,False
Nairobi,Bread,2007-07-15,70.0,67.5,True
Kitui,Maize (white),2007-07-15,9.0,9.0,False
Mandera,Maize (white),2007-07-15,25.0,33.0,False
Marsabit,Maize (white),2007-07-15,15.0,15.0,False
Mandera,Maize (white),2007-08-15,30.0,25.0,False
Nairobi,Bread,2007-08-15,70.0,70.0,False
Kitui,Maize (white),2007-08-15,9.0,9.0,False
Marsabit,Maize (white),2007-08-15,15.0,15.0,False
Kitui,Beans (dry),2007-08-15,35.0,35.0,False
Nairobi,Bread,2007-09-15,72.5,70.0,True
Mandera,Maize (white),2007-09-15,29.0,30.0,False
Kitui,Beans (dry),2007-09-15,35.0,35.0,False
Kitui,Maize (white),2007-09-15,9.0,9.0,False
Marsabit,Maize (white),2007-09-15,18.0,15.0,False
Mandera,Maize (white),2007-10-15,31.0,29.0,False
Kitui,Maize (white),2007-10-15,9.0,9.0,False
Kitui,Beans (dry),2007-10-15,35.0,35.0,False
Marsabit,Maize (white),2007-10-15,15.0,18.0,False
Nairobi,Bread,2007-10-15,75.0,72.5,True
Kitui,Maize (white),2007-11-15,9.0,9.0,False
Mandera,Maize (white),2007-11-15,26.0,31.0,False
Kitui,Beans (dry),2007-11-15,40.0,35.0,False
Marsabit,Maize (white),2007-11-15,18.0,15.0,False
Nairobi,Bread,2007-11-15,77.5,75.0,True
Marsabit,Maize (white),2007-12-15,23.0,18.0,True
Kitui,Maize (white),2007-12-15,14.0,9.0,True
Kitui,Beans (dry),2007-12-15,50.0,40.0,True
Nairobi,Bread,2007-12-15,80.0,77.5,True
Mandera,Maize (white),2007-12-15,31.0,26.0,False
Kitui,Beans (dry),2008-01-15,55.0,50.0,False
Mandera,Maize (white),2008-01-15,31.0,31.0,False
Kitui,Maize (white),2008-01-15,16.0,14.0,False
Marsabit,Maize (white),2008-01-15,22.0,23.0,False
Nairobi,Bread,2008-01-15,82.5,80.0,True
Lodwar (Turkana),Maize (white),2008-01-15,37.0,30.0,True
Lodwar (Turkana),Maize (white),2008-02-15,38.0,37.0,False
Kitui,Maize (white),2008-02-15,15.0,16.0,False
Marsabit,Maize (white),2008-02-15,23.0,22.0,False
Kitui,Beans (dry),2008-02-15,60.0,55.0,False
Mandera,Maize (white),2008-02-15,29.0,31.0,False
Nairobi,Bread,2008-02-15,82.5,82.5,False
Lodwar (Turkana),Maize (white),2008-03-15,35.0,38.0,False
Kitui,Beans (dry),2008-03-15,60.0,60.0,False
Kitui,Maize (white),2008-03-15,15.0,15.0,False
Nairobi,Bread,2008-03-15,82.5,82.5,False
Marsabit,Maize (white),2008-03-15,24.0,23.0,False
Mandera,Maize (white),2008-03-15,33.0,29.0,False
Nairobi,Bread,2008-04-15,82.5,82.5,False
Kitui,Beans (dry),2008-04-15,40.0,60.0,True
Marsabit,Maize (white),2008-04-15,26.0,24.0,False
Kitui,Maize (white),2008-04-15,13.0,15.0,False
Lodwar (Turkana),Maize (white),2008-04-15,40.0,35.0,False
Nairobi,Bread,2008-05-15,82.5,82.5,False
Mandera,Maize (white),2008-05-15,34.0,33.0,False
Kitui,Beans (dry),2008-05-15,50.0,40.0,False
Marsabit,Maize (white),2008-05-15,27.0,26.0,False
Kitui,Maize (white),2008-05-15,20.0,13.0,True
Lodwar (Turkana),Maize (white),2008-05-15,55.0,40.0,True
Nairobi,Bread,2008-06-15,82.5,82.5,False
Kitui,Maize (white),2008-06-15,22.0,20.0,False
Marsabit,Maize (white),2008-06-15,27.0,27.0,False
Kitui,Beans (dry),2008-06-15,55.0,50.0,False
Lodwar (Turkana),Maize (white),2008-06-15,50.0,55.0,False
Mandera,Maize (white),2008-07-15,32.0,34.0,False
Lodwar (Turkana),Maize (white),2008-07-15,47.0,50.0,False
Nairobi,Bread,2008-07-15,82.5,82.5,False
Marsabit,Maize (white),2008-07-15,29.0,27.0,False
Kitui,Maize (white),2008-07-15,27.0,22.0,False
Kitui,Beans (dry),2008-07-15,70.0,55.0,True
Kitui,Maize (white),2008-08-15,30.0,27.0,False
Lodwar (Turkana),Maize (white),2008-08-15,43.0,47.0,False
Marsabit,Maize (white),2008-08-15,30.0,29.0,False
Nairobi,Bread,2008-08-15,82.5,82.5,False
Kitui,Beans (dry),2008-08-15,70.0,70.0,False
Mandera,Maize (white),2008-08-15,34.0,32.0,False
Kitui,Beans (dry),2008-09-15,70.0,70.0,False
Marsabit,Maize (white),2008-09-15,31.0,30.0,False
Nairobi,Bread,2008-09-15,85.0,82.5,True
Kitui,Maize (white),2008-09-15,30.0,30.0,False
Mandera,Maize (white),2008-09-15,34.0,34.0,False
Lodwar (Turkana),Maize (white),2008-09-15,45.0,43.0,False
Kitui,Maize (white),2008-10-15,34.0,30.0,False
Kitui,Beans (dry),2008-10-15,80.0,70.0,False
Nairobi,Bread,2008-10-15,85.0,85.0,False
Marsabit,Maize (white),2008-10-15,32.0,31.0,False
Mandera,Maize (white),2008-10-15,35.0,34.0,False
Mandera,Maize (white),2008-11-15,36.0,35.0,False
Kitui,Maize (white),2008-11-15,35.0,34.0,False
Marsabit,Maize (white),2008-11-15,42.0,32.0,True
Kitui,Beans (dry),2008-11-15,80.0,80.0,False
Nairobi,Bread,2008-11-15,85.0,85.0,False
Lodwar (Turkana),Maize (white),2008-11-15,42.0,45.0,False
Marsabit,Maize (white),2008-12-15,42.0,42.0,False
Kitui,Maize (white),2008-12-15,30.0,35.0,False
Mandera,Maize (white),2008-12-15,37.0,36.0,False
Nairobi,Bread,2008-12-15,85.0,85.0,False
Kitui,Beans (dry),2008-12-15,65.0,80.0,True
Lodwar (Turkana),Maize (white),2009-01-15,49.0,42.0,False
Mandera,Maize (white),2009-01-15,37.0,37.0,False
Kitui,Beans (dry),2009-01-15,65.0,65.0,False
Nairobi,Bread,2009-01-15,85.0,85.0,False
Kitui,Maize (white),2009-01-15,30.0,30.0,False
Marsabit,Maize (white),2009-01-15,44.0,42.0,False
Kitui,Maize (white),2009-02-15,35.0,30.0,False
Nairobi,Bread,2009-02-15,85.0,85.0,False
Marsabit,Maize (white),2009-02-15,42.0,44.0,False
Lodwar (Turkana),Maize (white),2009-02-15,43.0,49.0,False
Kitui,Beans (dry),2009-02-15,65.0,65.0,False
Nairobi,Bread,2009-03-15,85.0,85.0,False
Mandera,Maize (white),2009-03-15,37.0,37.0,False
Kitui,Maize (white),2009-03-15,35.0,35.0,False
Kitui,Beans (dry),2009-03-15,65.0,65.0,False
Marsabit,Maize (white),2009-03-15,42.0,42.0,False
Lodwar (Turkana),Maize (white),2009-03-15,40.0,43.0,False
Kitui,Beans (dry),2009-04-15,70.0,65.0,False
Lodwar (Turkana),Maize (white),2009-04-15,41.0,40.0,False
Nairobi,Bread,2009-04-15,85.0,85.0,False
Kitui,Maize (white),2009-04-15,35.0,35.0,False
Marsabit,Maize (white),2009-04-15,44.0,42.0,False
Lodwar (Turkana),Maize (white),2009-05-15,46.0,41.0,False
Kitui,Beans (dry),2009-05-15,75.0,70.0,False
Nairobi,Bread,2009-05-15,87.5,85.0,True
Kitui,Maize (white),2009-05-15,36.0,35.0,False
Marsabit,Maize (white),2009-05-15,46.0,44.0,False
Kitui,Maize (white),2009-06-15,36.0,36.0,False
Nairobi,Bread,2009-06-15,85.0,87.5,True
Kitui,Beans (dry),2009-06-15,80.0,75.0,False
Mandera,Maize (white),2009-06-15,43.0,37.0,False
Marsabit,Maize (white),2009-06-15,45.0,46.0,False
Marsabit,Maize (white),2009-07-15,47.5,45.0,False
Nairobi,Bread,2009-07-15,85.0,85.0,False
Mandera,Maize (white),2009-07-15,44.0,43.0,False
Kitui,Maize (white),2009-07-15,33.0,36.0,False
Kitui,Beans (dry),2009-07-15,70.0,80.0,False
Lodwar (Turkana),Maize (white),2009-07-15,52.0,46.0,False
Kitui,Maize (white),2009-08-15,30.0,33.0,False
Mandera,Maize (white),2009-08-15,44.0,44.0,False
Kitui,Beans (dry),2009-08-15,60.0,70.0,False
Marsabit,Maize (white),2009-08-15,42.5,47.5,True
Nairobi,Bread,2009-08-15,82.5,85.0,True
Mandera,Maize (white),2009-09-15,40.0,44.0,False
Nairobi,Bread,2009-09-15,82.5,82.5,False
Kitui,Maize (white),2009-09-15,30.0,30.0,False
Kitui,Beans (dry),2009-09-15,60.0,60.0,False
Marsabit,Maize (white),2009-09-15,43.0,42.5,False
Lodwar (Turkana),Maize (white),2009-09-15,51.0,52.0,False
Kitui,Maize (white),2009-10-15,30.0,30.0,False
Kitui,Beans (dry),2009-10-15,60.0,60.0,False
Mandera,Maize (white),2009-10-15,41.0,40.0,False
Nairobi,Bread,2009-10-15,85.0,82.5,True
Marsabit,Maize (white),2009-10-15,43.0,43.0,False
Kitui,Beans (dry),2009-11-15,60.0,60.0,False
Nairobi,Bread,2009-11-15,85.0,85.0,False
Kitui,Maize (white),2009-11-15,30.0,30.0,False
Mandera,Maize (white),2009-11-15,39.0,41.0,False
Marsabit,Maize (white),2009-11-15,43.0,43.0,False
Marsabit,Maize (white),2009-12-15,43.0,43.0,False
Nairobi,Bread,2009-12-15,85.0,85.0,False
Lodwar (Turkana),Maize (white),2009-12-15,45.8,51.0,False
Kitui,Maize (white),2009-12-15,30.0,30.0,False
Mandera,Maize (white),2009-12-15,36.0,39.0,False
Kitui,Beans (dry),2009-12-15,60.0,60.0,False
Kitui,Beans (dry),2010-01-15,60.0,60.0,False
Marsabit,Maize (white),2010-01-15,42.5,43.0,False
Nairobi,Bread,2010-01-15,85.0,85.0,False
Lodwar (Turkana),Maize (white),2010-01-15,49.6,45.8,False
Kitui,Maize (white),2010-01-15,30.0,30.0,False
Marsabit,Maize (white),2010-02-15,42.5,42.5,False
Lodwar (Turkana),Maize (white),2010-02-15,45.7,49.6,False
Nairobi,Bread,2010-02-15,85.0,85.0,False
Kitui,Beans (dry),2010-02-15,50.0,60.0,False
Kitui,Maize (white),2010-02-15,20.0,30.0,True
Kitui,Beans (dry),2010-03-15,50.0,50.0,False
Nairobi,Bread,2010-03-15,85.0,85.0,False
Marsabit,Maize (white),2010-03-15,38.0,42.5,False
Lodwar (Turkana),Maize (white),2010-03-15,44.5,45.7,False
Kitui,Maize (white),2010-03-15,16.0,20.0,False
Marsabit,Maize (white),2010-04-15,33.0,38.0,True
Kitui,Maize (white),2010-04-15,13.0,16.0,False
Lodwar (Turkana),Maize (white),2010-04-15,44.93,44.5,False
Nairobi,Bread,2010-04-15,87.5,85.0,True
Kitui,Beans (dry),2010-04-15,45.0,50.0,False
Kitui,Beans (dry),2010-05-15,45.0,45.0,False
Nairobi,Bread,2010-05-15,77.5,87.5,True
Marsabit,Maize (white),2010-05-15,32.5,33.0,False
Kitui,Maize (white),2010-05-15,13.0,13.0,False
Mandera,Maize (white),2010-05-15,36.0,36.0,False
Lodwar (Turkana),Maize (white),2010-05-15,46.0,44.93,False
Marsabit,Maize (white),2010-06-15,33.0,32.5,False
Kitui,Beans (dry),2010-06-15,40.0,45.0,False
Nairobi,Bread,2010-06-15,82.5,77.5,True
Kitui,Maize (white),2010-06-15,6.0,13.0,True
Kitui,Beans (dry),2010-07-15,45.0,40.0,False
Marsabit,Maize (white),2010-07-15,32.5,33.0,False
Mandera,Maize (white),2010-07-15,41.0,36.0,False
Kitui,Maize (white),2010-07-15,15.0,6.0,True
Nairobi,Bread,2010-07-15,85.0,82.5,False
Nairobi,Bread,2010-08-15,95.0,85.0,True
Mandera,Maize (white),2010-08-15,44.0,41.0,False
Marsabit,Maize (white),2010-08-15,32.0,32.5,False
Kitui,Beans (dry),2010-08-15,50.0,45.0,False
Kitui,Maize (white),2010-08-15,13.0,15.0,False
Lodwar (Turkana),Maize (white),2010-08-15,44.0,46.0,False
Nairobi,Bread,2010-09-15,95.0,95.0,False
Kitui,Maize (white),2010-09-15,13.0,13.0,False
Mandera,Maize (white),2010-09-15,45.0,44.0,False
Marsabit,Maize (white),2010-09-15,32.0,32.0,False
Kitui,Beans (dry),2010-09-15,50.0,50.0,False
Marsabit,Maize (white),2010-10-15,30.0,32.0,False
Lodwar (Turkana),Maize (white),2010-10-15,44.0,44.0,False
Kitui,Maize (white),2010-10-15,14.0,13.0,False
Nairobi,Bread,2010-10-15,95.0,95.0,False
Kitui,Beans (dry),2010-10-15,60.0,50.0,False
Mandera,Maize (white),2010-10-15,45.0,45.0,False
Nairobi,Bread,2010-11-15,95.0,95.0,False
Kitui,Maize (white),2010-11-15,18.0,14.0,False
Mandera,Maize (white),2010-11-15,47.0,45.0,False
Kitui,Beans (dry),2010-11-15,60.0,60.0,False
Lodwar (Turkana),Maize (white),2010-11-15,44.7,44.0,False
Marsabit,Maize (white),2010-11-15,32.0,30.0,False
Marsabit,Maize (white),2010-12-15,32.0,32.0,False
Kitui,Beans (dry),2010-12-15,60.0,60.0,False
Kitui,Maize (white),2010-12-15,16.0,18.0,False
Lodwar (Turkana),Maize (white),2010-12-15,42.29,44.7,False
Mandera,Maize (white),2010-12-15,49.0,47.0,False
Nairobi,Bread,2010-12-15,97.5,95.0,False
Kitui,Beans (dry),2011-01-15,60.0,60.0,False
Marsabit,Maize (white),2011-01-15,38.0,32.0,True
Kitui,Maize (white),2011-01-15,17.0,16.0,False
Lodwar (Turkana),Maize (white),2011-01-15,44.0,42.29,False
Nairobi,Bread,2011-01-15,95.0,97.5,False
Marsabit,Maize (white),2011-02-15,36.0,38.0,False
Lodwar (Turkana),Maize (white),2011-02-15,42.6,44.0,False
Nairobi,Bread,2011-02-15,95.0,95.0,False
Mandera,Maize (white),2011-02-15,51.0,49.0,False
Kitui,Maize (white),2011-02-15,17.0,17.0,False
Kitui,Beans (dry),2011-02-15,70.0,60.0,False
Marsabit,Maize (white),2011-03-15,36.0,36.0,False
Nairobi,Bread,2011-03-15,100.0,95.0,True
Lodwar (Turkana),Maize (white),2011-03-15,46.0,42.6,False
Kitui,Beans (dry),2011-03-15,70.0,70.0,False
Kitui,Maize (white),2011-03-15,22.0,17.0,False
Lodwar (Turkana),Maize (white),2011-04-15,54.9,46.0,True
Nairobi,Bread,2011-04-15,100.0,100.0,False
Marsabit,Maize (white),2011-04-15,44.0,36.0,True
Mandera,Maize (white),2011-04-15,54.0,51.0,False
Kitui,Maize (white),2011-04-15,30.0,22.0,True
Kitui,Beans (dry),2011-04-15,80.0,70.0,False
Kitui,Maize (white),2011-05-15,45.0,30.0,True
Lodwar (Turkana),Maize (white),2011-05-15,60.0,54.9,False
Kitui,Beans (dry),2011-05-15,85.0,80.0,False
Nairobi,Bread,2011-05-15,100.0,100.0,False
Marsabit,Maize (white),2011-05-15,44.6,44.0,False
Mandera,Maize (white),2011-05-15,57.0,54.0,False
Nairobi,Bread,2011-06-15,100.0,100.0,False
Marsabit,Maize (white),2011-06-15,45.6,44.6,False
Lodwar (Turkana),Maize (white),2011-06-15,64.0,60.0,False
Kitui,Maize (white),2011-06-15,46.0,45.0,False
Mandera,Maize (white),2011-06-15,59.0,57.0,False
Kitui,Beans (dry),2011-06-15,85.0,85.0,False
Kitui,Maize (white),2011-07-15,45.0,46.0,False
Mandera,Maize (white),2011-07-15,63.0,59.0,False
Kitui,Beans (dry),2011-07-15,85.0,85.0,False
Nairobi,Bread,2011-07-15,102.5,100.0,False
Marsabit,Maize (white),2011-07-15,53.0,45.6,True
Lodwar (Turkana),Maize (white),2011-08-15,72.73,64.0,True
Nairobi,Bread,2011-08-15,100.0,102.5,False
Mandera,Maize (white),2011-08-15,63.0,63.0,False
Kitui,Maize (white),2011-08-15,39.0,45.0,False
Marsabit,Maize (white),2011-08-15,59.16,53.0,True
Kitui,Beans (dry),2011-08-15,86.0,85.0,False
Kitui,Beans (dry),2011-09-15,75.0,86.0,False
Mandera,Maize (white),2011-09-15,65.0,63.0,False
Marsabit,Maize (white),2011-09-15,62.22,59.16,False
Kitui,Maize (white),2011-09-15,41.0,39.0,False
Nairobi,Bread,2011-09-15,100.0,100.0,False
Mandera,Maize (white),2011-10-15,67.0,65.0,False
Kitui,Maize (white),2011-10-15,40.62,41.0,False
Nairobi,Bread,2011-10-15,100.0,100.0,False
Lodwar (Turkana),Maize (white),2011-10-15,64.3,72.73,True
Kitui,Beans (dry),2011-10-15,77.47,75.0,False
Kitui,Beans (dry),2011-11-15,76.53,77.47,False
Kitui,Maize (white),2011-11-15,41.63,40.62,False
Mandera,Maize (white),2011-11-15,65.0,67.0,False
Nairobi,Bread,2011-11-15,102.5,100.0,False
Mandera,Maize (white),2011-12-15,60.0,65.0,False
Kitui,Maize (white),2011-12-15,42.55,41.63,False
Kitui,Beans (dry),2011-12-15,96.27,76.53,True
Nairobi,Bread,2011-12-15,100.0,102.5,False
Marsabit,Maize (white),2012-01-15,50.9,62.22,True
Kitui,Beans (dry),2012-01-15,72.0,96.27,True
Kitui,Maize (white),2012-01-15,42.0,42.55,False
Nairobi,Bread,2012-01-15,107.5,100.0,True
Lodwar (Turkana),Maize (white),2012-01-15,61.35,64.3,False
Mandera,Maize (white),2012-01-15,76.0,60.0,True
Kitui,Maize (white),2012-02-15,38.0,42.0,False
Lodwar (Turkana),Maize (white),2012-02-15,56.0,61.35,False
Marsabit,Maize (white),2012-02-15,44.1,50.9,True
Nairobi,Bread,2012-02-15,107.5,107.5,False
Kitui,Beans (dry),2012-02-15,72.0,72.0,False
Mandera,Maize (white),2012-03-15,78.0,76.0,False
Kitui,Maize (white),2012-03-15,37.0,38.0,False
Lodwar (Turkana),Maize (white),2012-03-15,54.98,56.0,False
Marsabit,Maize (white),2012-03-15,49.12,44.1,False
Kitui,Beans (dry),2012-03-15,74.31,72.0,False
Nairobi,Bread,2012-03-15,112.5,107.5,True
Nairobi,Bread,2012-04-15,120.0,112.5,True
Kitui,Maize (white),2012-04-15,37.0,37.0,False
Marsabit,Maize (white),2012-04-15,50.54,49.12,False
Lodwar (Turkana),Maize (white),2012-04-15,60.13,54.98,False
Mandera,Maize (white),2012-04-15,78.24,78.0,False
Kitui,Beans (dry),2012-04-15,78.35,74.31,False
Lodwar (Turkana),Maize (white),2012-05-15,58.75,60.13,False
Marsabit,Maize (white),2012-05-15,44.5,50.54,False
Kitui,Beans (dry),2012-05-15,77.86,78.35,False
Kitui,Maize (white),2012-05-15,41.0,37.0,False
Nairobi,Bread,2012-05-15,120.0,120.0,False
Mandera,Maize (white),2012-06-15,79.0,78.24,False
Lodwar (Turkana),Maize (white),2012-06-15,58.65,58.75,False
Nairobi,Bread,2012-06-15,112.5,120.0,True
Kitui,Beans (dry),2012-06-15,83.0,77.86,False
Marsabit,Maize (white),2012-06-15,52.94,44.5,True
Kitui,Maize (white),2012-06-15,41.0,41.0,False
Nairobi,Bread,2012-07-15,107.5,112.5,False
Mandera,Maize (white),2012-07-15,80.0,79.0,False
Marsabit,Maize (white),2012-07-15,50.12,52.94,False
Kitui,Maize (white),2012-07-15,41.0,41.0,False
Kitui,Beans (dry),2012-07-15,82.0,83.0,False
Nairobi,Bread,2012-08-15,107.5,107.5,False
Marsabit,Maize (white),2012-08-15,51.6,50.12,False
Mandera,Maize (white),2012-08-15,80.0,80.0,False
Kitui,Maize (white),2012-08-15,42.0,41.0,False
Kitui,Beans (dry),2012-08-15,81.0,82.0,False
Nairobi,Bread,2012-09-15,100.0,107.5,True
Lodwar (Turkana),Maize (white),2012-09-15,66.0,58.65,False
Kitui,Beans (dry),2012-09-15,84.0,81.0,False
Marsabit,Maize (white),2012-09-15,51.2,51.6,False
Kitui,Maize (white),2012-09-15,40.0,42.0,False
Mandera,Maize (white),2012-09-15,80.0,80.0,False
Kitui,Maize (white),2012-10-15,40.0,40.0,False
Mandera,Maize (white),2012-10-15,79.0,80.0,False
Nairobi,Bread,2012-10-15,100.0,100.0,False
Marsabit,Maize (white),2012-10-15,51.7,51.2,False
Kitui,Beans (dry),2012-10-15,80.0,84.0,False
Kitui,Beans (dry),2012-11-15,81.0,80.0,False
Nairobi,Bread,2012-11-15,95.0,100.0,False
Mandera,Maize (white),2012-11-15,79.0,79.0,False
Kitui,Maize (white),2012-11-15,39.0,40.0,False
Marsabit,Maize (white),2012-11-15,51.8,51.7,False
Kitui,Maize (white),2012-12-15,37.0,39.0,False
Nairobi,Bread,2012-12-15,90.0,95.0,False
Kitui,Beans (dry),2012-12-15,77.0,81.0,False
Lodwar (Turkana),Maize (white),2012-12-15,81.83,66.0,True
Mandera,Maize (white),2012-12-15,80.0,79.0,False
Marsabit,Maize (white),2012-12-15,50.4,51.8,False
Mandera,Maize (white),2013-01-15,78.0,80.0,False
Nairobi,Bread,2013-01-15,107.5,90.0,True
Kitui,Beans (dry),2013-01-15,60.0,77.0,True
Kitui,Maize (white),2013-01-15,37.0,37.0,False
Marsabit,Maize (white),2013-01-15,53.4,50.4,False
Lodwar (Turkana),Maize (white),2013-01-15,75.8,81.83,False
Kitui,Maize (white),2013-02-15,33.0,37.0,False
Kitui,Beans (dry),2013-02-15,65.6,60.0,False
Nairobi,Bread,2013-02-15,115.0,107.5,True
Lodwar (Turkana),Maize (white),2013-02-15,78.78,75.8,False
Marsabit,Maize (white),2013-02-15,47.5,53.4,False
Lodwar (Turkana),Maize (white),2013-03-15,82.7,78.78,False
Nairobi,Bread,2013-03-15,115.0,115.0,False
Kitui,Maize (white),2013-03-15,30.0,33.0,False
Mandera,Maize (white),2013-03-15,79.0,78.0,False
Kitui,Beans (dry),2013-03-15,67.0,65.6,False
Nairobi,Bread,2013-04-15,110.0,115.0,False
Marsabit,Maize (white),2013-04-15,47.6,47.5,False
Kitui,Maize (white),2013-04-15,34.0,30.0,False
Mandera,Maize (white),2013-04-15,80.0,79.0,False
Lodwar (Turkana),Maize (white),2013-04-15,87.8,82.7,False
Kitui,Beans (dry),2013-04-15,73.0,67.0,False
Mandera,Maize (white),2013-05-15,80.0,80.0,False
Kitui,Maize (white),2013-05-15,31.0,34.0,False
Nairobi,Bread,2013-05-15,112.5,110.0,False
Kitui,Beans (dry),2013-05-15,76.0,73.0,False
Marsabit,Maize (white),2013-05-15,50.3,47.6,False
Kitui,Beans (dry),2013-06-15,75.0,76.0,False
Marsabit,Maize (white),2013-06-15,45.0,50.3,False
Nairobi,Bread,2013-06-15,110.0,112.5,False
Mandera,Maize (white),2013-06-15,78.0,80.0,False
Kitui,Maize (white),2013-06-15,33.0,31.0,False
Kitui,Beans (dry),2013-07-15,71.0,75.0,False
Mandera,Maize (white),2013-07-15,83.0,78.0,False
Nairobi,Bread,2013-07-15,112.5,110.0,False
Kitui,Maize (white),2013-07-15,32.0,33.0,False
Marsabit,Maize (white),2013-07-15,50.5,45.0,False
Nairobi,Bread,2013-08-15,115.0,112.5,False
Marsabit,Maize (white),2013-08-15,50.4,50.5,False
Kitui,Beans (dry),2013-08-15,74.0,71.0,False
Mandera,Maize (white),2013-08-15,76.0,83.0,False
Kitui,Maize (white),2013-08-15,33.0,32.0,False
Marsabit,Maize (white),2013-09-15,43.75,50.4,False
Lodwar (Turkana),Maize (white),2013-09-15,71.88,87.8,True
Nairobi,Bread,2013-09-15,120.0,115.0,False
Mandera,Maize (white),2013-09-15,67.0,76.0,True
Kitui,Beans (dry),2013-09-15,78.0,74.0,False
Kitui,Maize (white),2013-09-15,34.0,33.0,False
Nairobi,Bread,2013-10-15,125.0,120.0,False
Kitui,Maize (white),2013-10-15,37.0,34.0,False
Marsabit,Maize (white),2013-10-15,52.38,43.75,True
Kitui,Beans (dry),2013-10-15,77.0,78.0,False
Lodwar (Turkana),Maize (white),2013-10-15,74.17,71.88,False
Mandera,Maize (white),2013-10-15,69.0,67.0,False
Lodwar (Turkana),Maize (white),2013-11-15,74.58,74.17,False
Marsabit,Maize (white),2013-11-15,55.34,52.38,False
Kitui,Beans (dry),2013-11-15,78.0,77.0,False
Kitui,Maize (white),2013-11-15,38.0,37.0,False
Mandera,Maize (white),2013-11-15,67.0,69.0,False
Nairobi,Bread,2013-11-15,125.0,125.0,False
Kitui,Maize (white),2013-12-15,38.0,38.0,False
Marsabit,Maize (white),2013-12-15,56.77,55.34,False
Mandera,Maize (white),2013-12-15,64.0,67.0,False
Nairobi,Bread,2013-12-15,117.5,125.0,True
Kitui,Beans (dry),2013-12-15,73.0,78.0,False
Marsabit,Maize (white),2014-01-15,53.36,56.77,False
Kitui,Maize (white),2014-01-15,37.0,38.0,False
Lodwar (Turkana),Maize (white),2014-01-15,84.0,74.58,False
Nairobi,Bread,2014-01-15,123.75,117.5,False
Kitui,Beans (dry),2014-01-15,74.0,73.0,False
Kitui,Beans (dry),2014-02-15,78.75,74.0,False
Kitui,Maize (white),2014-02-15,35.0,37.0,False
Mandera,Maize (white),2014-02-15,57.0,64.0,False
Marsabit,Maize (white),2014-02-15,50.96,53.36,False
Nairobi,Bread,2014-02-15,120.82499999999999,123.75,False
Lodwar (Turkana),Maize (white),2014-02-15,78.05,84.0,False
Marsabit,Maize (white),2014-03-15,48.16,50.96,False
Nairobi,Bread,2014-03-15,119.375,120.82499999999999,False
Mandera,Maize (white),2014-03-15,57.0,57.0,False
Kitui,Beans (dry),2014-03-15,79.0,78.75,False
Kitui,Maize (white),2014-03-15,36.0,35.0,False
Lodwar (Turkana),Maize (white),2014-04-15,70.1,78.05,False
Kitui,Maize (white),2014-04-15,36.0,36.0,False
Nairobi,Bread,2014-04-15,112.5,119.375,False
Marsabit,Maize (white),2014-04-15,44.7,48.16,False
Kitui,Beans (dry),2014-04-15,80.0,79.0,False
Kitui,Maize (white),2014-05-15,37.0,36.0,False
Nairobi,Bread,2014-05-15,121.875,112.5,True
Mandera,Maize (white),2014-05-15,56.0,57.0,False
Marsabit,Maize (white),2014-05-15,46.67,44.7,False
Kitui,Beans (dry),2014-05-15,81.0,80.0,False
Kitui,Maize (white),2014-06-15,38.0,37.0,False
Lodwar (Turkana),Maize (white),2014-06-15,81.83,70.1,True
Kitui,Beans (dry),2014-06-15,81.0,81.0,False
Nairobi,Bread,2014-06-15,117.2,121.875,False
Mandera,Maize (white),2014-06-15,57.0,56.0,False
Marsabit,Maize (white),2014-06-15,51.5,46.67,False
Kitui,Beans (dry),2014-07-15,77.0,81.0,False
Nairobi,Bread,2014-07-15,112.5,117.2,False
Mandera,Maize (white),2014-07-15,59.0,57.0,False
Kitui,Maize (white),2014-07-15,39.0,38.0,False
Marsabit,Maize (white),2014-07-15,49.6,51.5,False
Marsabit,Maize (white),2014-08-15,53.6,49.6,False
Mandera,Maize (white),2014-08-15,61.0,59.0,False
Nairobi,Bread,2014-08-15,110.0,112.5,False
Kitui,Beans (dry),2014-08-15,75.0,77.0,False
Kitui,Maize (white),2014-08-15,36.0,39.0,False
Marsabit,Maize (white),2014-09-15,49.1,53.6,False
Kitui,Maize (white),2014-09-15,34.0,36.0,False
Nairobi,Bread,2014-09-15,117.5,110.0,True
Mandera,Maize (white),2014-09-15,63.0,61.0,False
Kitui,Beans (dry),2014-09-15,72.5,75.0,False
Marsabit,Maize (white),2014-10-15,51.2,49.1,False
Nairobi,Bread,2014-10-15,125.0,117.5,False
Kitui,Beans (dry),2014-10-15,72.5,72.5,False
Kitui,Maize (white),2014-10-15,32.0,34.0,False
Mandera,Maize (white),2014-10-15,66.0,63.0,False
Kitui,Maize (white),2014-11-15,32.0,32.0,False
Marsabit,Maize (white),2014-11-15,50.7,51.2,False
Nairobi,Bread,2014-11-15,125.0,125.0,False
Kitui,Beans (dry),2014-11-15,76.0,72.5,False
Mandera,Maize (white),2014-11-15,64.0,66.0,False
Kitui,Beans (dry),2014-12-15,66.0,76.0,False
Kitui,Maize (white),2014-12-15,30.0,32.0,False
Mandera,Maize (white),2014-12-15,60.0,64.0,False
Marsabit,Maize (white),2014-12-15,48.8,50.7,False
Nairobi,Bread,2014-12-15,125.0,125.0,False
Lodwar (Turkana),Maize (white),2014-12-15,79.0,81.83,False
Marsabit,Maize (white),2015-01-15,48.9,48.8,False
Kilifi,Maize (white),2015-01-15,33.9,,False
Nairobi,Bread,2015-01-15,120.0,125.0,False
Kilifi,Beans (dry),2015-01-15,83.1,,False
Kajiado,Maize (white),2015-01-15,41.1,,False
Marigat (Baringo),Beans (dry),2015-01-15,104.0,,False
Marigat (Baringo),Maize (white),2015-01-15,42.0,,False
Kajiado,Beans (dry),2015-01-15,87.3,,False
Kitui,Beans (dry),2015-01-15,69.0,66.0,False
Hola (Tana River),Maize (white),2015-01-15,35.0,,False
Lodwar (Turkana),Maize (white),2015-01-15,82.0,79.0,False
Mandera,Maize (white),2015-01-15,66.0,60.0,False
Kitui,Maize (white),2015-01-15,29.0,30.0,False
Marsabit,Maize (white),2015-02-15,52.1,48.9,False
Hola (Tana River),Maize (white),2015-02-15,35.0,35.0,False
Lodwar (Turkana),Maize (white),2015-02-15,74.0,82.0,False
Kitui,Beans (dry),2015-02-15,71.0,69.0,False
Kajiado,Beans (dry),2015-02-15,81.9,87.3,False
Kitui,Maize (white),2015-02-15,29.0,29.0,False
Nairobi,Bread,2015-02-15,120.0,120.0,False
Kilifi,Maize (white),2015-02-15,37.5,33.9,False
Kilifi,Beans (dry),2015-02-15,87.4,83.1,False
Kajiado,Maize (white),2015-02-15,40.2,41.1,False
Mandera,Maize (white),2015-02-15,66.0,66.0,False
Marigat (Baringo),Maize (white),2015-02-15,47.0,42.0,False
Marigat (Baringo),Beans (dry),2015-02-15,107.0,104.0,False
Kilifi,Maize (white),2015-03-15,37.7,37.5,False
Kajiado,Maize (white),2015-03-15,41.5,40.2,False
Kitui,Maize (white),2015-03-15,30.0,29.0,False
Lodwar (Turkana),Maize (white),2015-03-15,70.0,74.0,False
Marigat (Baringo),Maize (white),2015-03-15,38.0,47.0,False
Marigat (Baringo),Beans (dry),2015-03-15,112.0,107.0,False
Mandera,Maize (white),2015-03-15,68.0,66.0,False
Marsabit,Maize (white),2015-03-15,49.4,52.1,False
Kilifi,Beans (dry),2015-03-15,86.1,87.4,False
Nairobi,Bread,2015-03-15,125.0,120.0,False
Hola (Tana River),Maize (white),2015-03-15,31.0,35.0,False
Kajiado,Beans (dry),2015-03-15,82.2,81.9,False
Kitui,Beans (dry),2015-03-15,75.0,71.0,False
Kitui,Maize (white),2015-04-15,33.0,30.0,False
Marigat (Baringo),Maize (white),2015-04-15,42.0,38.0,False
Nairobi,Bread,2015-04-15,125.0,125.0,False
Mandera,Maize (white),2015-04-15,68.0,68.0,False
Marigat (Baringo),Beans (dry),2015-04-15,105.0,112.0,False
Kajiado,Maize (white),2015-04-15,41.0,41.5,False
Marsabit,Maize (white),2015-04-15,48.4,49.4,False
Hola (Tana River),Maize (white),2015-04-15,31.0,31.0,False
Kitui,Beans (dry),2015-04-15,86.0,75.0,False
Kilifi,Maize (white),2015-04-15,37.0,37.7,False
Kilifi,Beans (dry),2015-04-15,88.9,86.1,False
Kajiado,Beans (dry),2015-04-15,85.0,82.2,False
Lodwar (Turkana),Maize (white),2015-04-15,78.0,70.0,False
Nairobi,Bread,2015-05-15,125.0,125.0,False
Kitui,Beans (dry),2015-05-15,90.0,86.0,False
Kitui,Maize (white),2015-05-15,37.0,33.0,False
Kajiado,Beans (dry),2015-05-15,90.0,85.0,False
Marigat (Baringo),Maize (white),2015-05-15,45.0,42.0,False
Hola (Tana River),Maize (white),2015-05-15,38.0,31.0,False
Mandera,Maize (white),2015-05-15,65.0,68.0,False
Garissa,Maize (white),2015-05-15,60.0,,False
Kilifi,Maize (white),2015-05-15,36.0,37.0,False
Marigat (Baringo),Beans (dry),2015-05-15,106.0,105.0,False
Kajiado,Maize (white),2015-05-15,44.0,41.0,False
Kilifi,Beans (dry),2015-05-15,93.0,88.9,False
Marsabit,Maize (white),2015-05-15,48.8,48.4,False
Kajiado,Beans (dry),2015-06-15,95.0,90.0,False
Marsabit,Maize (white),2015-06-15,49.2,48.8,False
Kilifi,Maize (white),2015-06-15,36.0,36.0,False
Kajiado,Maize (white),2015-06-15,50.0,44.0,False
Mandera,Maize (white),2015-06-15,65.0,65.0,False
Marigat (Baringo),Beans (dry),2015-06-15,113.0,106.0,False
Kilifi,Beans (dry),2015-06-15,95.0,93.0,False
Lodwar (Turkana),Maize (white),2015-06-15,73.0,78.0,False
Nairobi,Bread,2015-06-15,125.0,125.0,False
Kitui,Beans (dry),2015-06-15,91.0,90.0,False
Marigat (Baringo),Maize (white),2015-06-15,45.0,45.0,False
Kitui,Maize (white),2015-06-15,35.0,37.0,False
Hola (Tana River),Maize (white),2015-06-15,36.0,38.0,False
Kitui,Maize (white),2015-07-15,37.0,35.0,False
Hola (Tana River),Maize (white),2015-07-15,42.0,36.0,False
Mandera,Maize (white),2015-07-15,67.0,65.0,False
Kajiado,Maize (white),2015-07-15,50.0,50.0,False
Lodwar (Turkana),Maize (white),2015-07-15,75.0,73.0,False
Kilifi,Maize (white),2015-07-15,34.0,36.0,False
Marigat (Baringo),Beans (dry),2015-07-15,105.0,113.0,False
Marsabit,Maize (white),2015-07-15,51.3,49.2,False
Marigat (Baringo),Maize (white),2015-07-15,44.0,45.0,False
Nairobi,Bread,2015-07-15,125.0,125.0,False
Kilifi,Beans (dry),2015-07-15,96.0,95.0,False
Kajiado,Beans (dry),2015-07-15,96.0,95.0,False
Kitui,Beans (dry),2015-07-15,79.0,91.0,False
Kilifi,Maize (white),2015-08-15,35.0,34.0,False
Mandera,Maize (white),2015-08-15,68.0,67.0,False
Lodwar (Turkana),Maize (white),2015-08-15,82.0,75.0,False
Kajiado,Maize (white),2015-08-15,46.0,50.0,False
Kajiado,Beans (dry),2015-08-15,91.0,96.0,False
Nairobi,Bread,2015-08-15,125.0,125.0,False
Marigat (Baringo),Beans (dry),2015-08-15,102.0,105.0,False
Kitui,Maize (white),2015-08-15,36.0,37.0,False
Kitui,Beans (dry),2015-08-15,78.0,79.0,False
Hola (Tana River),Maize (white),2015-08-15,41.0,42.0,False
Kilifi,Beans (dry),2015-08-15,96.0,96.0,False
Marsabit,Maize (white),2015-08-15,50.3,51.3,False
Marigat (Baringo),Maize (white),2015-08-15,46.0,44.0,False
Kilifi,Beans (dry),2015-09-15,91.0,96.0,True
Marigat (Baringo),Beans (dry),2015-09-15,102.0,102.0,False
Kitui,Beans (dry),2015-09-15,74.0,78.0,False
Kilifi,Maize (white),2015-09-15,35.0,35.0,False
Hola (Tana River),Maize (white),2015-09-15,39.25,41.0,False
Kitui,Maize (white),2015-09-15,33.0,36.0,False
Nairobi,Bread,2015-09-15,125.0,125.0,False
Mandera,Maize (white),2015-09-15,65.0,68.0,False
Kajiado,Beans (dry),2015-09-15,94.0,91.0,False
Marigat (Baringo),Maize (white),2015-09-15,44.0,46.0,False
Marsabit,Maize (white),2015-09-15,51.4,50.3,False
Kajiado,Maize (white),2015-09-15,48.0,46.0,False
Garissa,Maize (white),2015-09-15,50.0,60.0,False
Marigat (Baringo),Beans (dry),2015-10-15,103.0,102.0,False
Mandera,Maize (white),2015-10-15,65.0,65.0,False
Garissa,Maize (white),2015-10-15,50.0,50.0,False
Marigat (Baringo),Maize (white),2015-10-15,37.0,44.0,False
Kitui,Beans (dry),2015-10-15,79.0,74.0,False
Kilifi,Beans (dry),2015-10-15,87.0,91.0,False
Marsabit,Maize (white),2015-10-15,51.6,51.4,False
Nairobi,Bread,2015-10-15,125.0,125.0,False
Kilifi,Maize (white),2015-10-15,38.0,35.0,False
Kajiado,Beans (dry),2015-10-15,96.0,94.0,False
Hola (Tana River),Maize (white),2015-10-15,31.25,39.25,True
Kitui,Maize (white),2015-10-15,34.0,33.0,False
Kajiado,Maize (white),2015-10-15,50.0,48.0,False
Kitui,Maize (white),2015-11-15,33.0,34.0,False
Hola (Tana River),Maize (white),2015-11-15,44.47,31.25,True
Kajiado,Maize (white),2015-11-15,51.25,50.0,False
Garissa,Maize (white),2015-11-15,50.0,50.0,False
Kitui,Beans (dry),2015-11-15,78.0,79.0,False
Nairobi,Bread,2015-11-15,125.0,125.0,False
Marigat (Baringo),Maize (white),2015-11-15,39.0,37.0,False
Kajiado,Beans (dry),2015-11-15,96.67,96.0,False
Kilifi,Maize (white),2015-11-15,37.0,38.0,False
Kilifi,Beans (dry),2015-11-15,88.0,87.0,False
Mandera,Maize (white),2015-11-15,66.0,65.0,False
Marigat (Baringo),Beans (dry),2015-11-15,94.0,103.0,False
Garissa,Maize (white),2015-12-15,50.0,50.0,False
Kitui,Maize (white),2015-12-15,33.0,33.0,False
Marigat (Baringo),Beans (dry),2015-12-15,101.0,94.0,False
Kilifi,Maize (white),2015-12-15,37.0,37.0,False
Mandera,Maize (white),2015-12-15,65.0,66.0,False
Marigat (Baringo),Maize (white),2015-12-15,41.0,39.0,False
Marsabit,Maize (white),2015-12-15,51.2,51.6,False
Kajiado,Beans (dry),2015-12-15,91.07,96.67,False
Kajiado,Maize (white),2015-12-15,48.33,51.25,False
Kilifi,Beans (dry),2015-12-15,88.0,88.0,False
Kitui,Beans (dry),2015-12-15,77.0,78.0,False
Nairobi,Bread,2015-12-15,125.0,125.0,False
Nairobi,Bread,2016-01-15,125.0,125.0,False
Hola (Tana River),Maize (white),2016-01-15,39.17,44.47,False
Garissa,Maize (white),2016-01-15,50.0,50.0,False
Kitui,Maize (white),2016-01-15,31.0,33.0,False
Kilifi,Beans (dry),2016-01-15,90.0,88.0,False
Kajiado,Maize (white),2016-01-15,48.0,48.33,False
Lodwar (Turkana),Maize (white),2016-01-15,81.0,82.0,False
Marigat (Baringo),Beans (dry),2016-01-15,108.0,101.0,False
Mandera,Maize (white),2016-01-15,60.0,65.0,False
Marsabit,Maize (white),2016-01-15,48.0,51.2,False
Kilifi,Maize (white),2016-01-15,38.0,37.0,False
Kajiado,Beans (dry),2016-01-15,73.0,91.07,True
Marigat (Baringo),Maize (white),2016-01-15,41.0,41.0,False
Kitui,Beans (dry),2016-01-15,73.0,77.0,False
Lodwar (Turkana),Maize (white),2016-02-15,75.0,81.0,False
Kajiado,Maize (white),2016-02-15,47.5,48.0,False
Kitui,Maize (white),2016-02-15,31.0,31.0,False
Garissa,Maize (white),2016-02-15,50.0,50.0,False
Kitui,Beans (dry),2016-02-15,74.0,73.0,False
Kilifi,Maize (white),2016-02-15,39.0,38.0,False
Marigat (Baringo),Beans (dry),2016-02-15,97.0,108.0,False
Marsabit,Maize (white),2016-02-15,47.3,48.0,False
Marigat (Baringo),Maize (white),2016-02-15,39.0,41.0,False
Kilifi,Beans (dry),2016-02-15,87.0,90.0,False
Kajiado,Beans (dry),2016-02-15,73.0,73.0,False
Hola (Tana River),Maize (white),2016-02-15,39.38,39.17,False
Nairobi,Bread,2016-02-15,130.0,125.0,False
Kitui,Beans (dry),2016-03-15,72.0,74.0,False
Kajiado,Maize (white),2016-03-15,48.33,47.5,False
Marsabit,Maize (white),2016-03-15,47.7,47.3,False
Kajiado,Beans (dry),2016-03-15,79.17,73.0,False
Nairobi,Bread,2016-03-15,125.0,130.0,False
Kitui,Maize (white),2016-03-15,29.0,31.0,False
Kilifi,Maize (white),2016-03-15,39.0,39.0,False
Mandera,Maize (white),2016-03-15,62.0,60.0,False
Marigat (Baringo),Beans (dry),2016-03-15,96.0,97.0,False
Lodwar (Turkana),Maize (white),2016-03-15,76.0,75.0,False
Hola (Tana River),Maize (white),2016-03-15,38.35,39.38,False
Marigat (Baringo),Maize (white),2016-03-15,40.0,39.0,False
Kilifi,Beans (dry),2016-03-15,84.0,87.0,False
Kitui,Maize (white),2016-04-15,29.0,29.0,False
Kitui,Beans (dry),2016-04-15,71.0,72.0,False
Kitui,Beans (dry),2016-05-15,72.0,71.0,False
Marsabit,Maize (white),2016-05-15,43.0,47.7,False
Kilifi,Maize (white),2016-05-15,38.0,39.0,False
Kajiado,Maize (white),2016-05-15,47.0,48.33,False
Kilifi,Beans (dry),2016-05-15,86.0,84.0,False
Marigat (Baringo),Beans (dry),2016-05-15,97.0,96.0,False
Marigat (Baringo),Maize (white),2016-05-15,43.0,40.0,False
Hola (Tana River),Maize (white),2016-05-15,41.67,38.35,False
Kitui,Maize (white),2016-05-15,28.0,29.0,False
Nairobi,Bread,2016-05-15,120.0,125.0,False
Kajiado,Beans (dry),2016-05-15,83.0,79.17,False
Kajiado,Beans (dry),2016-06-15,80.0,83.0,False
Kilifi,Maize (white),2016-06-15,44.0,38.0,True
Marigat (Baringo),Maize (white),2016-06-15,39.0,43.0,False
Hola (Tana River),Maize (white),2016-06-15,41.7,41.67,False
Kitui,Maize (white),2016-06-15,28.0,28.0,False
Lodwar (Turkana),Maize (white),2016-06-15,75.0,76.0,False
Kitui,Beans (dry),2016-06-15,73.0,72.0,False
Marigat (Baringo),Beans (dry),2016-06-15,90.0,97.0,False
Kilifi,Beans (dry),2016-06-15,83.0,86.0,False
Marsabit,Maize (white),2016-06-15,43.9,43.0,False
Kajiado,Maize (white),2016-06-15,45.0,47.0,False
Nairobi,Bread,2016-06-15,120.0,120.0,False
Kajiado,Maize (white),2016-07-15,44.0,45.0,False
Kilifi,Maize (white),2016-07-15,40.0,44.0,False
Marsabit,Maize (white),2016-07-15,42.4,43.9,False
Kilifi,Beans (dry),2016-07-15,89.0,83.0,True
Garissa,Maize (white),2016-07-15,50.0,50.0,False
Kajiado,Beans (dry),2016-07-15,80.0,80.0,False
Marigat (Baringo),Maize (white),2016-07-15,41.0,39.0,False
Nairobi,Bread,2016-07-15,125.0,120.0,False
Marigat (Baringo),Beans (dry),2016-07-15,103.0,90.0,True
Hola (Tana River),Maize (white),2016-07-15,49.54,41.7,False
Kitui,Maize (white),2016-07-15,31.0,28.0,False
Mandera,Maize (white),2016-07-15,66.0,62.0,False
Kitui,Beans (dry),2016-07-15,75.0,73.0,False
Nairobi,Bread,2016-08-15,125.0,125.0,False
Garissa,Maize (white),2016-08-15,50.0,50.0,False
Kajiado,Beans (dry),2016-08-15,83.0,80.0,False
Marigat (Baringo),Beans (dry),2016-08-15,94.0,103.0,False
Mandera,Maize (white),2016-08-15,64.0,66.0,False
Marsabit,Maize (white),2016-08-15,42.7,42.4,False
Marigat (Baringo),Maize (white),2016-08-15,41.0,41.0,False
Hola (Tana River),Maize (white),2016-08-15,53.45,49.54,False
Kajiado,Maize (white),2016-08-15,44.0,44.0,False
Kilifi,Maize (white),2016-08-15,39.0,40.0,False
Kitui,Beans (dry),2016-08-15,78.0,75.0,False
Kilifi,Beans (dry),2016-08-15,88.0,89.0,False
Lodwar (Turkana),Maize (white),2016-08-15,69.0,75.0,False
Kitui,Maize (white),2016-08-15,33.0,31.0,False
Hola (Tana River),Maize (white),2016-09-15,54.0,53.45,False
Kilifi,Beans (dry),2016-09-15,88.0,88.0,False
Marsabit,Maize (white),2016-09-15,43.3,42.7,False
Marigat (Baringo),Maize (white),2016-09-15,37.0,41.0,False
Garissa,Maize (white),2016-09-15,50.0,50.0,False
Kitui,Beans (dry),2016-09-15,73.0,78.0,False
Kitui,Maize (white),2016-09-15,34.0,33.0,False
Kajiado,Maize (white),2016-09-15,43.0,44.0,False
Nairobi,Bread,2016-09-15,115.0,125.0,True
Kilifi,Maize (white),2016-09-15,42.0,39.0,False
Lodwar (Turkana),Maize (white),2016-09-15,71.0,69.0,False
Kajiado,Beans (dry),2016-09-15,87.0,83.0,False
Marigat (Baringo),Beans (dry),2016-09-15,90.0,94.0,False
Mandera,Maize (white),2016-09-15,46.6,64.0,True
Mandera,Maize (white),2016-10-15,63.0,46.6,True
Kajiado,Maize (white),2016-10-15,46.0,43.0,False
Garissa,Maize (white),2016-10-15,55.0,50.0,False
Marigat (Baringo),Maize (white),2016-10-15,43.0,37.0,False
Marsabit,Maize (white),2016-10-15,46.5,43.3,False
Kitui,Beans (dry),2016-10-15,77.5,73.0,False
Marigat (Baringo),Beans (dry),2016-10-15,98.0,90.0,False
Hola (Tana River),Maize (white),2016-10-15,58.0,54.0,False
Kilifi,Maize (white),2016-10-15,42.0,42.0,False
Lodwar (Turkana),Maize (white),2016-10-15,73.0,71.0,False
Kilifi,Beans (dry),2016-10-15,92.0,88.0,False
Kajiado,Beans (dry),2016-10-15,92.0,87.0,False
Kitui,Maize (white),2016-10-15,34.0,34.0,False
Nairobi,Bread,2016-10-15,112.5,115.0,False
Marigat (Baringo),Maize (white),2016-11-15,48.0,43.0,False
Marsabit,Maize (white),2016-11-15,45.8,46.5,False
Kitui,Beans (dry),2016-11-15,77.5,77.5,False
Kilifi,Maize (white),2016-11-15,42.0,42.0,False
Kilifi,Beans (dry),2016-11-15,92.0,92.0,False
Lodwar (Turkana),Maize (white),2016-11-15,74.0,73.0,False
Garissa,Maize (white),2016-11-15,55.0,55.0,False
Kajiado,Beans (dry),2016-11-15,94.0,92.0,False
Nairobi,Bread,2016-11-15,112.5,112.5,False
Marigat (Baringo),Beans (dry),2016-11-15,123.0,98.0,True
Kitui,Maize (white),2016-11-15,35.0,34.0,False
Hola (Tana River),Maize (white),2016-11-15,50.0,58.0,False
Mandera,Maize (white),2016-11-15,65.0,63.0,False
Kajiado,Maize (white),2016-11-15,48.0,46.0,False
Garissa,Maize (white),2016-12-15,55.0,55.0,False
Marsabit,Maize (white),2016-12-15,45.5,45.8,False
Marigat (Baringo),Maize (white),2016-12-15,48.0,48.0,False
Lodwar (Turkana),Maize (white),2016-12-15,77.0,74.0,False
Kilifi,Maize (white),2016-12-15,43.0,42.0,False
Kitui,Maize (white),2016-12-15,35.0,35.0,False
Kilifi,Beans (dry),2016-12-15,96.0,92.0,False
Nairobi,Bread,2016-12-15,112.5,112.5,False
Kajiado,Maize (white),2016-12-15,48.0,48.0,False
Marigat (Baringo),Beans (dry),2016-12-15,106.0,123.0,False
Kitui,Beans (dry),2016-12-15,76.5,77.5,False
Kajiado,Beans (dry),2016-12-15,94.0,94.0,False
Mandera,Maize (white),2016-12-15,66.0,65.0,False
Kitui,Maize (white),2017-01-15,38.0,35.0,False
Nairobi,Bread,2017-01-15,125.0,112.5,True
Marigat (Baringo),Beans (dry),2017-01-15,108.0,106.0,False
Marigat (Baringo),Maize (white),2017-01-15,55.0,48.0,False
Kajiado,Beans (dry),2017-01-15,91.0,94.0,False
Kilifi,Maize (white),2017-01-15,40.0,43.0,False
Lodwar (Turkana),Maize (white),2017-01-15,87.0,77.0,False
Kitui,Beans (dry),2017-01-15,79.0,76.5,False
Hola (Tana River),Maize (white),2017-01-15,53.2,50.0,False
Kajiado,Maize (white),2017-01-15,48.0,48.0,False
Mandera,Maize (white),2017-01-15,66.0,66.0,False
Marsabit,Maize (white),2017-01-15,46.7,45.5,False
Kilifi,Beans (dry),2017-01-15,98.0,96.0,False
Marsabit,Maize (white),2017-02-15,47.0,46.7,False
Hola (Tana River),Maize (white),2017-02-15,54.5,53.2,False
Lodwar (Turkana),Maize (white),2017-02-15,82.0,87.0,False
Kilifi,Beans (dry),2017-02-15,100.0,98.0,False
Marigat (Baringo),Maize (white),2017-02-15,52.0,55.0,False
Kajiado,Beans (dry),2017-02-15,97.0,91.0,False
Kitui,Beans (dry),2017-02-15,86.0,79.0,False
Kitui,Maize (white),2017-02-15,48.0,38.0,True
Kajiado,Maize (white),2017-02-15,52.0,48.0,False
Nairobi,Bread,2017-02-15,125.0,125.0,False
Marigat (Baringo),Beans (dry),2017-02-15,112.0,108.0,False
Kilifi,Maize (white),2017-02-15,48.0,40.0,True
Kitui,Maize (white),2017-03-15,46.2,48.0,False
Hola (Tana River),Maize (white),2017-03-15,57.3,54.5,False
Marigat (Baringo),Beans (dry),2017-03-15,114.0,112.0,False
Kajiado,Beans (dry),2017-03-15,91.1,97.0,False
Kitui,Beans (dry),2017-03-15,91.2,86.0,False
Marsabit,Maize (white),2017-03-15,46.6,47.0,False
Lodwar (Turkana),Maize (white),2017-03-15,90.7,82.0,False
Kilifi,Beans (dry),2017-03-15,120.0,100.0,True
Kilifi,Maize (white),2017-03-15,58.0,48.0,True
Marigat (Baringo),Maize (white),2017-03-15,57.0,52.0,False
Kajiado,Maize (white),2017-03-15,54.4,52.0,False
Marsabit,Maize (white),2017-04-15,52.9,46.6,False
Marigat (Baringo),Beans (dry),2017-04-15,127.0,114.0,False
Kajiado,Beans (dry),2017-04-15,130.0,91.1,True
Kilifi,Maize (white),2017-04-15,60.0,58.0,False
Kilifi,Beans (dry),2017-04-15,117.3,120.0,False
Mandera,Maize (white),2017-04-15,65.0,66.0,False
Nairobi,Bread,2017-04-15,125.0,125.0,False
Kitui,Beans (dry),2017-04-15,93.0,91.2,False
Kitui,Maize (white),2017-04-15,54.0,46.2,True
Hola (Tana River),Maize (white),2017-04-15,56.1,57.3,False
Garissa,Maize (white),2017-04-15,60.0,55.0,False
Marigat (Baringo),Maize (white),2017-04-15,62.0,57.0,False
Lodwar (Turkana),Maize (white),2017-04-15,92.6,90.7,False
Kajiado,Maize (white),2017-04-15,65.0,54.4,True
Kitui,Beans (dry),2017-05-15,89.0,93.0,False
Marigat (Baringo),Beans (dry),2017-05-15,138.0,127.0,False
Kajiado,Beans (dry),2017-05-15,120.0,130.0,False
Nairobi,Bread,2017-05-15,112.5,125.0,True
Marsabit,Maize (white),2017-05-15,47.0,52.9,False
Kajiado,Maize (white),2017-05-15,65.0,65.0,False
Hola (Tana River),Maize (white),2017-05-15,60.0,56.1,False
Kilifi,Maize (white),2017-05-15,87.9,60.0,True
Mandera,Maize (white),2017-05-15,64.0,65.0,False
Kitui,Maize (white),2017-05-15,58.0,54.0,False
Marigat (Baringo),Maize (white),2017-05-15,73.0,62.0,True
Kilifi,Beans (dry),2017-05-15,124.1,117.3,False
Garissa,Maize (white),2017-06-15,60.0,60.0,False
Marsabit,Maize (white),2017-06-15,49.0,47.0,False
Hola (Tana River),Maize (white),2017-06-15,80.0,60.0,True
Kajiado,Beans (dry),2017-06-15,125.0,120.0,False
Kitui,Beans (dry),2017-06-15,91.0,89.0,False
Kilifi,Maize (white),2017-06-15,57.9,87.9,True
Kilifi,Beans (dry),2017-06-15,121.3,124.1,False
Marigat (Baringo),Beans (dry),2017-06-15,129.0,138.0,False
Lodwar (Turkana),Maize (white),2017-06-15,100.0,92.6,False
Mandera,Maize (white),2017-06-15,66.0,64.0,False
Marigat (Baringo),Maize (white),2017-06-15,81.0,73.0,False
Kajiado,Maize (white),2017-06-15,65.0,65.0,False
Kitui,Maize (white),2017-06-15,58.0,58.0,False
Nairobi,Bread,2017-06-15,112.5,112.5,False
Marsabit,Maize (white),2017-07-15,51.0,49.0,False
Hola (Tana River),Maize (white),2017-07-15,65.0,80.0,True
Marigat (Baringo),Beans (dry),2017-07-15,118.0,129.0,False
Kilifi,Maize (white),2017-07-15,60.6,57.9,False
Kajiado,Beans (dry),2017-07-15,120.0,125.0,False
Mandera,Maize (white),2017-07-15,66.0,66.0,False
Kitui,Maize (white),2017-07-15,58.0,58.0,False
Nairobi,Bread,2017-07-15,112.5,112.5,False
Kajiado,Maize (white),2017-07-15,65.0,65.0,False
Kilifi,Beans (dry),2017-07-15,125.3,121.3,False
Lodwar (Turkana),Maize (white),2017-07-15,91.0,100.0,False
Marigat (Baringo),Maize (white),2017-07-15,58.0,81.0,True
Kitui,Beans (dry),2017-07-15,92.0,91.0,False
Mandera,Maize (white),2017-08-15,67.0,66.0,False
Hola (Tana River),Maize (white),2017-08-15,55.9,65.0,False
Marigat (Baringo),Maize (white),2017-08-15,52.0,58.0,False
Kitui,Beans (dry),2017-08-15,83.0,92.0,False
Kitui,Maize (white),2017-08-15,45.0,58.0,True
Kajiado,Maize (white),2017-08-15,68.0,65.0,False
Kilifi,Maize (white),2017-08-15,47.8,60.6,False
Kilifi,Beans (dry),2017-08-15,114.8,125.3,True
Marigat (Baringo),Beans (dry),2017-08-15,120.0,118.0,False
Marsabit,Maize (white),2017-08-15,52.0,51.0,False
Kajiado,Beans (dry),2017-08-15,130.0,120.0,False
Nairobi,Bread,2017-08-15,112.5,112.5,False
Garissa,Maize (white),2017-08-15,65.0,60.0,False
Kitui,Beans (dry),2017-09-15,80.0,83.0,False
Mandera,Maize (white),2017-09-15,70.0,67.0,False
Kajiado,Beans (dry),2017-09-15,135.0,130.0,False
Kitui,Maize (white),2017-09-15,41.0,45.0,False
Garissa,Maize (white),2017-09-15,65.0,65.0,False
Kilifi,Beans (dry),2017-09-15,112.8,114.8,False
Nairobi,Bread,2017-09-15,110.0,112.5,False
Kilifi,Maize (white),2017-09-15,46.0,47.8,False
Marigat (Baringo),Beans (dry),2017-09-15,104.0,120.0,False
Hola (Tana River),Maize (white),2017-09-15,64.0,55.9,False
Kajiado,Maize (white),2017-09-15,70.0,68.0,False
Marigat (Baringo),Maize (white),2017-09-15,53.0,52.0,False
Marsabit,Maize (white),2017-09-15,53.0,52.0,False
Marigat (Baringo),Maize (white),2017-10-15,53.0,53.0,False
Lodwar (Turkana),Maize (white),2017-10-15,81.0,91.0,False
Kajiado,Maize (white),2017-10-15,73.0,70.0,False
Kilifi,Beans (dry),2017-10-15,107.6,112.8,False
Hola (Tana River),Maize (white),2017-10-15,60.0,64.0,False
Kajiado,Beans (dry),2017-10-15,139.0,135.0,False
Mandera,Maize (white),2017-10-15,70.0,70.0,False
Kitui,Maize (white),2017-10-15,37.0,41.0,False
Garissa,Maize (white),2017-10-15,65.0,65.0,False
Marigat (Baringo),Beans (dry),2017-10-15,108.0,104.0,False
Marsabit,Maize (white),2017-10-15,49.0,53.0,False
Kilifi,Maize (white),2017-10-15,39.2,46.0,False
Kitui,Beans (dry),2017-10-15,89.0,80.0,False
Nairobi,Bread,2017-10-15,110.0,110.0,False
Kitui,Beans (dry),2017-11-15,83.0,89.0,False
Kajiado,Maize (white),2017-11-15,75.0,73.0,False
Hola (Tana River),Maize (white),2017-11-15,50.83,60.0,False
Garissa,Maize (white),2017-11-15,65.0,65.0,False
Marigat (Baringo),Beans (dry),2017-11-15,121.0,108.0,False
Kilifi,Maize (white),2017-11-15,62.6,39.2,True
Marigat (Baringo),Maize (white),2017-11-15,50.0,53.0,False
Kitui,Maize (white),2017-11-15,37.0,37.0,False
Kilifi,Beans (dry),2017-11-15,115.5,107.6,False
Nairobi,Bread,2017-11-15,110.0,110.0,False
Marsabit,Maize (white),2017-11-15,48.0,49.0,False
Mandera,Maize (white),2017-11-15,65.0,70.0,False
Kajiado,Beans (dry),2017-11-15,140.0,139.0,False
Nairobi,Bread,2017-12-15,110.0,110.0,False
Hola (Tana River),Maize (white),2017-12-15,45.0,50.83,False
Marigat (Baringo),Beans (dry),2017-12-15,120.0,121.0,False
Kilifi,Beans (dry),2017-12-15,114.3,115.5,False
Kajiado,Beans (dry),2017-12-15,120.0,140.0,True
Kajiado,Maize (white),2017-12-15,60.0,75.0,True
Kitui,Beans (dry),2017-12-15,82.0,83.0,False
Marigat (Baringo),Maize (white),2017-12-15,48.0,50.0,False
Lodwar (Turkana),Maize (white),2017-12-15,81.0,81.0,False
Kitui,Maize (white),2017-12-15,35.0,37.0,False
Kilifi,Maize (white),2017-12-15,46.3,62.6,False
Marsabit,Maize (white),2017-12-15,50.0,48.0,False
Garissa,Maize (white),2017-12-15,65.0,65.0,False
Mandera,Maize (white),2017-12-15,67.0,65.0,False
Nairobi,Bread,2018-01-15,110.0,110.0,False
Hola (Tana River),Maize (white),2018-01-15,55.0,45.0,False
Marigat (Baringo),Beans (dry),2018-01-15,106.0,120.0,False
Marsabit,Maize (white),2018-01-15,52.0,50.0,False
Lodwar (Turkana),Maize (white),2018-01-15,82.0,81.0,False
Kilifi,Beans (dry),2018-01-15,112.6,114.3,False
Kajiado,Maize (white),2018-01-15,60.0,60.0,False
Kilifi,Maize (white),2018-01-15,47.8,46.3,False
Kitui,Beans (dry),2018-01-15,79.1,82.0,False
Kajiado,Beans (dry),2018-01-15,119.0,120.0,False
Kitui,Maize (white),2018-01-15,36.9,35.0,False
Marigat (Baringo),Maize (white),2018-01-15,52.0,48.0,False
Kajiado,Beans (dry),2018-02-15,100.0,119.0,True
Kitui,Maize (white),2018-02-15,36.0,36.9,False
Marsabit,Maize (white),2018-02-15,53.0,52.0,False
Kilifi,Beans (dry),2018-02-15,108.3,112.6,False
Kilifi,Maize (white),2018-02-15,48.2,47.8,False
Marigat (Baringo),Maize (white),2018-02-15,53.0,52.0,False
Mandera,Maize (white),2018-02-15,67.0,67.0,False
Marigat (Baringo),Beans (dry),2018-02-15,111.0,106.0,False
Kitui,Beans (dry),2018-02-15,80.0,79.1,False
Kajiado,Maize (white),2018-02-15,60.0,60.0,False
Lodwar (Turkana),Maize (white),2018-02-15,85.5,82.0,False
Nairobi,Bread,2018-02-15,112.5,110.0,False
Hola (Tana River),Maize (white),2018-02-15,55.0,55.0,False
Nairobi,Bread,2018-03-15,112.5,112.5,False
Mandera,Maize (white),2018-03-15,65.0,67.0,False
Kitui,Maize (white),2018-03-15,34.0,36.0,False
Hola (Tana River),Maize (white),2018-03-15,58.0,55.0,False
Kilifi,Maize (white),2018-03-15,47.5,48.2,False
Marsabit,Maize (white),2018-03-15,52.0,53.0,False
Kajiado,Maize (white),2018-03-15,55.0,60.0,False
Kajiado,Beans (dry),2018-03-15,95.0,100.0,False
Lodwar (Turkana),Maize (white),2018-03-15,86.3,85.5,False
Kitui,Beans (dry),2018-03-15,82.0,80.0,False
Kilifi,Beans (dry),2018-03-15,104.52,108.3,False
Marigat (Baringo),Beans (dry),2018-03-15,112.0,111.0,False
Marigat (Baringo),Maize (white),2018-03-15,52.0,53.0,False
Kitui,Maize (white),2018-04-15,30.0,34.0,False
Marigat (Baringo),Beans (dry),2018-04-15,113.0,112.0,False
Kajiado,Beans (dry),2018-04-15,100.0,95.0,False
Lodwar (Turkana),Maize (white),2018-04-15,85.0,86.3,False
Kilifi,Beans (dry),2018-04-15,101.2,104.52,False
Nairobi,Bread,2018-04-15,110.0,112.5,False
Garissa,Maize (white),2018-04-15,80.0,65.0,True
Kilifi,Maize (white),2018-04-15,45.3,47.5,False
Hola (Tana River),Maize (white),2018-04-15,50.0,58.0,False
Marigat (Baringo),Maize (white),2018-04-15,43.0,52.0,False
Marsabit,Maize (white),2018-04-15,53.0,52.0,False
Kajiado,Maize (white),2018-04-15,50.0,55.0,False
Kitui,Beans (dry),2018-04-15,79.0,82.0,False
Kajiado,Maize (white),2018-05-15,45.0,50.0,False
Marigat (Baringo),Beans (dry),2018-05-15,105.0,113.0,False
Marsabit,Maize (white),2018-05-15,48.0,53.0,False
Hola (Tana River),Maize (white),2018-05-15,50.0,50.0,False
Nairobi,Bread,2018-05-15,110.0,110.0,False
Lodwar (Turkana),Maize (white),2018-05-15,84.0,85.0,False
Kitui,Beans (dry),2018-05-15,73.0,79.0,False
Kitui,Maize (white),2018-05-15,30.0,30.0,False
Kilifi,Beans (dry),2018-05-15,99.5,101.2,False
Kilifi,Maize (white),2018-05-15,43.7,45.3,False
Mandera,Maize (white),2018-05-15,66.0,65.0,False
Garissa,Maize (white),2018-05-15,60.0,80.0,True
Marigat (Baringo),Maize (white),2018-05-15,44.0,43.0,False
Kajiado,Beans (dry),2018-05-15,80.0,100.0,True
Nairobi,Bread,2018-06-15,110.0,110.0,False
Kajiado,Beans (dry),2018-06-15,80.0,80.0,False
Kilifi,Maize (white),2018-06-15,42.5,43.7,False
Hola (Tana River),Maize (white),2018-06-15,57.0,50.0,False
Kilifi,Beans (dry),2018-06-15,100.8,99.5,False
Marigat (Baringo),Beans (dry),2018-06-15,108.0,105.0,False
Kitui,Maize (white),2018-06-15,31.0,30.0,False
Kajiado,Maize (white),2018-06-15,45.0,45.0,False
Garissa,Maize (white),2018-06-15,60.0,60.0,False
Mandera,Maize (white),2018-06-15,64.0,66.0,False
Marsabit,Maize (white),2018-06-15,45.0,48.0,False
Marigat (Baringo),Maize (white),2018-06-15,40.0,44.0,False
Kitui,Beans (dry),2018-06-15,74.0,73.0,False
Kajiado,Maize (white),2018-07-15,43.0,45.0,False
Kajiado,Beans (dry),2018-07-15,77.0,80.0,False
Kitui,Beans (dry),2018-07-15,73.4,74.0,False
Marsabit,Maize (white),2018-07-15,41.0,45.0,False
Kitui,Maize (white),2018-07-15,29.6,31.0,False
Nairobi,Bread,2018-07-15,112.5,110.0,False
Marigat (Baringo),Beans (dry),2018-07-15,98.0,108.0,False
Garissa,Maize (white),2018-07-15,60.0,60.0,False
Mandera,Maize (white),2018-07-15,63.0,64.0,False
Kilifi,Maize (white),2018-07-15,39.6,42.5,False
Marigat (Baringo),Maize (white),2018-07-15,42.0,40.0,False
Kilifi,Beans (dry),2018-07-15,92.6,100.8,False
Hola (Tana River),Maize (white),2018-07-15,55.0,57.0,False
Garissa,Maize (white),2018-08-15,60.0,60.0,False
Marigat (Baringo),Maize (white),2018-08-15,38.0,42.0,False
Marigat (Baringo),Beans (dry),2018-08-15,100.0,98.0,False
Marsabit,Maize (white),2018-08-15,39.0,41.0,False
Hola (Tana River),Maize (white),2018-08-15,48.0,55.0,False
Kitui,Beans (dry),2018-08-15,76.7,73.4,False
Kilifi,Beans (dry),2018-08-15,90.2,92.6,False
Kilifi,Maize (white),2018-08-15,39.9,39.6,False
Kajiado,Beans (dry),2018-08-15,72.0,77.0,False
Kajiado,Maize (white),2018-08-15,40.0,43.0,False
Nairobi,Bread,2018-08-15,112.5,112.5,False
Mandera,Maize (white),2018-08-15,64.0,63.0,False
Kitui,Maize (white),2018-08-15,30.0,29.6,False
Kitui,Maize (white),2018-09-15,27.0,30.0,False
Kitui,Beans (dry),2018-09-15,76.9,76.7,False
Kajiado,Beans (dry),2018-09-15,71.0,72.0,False
Mandera,Maize (white),2018-09-15,67.0,64.0,False
Marigat (Baringo),Maize (white),2018-09-15,36.0,38.0,False
Hola (Tana River),Maize (white),2018-09-15,42.0,48.0,False
Marigat (Baringo),Beans (dry),2018-09-15,103.0,100.0,False
Kajiado,Maize (white),2018-09-15,40.0,40.0,False
Kilifi,Beans (dry),2018-09-15,79.8,90.2,True
Kilifi,Maize (white),2018-09-15,41.6,39.9,False
Garissa,Maize (white),2018-09-15,60.0,60.0,False
Marsabit,Maize (white),2018-09-15,41.0,39.0,False
Nairobi,Bread,2018-09-15,112.5,112.5,False
Kajiado,Beans (dry),2018-10-15,75.0,71.0,False
Marigat (Baringo),Beans (dry),2018-10-15,103.0,103.0,False
Kitui,Beans (dry),2018-10-15,81.0,76.9,False
Lodwar (Turkana),Maize (white),2018-10-15,61.0,84.0,True
Hola (Tana River),Maize (white),2018-10-15,55.3,42.0,False
Nairobi,Bread,2018-10-15,112.5,112.5,False
Kilifi,Maize (white),2018-10-15,37.8,41.6,False
Kajiado,Maize (white),2018-10-15,45.0,40.0,False
Marigat (Baringo),Maize (white),2018-10-15,33.0,36.0,False
Mandera,Maize (white),2018-10-15,67.0,67.0,False
Kilifi,Beans (dry),2018-10-15,70.5,79.8,False
Garissa,Maize (white),2018-10-15,60.0,60.0,False
Marsabit,Maize (white),2018-10-15,42.0,41.0,False
Kitui,Maize (white),2018-10-15,33.56,27.0,True
Kajiado,Maize (white),2018-11-15,45.0,45.0,False
Mandera,Maize (white),2018-11-15,65.0,67.0,False
Nairobi,Bread,2018-11-15,112.5,112.5,False
Kilifi,Maize (white),2018-11-15,38.9,37.8,False
Kilifi,Beans (dry),2018-11-15,80.0,70.5,False
Garissa,Maize (white),2018-11-15,60.0,60.0,False
Kitui,Beans (dry),2018-11-15,71.0,81.0,False
Kitui,Maize (white),2018-11-15,26.9,33.56,True
Marsabit,Maize (white),2018-11-15,44.0,42.0,False
Marigat (Baringo),Maize (white),2018-11-15,35.0,33.0,False
Kajiado,Beans (dry),2018-11-15,78.0,75.0,False
Marigat (Baringo),Beans (dry),2018-11-15,105.0,103.0,False
Kitui,Beans (dry),2018-12-15,66.1,71.0,False
Nairobi,Bread,2018-12-15,112.5,112.5,False
Marigat (Baringo),Beans (dry),2018-12-15,107.0,105.0,False
Mandera,Maize (white),2018-12-15,68.0,65.0,False
Kilifi,Maize (white),2018-12-15,39.5,38.9,False
Garissa,Maize (white),2018-12-15,60.0,60.0,False
Hola (Tana River),Maize (white),2018-12-15,42.0,55.3,False
Kitui,Maize (white),2018-12-15,27.9,26.9,False
Marigat (Baringo),Maize (white),2018-12-15,36.0,35.0,False
Kajiado,Beans (dry),2018-12-15,84.0,78.0,False
Marsabit,Maize (white),2018-12-15,43.0,44.0,False
Kilifi,Beans (dry),2018-12-15,75.2,80.0,False
Kajiado,Maize (white),2018-12-15,48.0,45.0,False
Lodwar (Turkana),Maize (white),2019-01-15,66.0,61.0,False
Kajiado,Maize (white),2019-01-15,43.0,48.0,False
Nairobi,Bread,2019-01-15,110.0,112.5,False
Mandera,Maize (white),2019-01-15,68.0,68.0,False
Kilifi,Maize (white),2019-01-15,41.1,39.5,False
Hola (Tana River),Maize (white),2019-01-15,63.0,42.0,True
Marsabit,Maize (white),2019-01-15,41.0,43.0,False
Kitui,Beans (dry),2019-01-15,71.0,66.1,False
Kitui,Maize (white),2019-01-15,29.0,27.9,False
Marigat (Baringo),Beans (dry),2019-01-15,109.0,107.0,False
Kilifi,Beans (dry),2019-01-15,76.0,75.2,False
Kajiado,Beans (dry),2019-01-15,91.0,84.0,False
Kilifi,Beans (dry),2019-02-15,74.5,76.0,False
Kajiado,Beans (dry),2019-02-15,92.0,91.0,False
Marsabit,Maize (white),2019-02-15,44.0,41.0,False
Kajiado,Maize (white),2019-02-15,45.0,43.0,False
Kitui,Beans (dry),2019-02-15,69.0,71.0,False
Hola (Tana River),Maize (white),2019-02-15,64.0,63.0,False
Kitui,Maize (white),2019-02-15,27.0,29.0,False
Lodwar (Turkana),Maize (white),2019-02-15,64.8,66.0,False
Kilifi,Maize (white),2019-02-15,41.1,41.1,False
Nairobi,Bread,2019-02-15,110.0,110.0,False
Marigat (Baringo),Beans (dry),2019-02-15,111.0,109.0,False
Kajiado,Maize (white),2019-03-15,49.0,45.0,False
Marigat (Baringo),Beans (dry),2019-03-15,111.0,111.0,False
Kilifi,Maize (white),2019-03-15,37.3,41.1,False
Kitui,Maize (white),2019-03-15,29.0,27.0,False
Kilifi,Beans (dry),2019-03-15,76.0,74.5,False
Hola (Tana River),Maize (white),2019-03-15,54.0,64.0,False
Marsabit,Maize (white),2019-03-15,47.0,44.0,False
Kajiado,Beans (dry),2019-03-15,90.0,92.0,False
Kitui,Beans (dry),2019-03-15,70.0,69.0,False
Lodwar (Turkana),Maize (white),2019-03-15,61.0,64.8,False
Nairobi,Bread,2019-03-15,110.0,110.0,False
Mandera,Maize (white),2019-03-15,75.0,68.0,False
Nairobi,Bread,2019-04-15,110.0,110.0,False
Hola (Tana River),Maize (white),2019-04-15,51.0,54.0,False
Kilifi,Maize (white),2019-04-15,45.1,37.3,False
Kilifi,Beans (dry),2019-04-15,85.2,76.0,False
Marsabit,Maize (white),2019-04-15,49.0,47.0,False
Marigat (Baringo),Maize (white),2019-04-15,44.0,36.0,False
Kitui,Maize (white),2019-04-15,34.0,29.0,False
Kajiado,Beans (dry),2019-04-15,104.0,90.0,False
Mandera,Maize (white),2019-04-15,74.0,75.0,False
Lodwar (Turkana),Maize (white),2019-04-15,61.0,61.0,False
Marigat (Baringo),Beans (dry),2019-04-15,117.0,111.0,False
Kajiado,Maize (white),2019-04-15,52.0,49.0,False
Kitui,Beans (dry),2019-04-15,77.0,70.0,False
Garissa,Maize (white),2019-04-15,65.0,60.0,False
Kajiado,Maize (white),2019-05-15,54.0,52.0,False
Kajiado,Beans (dry),2019-05-15,103.0,104.0,False
Marsabit,Maize (white),2019-05-15,50.0,49.0,False
Kilifi,Beans (dry),2019-05-15,97.5,85.2,True
Kitui,Beans (dry),2019-05-15,80.0,77.0,False
Mandera,Maize (white),2019-05-15,75.0,74.0,False
Marigat (Baringo),Maize (white),2019-05-15,52.0,44.0,False
Hola (Tana River),Maize (white),2019-05-15,50.0,51.0,False
Marigat (Baringo),Beans (dry),2019-05-15,105.0,117.0,False
Nairobi,Bread,2019-05-15,107.5,110.0,False
Kilifi,Maize (white),2019-05-15,49.1,45.1,False
Kitui,Maize (white),2019-05-15,42.0,34.0,True
Nairobi,Bread,2019-06-15,107.5,107.5,False
Lodwar (Turkana),Maize (white),2019-06-15,63.0,61.0,False
Garissa,Maize (white),2019-06-15,67.0,65.0,False
Marsabit,Maize (white),2019-06-15,47.0,50.0,False
Kitui,Maize (white),2019-06-15,41.0,42.0,False
Hola (Tana River),Maize (white),2019-06-15,58.0,50.0,False
Mandera,Maize (white),2019-06-15,75.0,75.0,False
Marigat (Baringo),Beans (dry),2019-06-15,121.0,105.0,False
Kajiado,Maize (white),2019-06-15,52.0,54.0,False
Marigat (Baringo),Maize (white),2019-06-15,51.0,52.0,False
Kitui,Beans (dry),2019-06-15,85.0,80.0,False
Kilifi,Beans (dry),2019-06-15,103.8,97.5,False
Kilifi,Maize (white),2019-06-15,45.0,49.1,False
Kajiado,Beans (dry),2019-06-15,94.0,103.0,False
Marsabit,Maize (white),2019-07-15,46.0,47.0,False
Lodwar (Turkana),Maize (white),2019-07-15,66.7,63.0,False
Marigat (Baringo),Beans (dry),2019-07-15,139.2,121.0,True
Kajiado,Maize (white),2019-07-15,54.0,52.0,False
Kilifi,Maize (white),2019-07-15,47.9,45.0,False
Mandera,Maize (white),2019-07-15,76.9,75.0,False
Garissa,Maize (white),2019-07-15,68.0,67.0,False
Kitui,Beans (dry),2019-07-15,87.6,85.0,False
Nairobi,Bread,2019-07-15,107.5,107.5,False
Kitui,Maize (white),2019-07-15,43.5,41.0,False
Hola (Tana River),Maize (white),2019-07-15,59.3,58.0,False
Kajiado,Beans (dry),2019-07-15,99.4,94.0,False
Marigat (Baringo),Maize (white),2019-07-15,55.7,51.0,False
Kilifi,Beans (dry),2019-07-15,119.0,103.8,True
Kajiado,Maize (white),2019-08-15,60.8,54.0,False
Garissa,Maize (white),2019-08-15,68.0,68.0,False
Marsabit,Maize (white),2019-08-15,46.8,46.0,False
Kilifi,Maize (white),2019-08-15,47.2,47.9,False
Marigat (Baringo),Maize (white),2019-08-15,54.6,55.7,False
Kitui,Beans (dry),2019-08-15,93.1,87.6,False
Kitui,Maize (white),2019-08-15,44.8,43.5,False
Hola (Tana River),Maize (white),2019-08-15,56.8,59.3,False
Kajiado,Beans (dry),2019-08-15,100.2,99.4,False
Nairobi,Bread,2019-08-15,107.5,107.5,False
Marigat (Baringo),Beans (dry),2019-08-15,126.3,139.2,False
Kilifi,Beans (dry),2019-08-15,115.0,119.0,False
Mandera,Maize (white),2019-08-15,80.0,76.9,False
Nairobi,Bread,2019-09-15,107.5,107.5,False
Kitui,Maize (white),2019-09-15,43.3,44.8,False
Marigat (Baringo),Beans (dry),2019-09-15,113.0,126.3,False
Marigat (Baringo),Maize (white),2019-09-15,46.5,54.6,False
Kajiado,Beans (dry),2019-09-15,105.6,100.2,False
Kajiado,Maize (white),2019-09-15,55.4,60.8,False
Garissa,Maize (white),2019-09-15,68.0,68.0,False
Kitui,Beans (dry),2019-09-15,89.8,93.1,False
Marsabit,Maize (white),2019-09-15,46.5,46.8,False
Mandera,Maize (white),2019-09-15,81.8,80.0,False
Kilifi,Maize (white),2019-09-15,45.5,47.2,False
Hola (Tana River),Maize (white),2019-09-15,52.2,56.8,False
Kilifi,Beans (dry),2019-09-15,102.1,115.0,True
Marsabit,Maize (white),2019-10-15,50.0,46.5,False
Marigat (Baringo),Beans (dry),2019-10-15,109.0,113.0,False
Kajiado,Beans (dry),2019-10-15,92.0,105.6,False
Kitui,Beans (dry),2019-10-15,87.4,89.8,False
Marigat (Baringo),Maize (white),2019-10-15,44.0,46.5,False
Nairobi,Bread,2019-10-15,107.5,107.5,False
Garissa,Maize (white),2019-10-15,67.0,68.0,False
Kilifi,Maize (white),2019-10-15,47.9,45.5,False
Mandera,Maize (white),2019-10-15,80.0,81.8,False
Kitui,Maize (white),2019-10-15,44.6,43.3,False
Lodwar (Turkana),Maize (white),2019-10-15,67.0,66.7,False
Kilifi,Beans (dry),2019-10-15,107.9,102.1,False
Hola (Tana River),Maize (white),2019-10-15,40.0,52.2,False
Kajiado,Maize (white),2019-10-15,49.0,55.4,False
Nairobi,Bread,2019-11-15,110.0,107.5,False
Kajiado,Maize (white),2019-11-15,45.0,49.0,False
Mandera,Maize (white),2019-11-15,85.0,80.0,False
Hola (Tana River),Maize (white),2019-11-15,58.0,40.0,True
Marsabit,Maize (white),2019-11-15,49.0,50.0,False
Kajiado,Beans (dry),2019-11-15,88.0,92.0,False
Kilifi,Beans (dry),2019-11-15,113.2,107.9,False
Marigat (Baringo),Maize (white),2019-11-15,44.0,44.0,False
Garissa,Maize (white),2019-11-15,68.0,67.0,False
Kitui,Maize (white),2019-11-15,43.6,44.6,False
Kilifi,Maize (white),2019-11-15,45.5,47.9,False
Marigat (Baringo),Beans (dry),2019-11-15,108.0,109.0,False
Kitui,Beans (dry),2019-11-15,92.3,87.4,False
Marsabit,Maize (white),2019-12-15,45.0,49.0,False
Garissa,Maize (white),2019-12-15,68.0,68.0,False
Kilifi,Beans (dry),2019-12-15,105.9,113.2,False
Kitui,Beans (dry),2019-12-15,89.3,92.3,False
Kajiado,Maize (white),2019-12-15,46.0,45.0,False
Lodwar (Turkana),Maize (white),2019-12-15,65.0,67.0,False
Kilifi,Maize (white),2019-12-15,47.3,45.5,False
Kajiado,Beans (dry),2019-12-15,105.0,88.0,False
Nairobi,Bread,2019-12-15,110.0,110.0,False
Marigat (Baringo),Beans (dry),2019-12-15,115.0,108.0,False
Kitui,Maize (white),2019-12-15,44.6,43.6,False
Mandera,Maize (white),2019-12-15,80.0,85.0,False
Marigat (Baringo),Maize (white),2019-12-15,46.0,44.0,False
Mandera,Maize (white),2020-01-15,80.0,80.0,False
Kilifi,Beans (dry),2020-01-15,107.0,105.9,False
Kitui,Beans (dry),2020-01-15,79.0,89.3,False
Kajiado,Maize (white),2020-01-15,53.0,46.0,False
Kilifi,Maize (white),2020-01-15,46.9,47.3,False
Kitui,Maize (white),2020-01-15,38.0,44.6,True
Marigat (Baringo),Beans (dry),2020-01-15,124.0,115.0,False
Marigat (Baringo),Maize (white),2020-01-15,46.0,46.0,False
Kajiado,Beans (dry),2020-01-15,91.0,105.0,False
Nairobi,Bread,2020-01-15,112.5,110.0,False
Lodwar (Turkana),Maize (white),2020-01-15,64.0,65.0,False
Kajiado,Beans (dry),2020-02-15,93.0,91.0,False
Kilifi,Maize (white),2020-02-15,45.7,46.9,False
Kilifi,Beans (dry),2020-02-15,103.5,107.0,False
Kajiado,Maize (white),2020-02-15,50.0,53.0,False
Nairobi,Bread,2020-02-15,112.5,112.5,False
Marigat (Baringo),Beans (dry),2020-02-15,111.0,124.0,False
Marigat (Baringo),Maize (white),2020-02-15,47.3,46.0,False
Kitui,Maize (white),2020-02-15,37.0,38.0,False
Kitui,Beans (dry),2020-02-15,78.0,79.0,False
Lodwar (Turkana),Maize (white),2020-02-15,64.0,64.0,False
Mandera,Maize (white),2020-02-15,79.0,80.0,False
Kilifi,Beans (dry),2020-03-15,104.1,103.5,False
Kilifi,Maize (white),2020-03-15,41.9,45.7,False
Kitui,Maize (white),2020-03-15,30.0,37.0,True
Kajiado,Maize (white),2020-03-15,47.0,50.0,False
Nairobi,Bread,2020-03-15,110.0,112.5,False
Marigat (Baringo),Beans (dry),2020-03-15,114.2,111.0,False
Kitui,Beans (dry),2020-03-15,78.0,78.0,False
Marigat (Baringo),Maize (white),2020-03-15,48.5,47.3,False
Marsabit,Maize (white),2020-03-15,43.0,45.0,False
Kajiado,Beans (dry),2020-03-15,100.0,93.0,False
Kilifi,Maize (white),2020-04-15,49.6,41.9,False
Marigat (Baringo),Maize (white),2020-04-15,51.7,48.5,False
Garissa,Maize (white),2020-04-15,68.0,68.0,False
Kajiado,Maize (white),2020-04-15,54.0,47.0,False
Kilifi,Beans (dry),2020-04-15,106.0,104.1,False
Hola (Tana River),Maize (white),2020-04-15,68.0,58.0,False
Nairobi,Bread,2020-04-15,107.5,110.0,False
Kitui,Beans (dry),2020-04-15,86.0,78.0,False
Kitui,Maize (white),2020-04-15,32.0,30.0,False
Kajiado,Beans (dry),2020-04-15,105.0,100.0,False
Marigat (Baringo),Beans (dry),2020-04-15,121.51,114.2,False
Lodwar (Turkana),Maize (white),2020-04-15,60.0,64.0,False
Hola (Tana River),Maize (white),2020-05-15,66.0,68.0,False
Marigat (Baringo),Beans (dry),2020-05-15,125.2,121.51,False
Kajiado,Maize (white),2020-05-15,53.0,54.0,False
Marigat (Baringo),Maize (white),2020-05-15,52.0,51.7,False
Kitui,Beans (dry),2020-05-15,92.0,86.0,False
Kitui,Maize (white),2020-05-15,34.0,32.0,False
Nairobi,Bread,2020-05-15,107.5,107.5,False
Kajiado,Beans (dry),2020-05-15,104.0,105.0,False
Marsabit,Maize (white),2020-05-15,48.0,43.0,False
Kilifi,Maize (white),2020-05-15,44.8,49.6,False
Kilifi,Beans (dry),2020-05-15,99.3,106.0,False
Lodwar (Turkana),Maize (white),2020-05-15,70.0,60.0,False
Marigat (Baringo),Beans (dry),2020-06-15,131.9,125.2,False
Marigat (Baringo),Maize (white),2020-06-15,51.0,52.0,False
Mandera,Maize (white),2020-06-15,82.0,79.0,False
Marsabit,Maize (white),2020-06-15,46.0,48.0,False
Kilifi,Beans (dry),2020-06-15,107.3,99.3,False
Nairobi,Bread,2020-06-15,110.0,107.5,False
Kilifi,Maize (white),2020-06-15,43.7,44.8,False
Hola (Tana River),Maize (white),2020-06-15,57.0,66.0,False
Kitui,Beans (dry),2020-06-15,95.0,92.0,False
Kitui,Maize (white),2020-06-15,33.0,34.0,False
Kajiado,Beans (dry),2020-06-15,107.0,104.0,False
Kajiado,Maize (white),2020-06-15,54.0,53.0,False
Kitui,Beans (dry),2020-07-15,98.0,95.0,False
Marsabit,Maize (white),2020-07-15,47.0,46.0,False
Kitui,Maize (white),2020-07-15,34.0,33.0,False
Hola (Tana River),Maize (white),2020-07-15,57.0,57.0,False
Kilifi,Beans (dry),2020-07-15,106.6,107.3,False
Kajiado,Beans (dry),2020-07-15,100.0,107.0,False
Lodwar (Turkana),Maize (white),2020-07-15,71.0,70.0,False
Marigat (Baringo),Maize (white),2020-07-15,47.0,51.0,False
Kajiado,Maize (white),2020-07-15,50.0,54.0,False
Kilifi,Maize (white),2020-07-15,44.3,43.7,False
Mandera,Maize (white),2020-07-15,81.0,82.0,False
Nairobi,Bread,2020-07-15,112.5,110.0,False
Marigat (Baringo),Beans (dry),2020-07-15,126.0,131.9,False
Marigat (Baringo),Beans (dry),2020-08-15,120.0,126.0,False
Kitui,Beans (dry),2020-08-15,92.0,98.0,False
Kilifi,Beans (dry),2020-08-15,106.4,106.6,False
Garissa,Maize (white),2020-08-15,68.0,68.0,False
Kilifi,Maize (white),2020-08-15,41.7,44.3,False
Nairobi,Bread,2020-08-15,107.5,112.5,False
Hola (Tana River),Maize (white),2020-08-15,66.0,57.0,False
Marigat (Baringo),Maize (white),2020-08-15,41.0,47.0,False
Mandera,Maize (white),2020-08-15,82.0,81.0,False
Kitui,Maize (white),2020-08-15,33.0,34.0,False
Lodwar (Turkana),Maize (white),2020-08-15,70.0,71.0,False
Marsabit,Maize (white),2020-08-15,45.0,47.0,False
Mandera,Maize (white),2020-09-15,84.0,82.0,False
Nairobi,Bread,2020-09-15,110.0,107.5,False
Marigat (Baringo),Beans (dry),2020-09-15,107.0,120.0,False
Kajiado,Maize (white),2020-09-15,53.0,50.0,False
Lodwar (Turkana),Maize (white),2020-09-15,70.0,70.0,False
Kitui,Maize (white),2020-09-15,34.0,33.0,False
Kitui,Beans (dry),2020-09-15,94.0,92.0,False
Marigat (Baringo),Maize (white),2020-09-15,39.0,41.0,False
Hola (Tana River),Maize (white),2020-09-15,55.0,66.0,False
Kilifi,Beans (dry),2020-09-15,104.5,106.4,False
Garissa,Maize (white),2020-09-15,70.0,68.0,False
Marsabit,Maize (white),2020-09-15,45.0,45.0,False
Kajiado,Beans (dry),2020-09-15,101.0,100.0,False
Kilifi,Maize (white),2020-09-15,38.1,41.7,False
Kajiado,Beans (dry),2020-10-15,102.0,101.0,False
Kilifi,Maize (white),2020-10-15,41.9,38.1,False
Marigat (Baringo),Beans (dry),2020-10-15,114.0,107.0,False
Kitui,Beans (dry),2020-10-15,85.0,94.0,False
Hola (Tana River),Maize (white),2020-10-15,53.0,55.0,False
Nairobi,Bread,2020-10-15,110.0,110.0,False
Marsabit,Maize (white),2020-10-15,44.0,45.0,False
Marigat (Baringo),Maize (white),2020-10-15,39.0,39.0,False
Mandera,Maize (white),2020-10-15,82.0,84.0,False
Kajiado,Maize (white),2020-10-15,55.0,53.0,False
Kilifi,Beans (dry),2020-10-15,105.9,104.5,False
Kitui,Maize (white),2020-10-15,33.0,34.0,False
Garissa,Maize (white),2020-10-15,70.0,70.0,False
Marigat (Baringo),Maize (white),2020-11-15,39.0,39.0,False
Kitui,Maize (white),2020-11-15,35.0,33.0,False
Mandera,Maize (white),2020-11-15,83.0,82.0,False
Marigat (Baringo),Beans (dry),2020-11-15,117.0,114.0,False
Kitui,Beans (dry),2020-11-15,94.0,85.0,False
Garissa,Maize (white),2020-11-15,70.0,70.0,False
Lodwar (Turkana),Maize (white),2020-11-15,65.0,70.0,False
Kilifi,Maize (white),2020-11-15,39.9,41.9,False
Kilifi,Beans (dry),2020-11-15,103.9,105.9,False
Kajiado,Beans (dry),2020-11-15,100.0,102.0,False
Kajiado,Maize (white),2020-11-15,53.0,55.0,False
Nairobi,Bread,2020-11-15,112.5,110.0,False
Marsabit,Maize (white),2020-11-15,44.0,44.0,False
Marsabit,Maize (white),2020-12-15,47.0,44.0,False
Kilifi,Beans (dry),2020-12-15,106.3,103.9,False
Kitui,Maize (white),2020-12-15,33.0,35.0,False
Kitui,Beans (dry),2020-12-15,94.0,94.0,False
Mandera,Maize (white),2020-12-15,82.0,83.0,False
Garissa,Maize (white),2020-12-15,70.0,70.0,False
Kilifi,Maize (white),2020-12-15,37.6,39.9,False
Marigat (Baringo),Beans (dry),2020-12-15,114.0,117.0,False
Nairobi,Bread,2020-12-15,112.5,112.5,False
Kajiado,Maize (white),2020-12-15,55.0,53.0,False
Kajiado,Beans (dry),2020-12-15,102.0,100.0,False
Marigat (Baringo),Maize (white),2020-12-15,40.0,39.0,False
Mukuru (Nairobi),Maize flour,2021-01-15,50.0,,False
Mukuru (Nairobi),Meat (beef),2021-01-15,440.0,,False
Mukuru (Nairobi),Rice,2021-01-15,100.0,,False
Mukuru (Nairobi),Salt,2021-01-15,45.0,,False
Mukuru (Nairobi),Sorghum,2021-01-15,50.0,,False
Kangemi (Nairobi),Maize flour,2021-01-15,50.0,,False
Kalobeyei (Village 2),Maize,2021-01-15,45.0,,False
Mukuru (Nairobi),Wheat flour,2021-01-15,66.67,,False
Kalobeyei (Village 2),Rice,2021-01-15,100.0,,False
Kalobeyei (Village 3),Wheat flour,2021-01-15,67.5,,False
Kangemi (Nairobi),Maize,2021-01-15,45.0,,False
Mukuru (Nairobi),Maize,2021-01-15,50.0,,False
Mukuru (Nairobi),Sugar,2021-01-15,110.0,,False
Kalobeyei (Village 2),Maize flour,2021-01-15,70.0,,False
Kalobeyei (Village 1),Salt,2021-01-15,50.0,,False
Kalobeyei (Village 1),Beans (dry),2021-01-15,110.0,,False
Kalobeyei (Village 1),Maize,2021-01-15,47.5,,False
Kibra (Nairobi),Beans (dry),2021-01-15,105.0,,False
Kalobeyei (Village 1),Rice,2021-01-15,100.0,,False
Kalobeyei (Village 1),Sugar,2021-01-15,120.0,,False
Kalobeyei (Village 1),Wheat flour,2021-01-15,72.5,,False
Hagadera (Daadab),Beans (dry),2021-01-15,88.75,,False
Kalobeyei (Village 2),Beans (dry),2021-01-15,105.0,,False
Kalobeyei (Village 1),Potatoes (Irish),2021-01-15,50.0,,False
Hagadera (Daadab),Maize,2021-01-15,45.0,,False
Hagadera (Daadab),Maize flour,2021-01-15,61.25,,False
Kalobeyei (Village 1),Maize flour,2021-01-15,70.0,,False
Mathare (Nairobi),Meat (beef),2021-01-15,420.0,,False
Kangemi (Nairobi),Meat (beef),2021-01-15,450.0,,False
Mukuru (Nairobi),Beans (dry),2021-01-15,100.0,,False
Kibra (Nairobi),Sugar,2021-01-15,110.0,,False
Mukuru (Nairobi),Potatoes (Irish),2021-01-15,45.0,,False
Kangemi (Nairobi),Salt,2021-01-15,50.0,,False
Kalobeyei (Village 3),Sugar,2021-01-15,120.0,,False
Kalobeyei (Village 3),Salt,2021-01-15,50.0,,False
Kalobeyei (Village 3),Rice,2021-01-15,100.0,,False
Kalobeyei (Village 3),Maize flour,2021-01-15,60.0,,False
Hagadera (Daadab),Salt,2021-01-15,50.0,,False
Kalobeyei (Village 2),Wheat flour,2021-01-15,72.5,,False
Hagadera (Daadab),Rice,2021-01-15,87.5,,False
Kalobeyei (Village 2),Sugar,2021-01-15,115.0,,False
Kalobeyei (Village 2),Salt,2021-01-15,50.0,,False
Hagadera (Daadab),Meat (goat),2021-01-15,400.0,,False
Hagadera (Daadab),Sugar,2021-01-15,91.25,,False
Hagadera (Daadab),Meat (camel),2021-01-15,525.0,,False
Hagadera (Daadab),Wheat flour,2021-01-15,70.0,,False
Kibra (Nairobi),Wheat flour,2021-01-15,60.0,,False
Kalobeyei (Village 3),Beans (dry),2021-01-15,100.0,,False
Kibra (Nairobi),Maize,2021-01-15,47.5,,False
Kawangware (Nairobi),Wheat flour,2021-01-15,65.0,,False
Kibra (Nairobi),Sorghum,2021-01-15,80.0,,False
Kangemi (Nairobi),Sugar,2021-01-15,110.0,,False
Kibra (Nairobi),Salt,2021-01-15,45.0,,False
Kawangware (Nairobi),Maize flour,2021-01-15,60.0,,False
Kawangware (Nairobi),Meat (beef),2021-01-15,450.0,,False
Kangemi (Nairobi),Wheat flour,2021-01-15,70.0,,False
Kawangware (Nairobi),Potatoes (Irish),2021-01-15,50.0,,False
Kawangware (Nairobi),Rice,2021-01-15,100.0,,False
Kibra (Nairobi),Maize flour,2021-01-15,55.0,,False
Kangemi (Nairobi),Rice,2021-01-15,100.0,,False
Kawangware (Nairobi),Salt,2021-01-15,50.0,,False
Kibra (Nairobi),Rice,2021-01-15,100.0,,False
Kawangware (Nairobi),Sugar,2021-01-15,110.0,,False
Kangemi (Nairobi),Meat (beef),2021-02-15,461.33,450.0,False
Kangemi (Nairobi),Maize flour,2021-02-15,53.81,50.0,False
Kangemi (Nairobi),Maize,2021-02-15,50.36,45.0,False
Kalobeyei (Village 3),Wheat flour,2021-02-15,75.0,67.5,False
Kalobeyei (Village 3),Salt,2021-02-15,62.5,50.0,False
Kalobeyei (Village 3),Rice,2021-02-15,110.0,100.0,False
Kangemi (Nairobi),Rice,2021-02-15,100.32,100.0,False
Kalobeyei (Village 3),Maize flour,2021-02-15,72.5,60.0,False
Kalobeyei (Village 3),Sugar,2021-02-15,120.0,120.0,False
Kangemi (Nairobi),Salt,2021-02-15,50.0,50.0,False
Kalobeyei (Village 1),Rice,2021-02-15,100.0,100.0,False
Kawangware (Nairobi),Maize flour,2021-02-15,57.92,60.0,False
Kawangware (Nairobi),Meat (beef),2021-02-15,460.0,450.0,False
Kawangware (Nairobi),Potatoes (Irish),2021-02-15,52.08,50.0,False
Kawangware (Nairobi),Rice,2021-02-15,99.2,100.0,False
Kawangware (Nairobi),Salt,2021-02-15,49.699999999999996,50.0,False
Kalobeyei (Village 1),Salt,2021-02-15,69.8,50.0,False
Kalobeyei (Village 1),Potatoes (Irish),2021-02-15,55.0,50.0,False
Kakuma 2,Potatoes (Irish),2021-02-15,48.33,,False
Kakuma 3,Salt,2021-02-15,61.449999999999996,,False
Kalobeyei (Village 3),Beans (dry),2021-02-15,120.0,100.0,False
Kangemi (Nairobi),Wheat flour,2021-02-15,65.87,70.0,False
Kalobeyei (Village 2),Wheat flour,2021-02-15,72.08,72.5,False
Ethiopia (Kakuma),Wheat flour,2021-02-15,75.0,,False
Kalobeyei (Village 2),Salt,2021-02-15,65.6,50.0,False
Ethiopia (Kakuma),Rice,2021-02-15,91.25,,False
HongKong (Kakuma),Salt,2021-02-15,56.25,,False
HongKong (Kakuma),Rice,2021-02-15,100.0,,False
Ethiopia (Kakuma),Maize,2021-02-15,46.25,,False
HongKong (Kakuma),Sugar,2021-02-15,116.25,,False
Ethiopia (Kakuma),Sugar,2021-02-15,117.5,,False
HongKong (Kakuma),Maize flour,2021-02-15,70.0,,False
HongKong (Kakuma),Beans (dry),2021-02-15,107.5,,False
Kakuma 3,Rice,2021-02-15,102.92,,False
HongKong (Kakuma),Maize,2021-02-15,48.12,,False
Kalobeyei (Village 2),Sugar,2021-02-15,112.5,115.0,False
Ethiopia (Kakuma),Maize flour,2021-02-15,65.42,,False
Ethiopia (Kakuma),Salt,2021-02-15,56.25,,False
Ethiopia (Kakuma),Beans (dry),2021-02-15,112.5,,False
Kangemi (Nairobi),Sugar,2021-02-15,108.42,110.0,False
Kawangware (Nairobi),Wheat flour,2021-02-15,67.98,65.0,False
Kalobeyei (Village 1),Sugar,2021-02-15,117.08,120.0,False
Kalobeyei (Village 1),Wheat flour,2021-02-15,74.17,72.5,False
Kalobeyei (Village 2),Beans (dry),2021-02-15,113.33,105.0,False
Kalobeyei (Village 2),Maize,2021-02-15,47.08,45.0,False
Kalobeyei (Village 2),Maize flour,2021-02-15,68.33,70.0,False
Kalobeyei (Village 2),Rice,2021-02-15,98.33,100.0,False
HongKong (Kakuma),Wheat flour,2021-02-15,73.75,,False
Kakuma 3,Potatoes (Irish),2021-02-15,49.5,,False
Kakuma 3,Wheat flour,2021-02-15,71.25,,False
Kakuma 3,Meat (beef),2021-02-15,405.56,,False
Mogadishu (Kakuma),Maize flour,2021-02-15,70.0,,False
Mogadishu (Kakuma),Rice,2021-02-15,110.0,,False
Mogadishu (Kakuma),Salt,2021-02-15,70.85,,False
Kibra (Nairobi),Wheat flour,2021-02-15,68.56,60.0,False
Mogadishu (Kakuma),Sugar,2021-02-15,120.0,,False
Mukuru (Nairobi),Beans (dry),2021-02-15,104.17,100.0,False
Mukuru (Nairobi),Maize,2021-02-15,47.38,50.0,False
Kibra (Nairobi),Sorghum,2021-02-15,78.33,80.0,False
Mukuru (Nairobi),Maize flour,2021-02-15,57.12,50.0,False
Mukuru (Nairobi),Meat (beef),2021-02-15,443.33,440.0,False
Mukuru (Nairobi),Potatoes (Irish),2021-02-15,49.81,45.0,False
Kibra (Nairobi),Salt,2021-02-15,50.99999999999999,45.0,False
Mukuru (Nairobi),Rice,2021-02-15,99.87,100.0,False
Mukuru (Nairobi),Wheat flour,2021-02-15,67.58,66.67,False
Kibra (Nairobi),Beans (dry),2021-02-15,115.4,105.0,False
Mukuru (Nairobi),Salt,2021-02-15,53.05,45.0,False
Kibra (Nairobi),Maize flour,2021-02-15,57.29,55.0,False
Mukuru (Nairobi),Sugar,2021-02-15,110.0,110.0,False
Kibra (Nairobi),Maize,2021-02-15,49.17,47.5,False
Kibra (Nairobi),Rice,2021-02-15,99.87,100.0,False
Mukuru (Nairobi),Sorghum,2021-02-15,68.33,50.0,False
Kakuma 3,Meat (goat),2021-02-15,471.11,,False
Mogadishu (Kakuma),Beans (dry),2021-02-15,116.67,,False
Kibra (Nairobi),Sugar,2021-02-15,109.8,110.0,False
Mathare (Nairobi),Meat (beef),2021-02-15,426.67,420.0,False
Kawangware (Nairobi),Sugar,2021-02-15,110.94,110.0,False
Kakuma 3,Maize flour,2021-02-15,66.04,,False
Kakuma 3,Sugar,2021-02-15,117.5,,False
Kakuma 3,Maize,2021-02-15,41.25,,False
Kakuma 3,Beans (dry),2021-02-15,112.92,,False
Kakuma 2,Wheat flour,2021-02-15,73.12,,False
Kakuma 2,Sugar,2021-02-15,116.25,,False
Kakuma 2,Salt,2021-02-15,62.5,,False
Kakuma 2,Maize flour,2021-02-15,67.71,,False
Kalobeyei (Village 1),Maize flour,2021-02-15,68.54,70.0,False
Kakuma 2,Maize,2021-02-15,41.67,,False
Kakuma 2,Beans (dry),2021-02-15,118.33,,False
Kakuma 2,Rice,2021-02-15,90.62,,False
Kakuma 4,Beans (dry),2021-02-15,120.5,,False
Kakuma 4,Maize,2021-02-15,43.75,,False
Kakuma 4,Maize flour,2021-02-15,67.0,,False
Kakuma 4,Potatoes (Irish),2021-02-15,51.88,,False
Kakuma 4,Rice,2021-02-15,95.5,,False
Kakuma 4,Salt,2021-02-15,68.1,,False
Kakuma 4,Sugar,2021-02-15,120.75,,False
Kakuma 4,Wheat flour,2021-02-15,74.12,,False
Kalobeyei (Village 1),Beans (dry),2021-02-15,107.5,110.0,False
Kalobeyei (Village 1),Maize,2021-02-15,40.62,47.5,False
Hagadera (Daadab),Meat (camel),2021-03-15,400.0,525.0,False
Mukuru (Nairobi),Maize flour,2021-03-15,53.66,57.12,False
Kibra (Nairobi),Maize,2021-03-15,50.0,49.17,False
Kakuma 4,Beans (dry),2021-03-15,115.48,120.5,False
Mukuru (Nairobi),Maize,2021-03-15,47.5,47.38,False
Mukuru (Nairobi),Beans (dry),2021-03-15,74.41,104.17,False
Kibra (Nairobi),Beans (dry),2021-03-15,72.22,115.4,False
Kalobeyei (Village 2),Wheat flour,2021-03-15,71.04,72.08,False
Kangemi (Nairobi),Sugar,2021-03-15,103.87,108.42,False
Kalobeyei (Village 3),Sugar,2021-03-15,120.0,120.0,False
Kakuma 2,Potatoes (Irish),2021-03-15,46.61,48.33,False
Hagadera (Daadab),Potatoes (Irish),2021-03-15,50.75,,False
Mogadishu (Kakuma),Beans (dry),2021-03-15,115.0,116.67,False
Kakuma 2,Salt,2021-03-15,50.0,62.5,False
Hagadera (Daadab),Maize,2021-03-15,64.74,45.0,False
Kalobeyei (Village 2),Sugar,2021-03-15,121.46,112.5,False
Kakuma 3,Potatoes (Irish),2021-03-15,46.45,49.5,False
Mogadishu (Kakuma),Maize flour,2021-03-15,69.17,70.0,False
Kalobeyei (Village 3),Rice,2021-03-15,91.76,110.0,False
Kawangware (Nairobi),Meat (beef),2021-03-15,549.25,460.0,False
Kakuma 3,Maize,2021-03-15,43.48,41.25,False
Kakuma 3,Beans (dry),2021-03-15,97.71,112.92,False
Mogadishu (Kakuma),Rice,2021-03-15,116.67,110.0,False
Kawangware (Nairobi),Maize flour,2021-03-15,51.1,57.92,False
Kakuma 2,Rice,2021-03-15,107.26,90.62,False
Kakuma 4,Maize,2021-03-15,43.99,43.75,False
Kakuma 3,Sugar,2021-03-15,117.74,117.5,False
IFO (Daadab),Sugar,2021-03-15,93.26,,False
Kawangware (Nairobi),Sugar,2021-03-15,105.36,110.94,False
Mathare (Nairobi),Meat (beef),2021-03-15,542.25,426.67,False
Kalobeyei (Village 2),Maize,2021-03-15,37.71,47.08,False
IFO (Daadab),Wheat flour,2021-03-15,72.26,,False
HongKong (Kakuma),Wheat flour,2021-03-15,72.02,73.75,False
Ethiopia (Kakuma),Maize,2021-03-15,47.17,46.25,False
Kangemi (Nairobi),Maize,2021-03-15,50.0,50.36,False
Kalobeyei (Village 1),Sugar,2021-03-15,113.43,117.08,False
Kalobeyei (Village 2),Beans (dry),2021-03-15,111.25,113.33,False
IFO (Daadab),Beans (dry),2021-03-15,100.29,,False
Ethiopia (Kakuma),Beans (dry),2021-03-15,114.17,112.5,False
Kalobeyei (Village 1),Rice,2021-03-15,100.0,100.0,False
Kalobeyei (Village 1),Wheat flour,2021-03-15,71.91,74.17,False
Kawangware (Nairobi),Wheat flour,2021-03-15,63.92,67.98,False
Kangemi (Nairobi),Meat (beef),2021-03-15,541.49,461.33,False
IFO (Daadab),Maize flour,2021-03-15,65.98,,False
Kangemi (Nairobi),Maize flour,2021-03-15,55.56,53.81,False
HongKong (Kakuma),Sugar,2021-03-15,117.26,116.25,False
Kalobeyei (Village 1),Salt,2021-03-15,57.35,69.8,False
Kakuma 4,Potatoes (Irish),2021-03-15,49.01,51.88,False
Kalobeyei (Village 1),Potatoes (Irish),2021-03-15,49.51,55.0,False
Kakuma 3,Rice,2021-03-15,116.55,102.92,False
Kalobeyei (Village 3),Beans (dry),2021-03-15,120.0,120.0,False
Kawangware (Nairobi),Salt,2021-03-15,49.800000000000004,49.699999999999996,False
Mogadishu (Kakuma),Sugar,2021-03-15,120.83,120.0,False
Hagadera (Daadab),Maize flour,2021-03-15,66.66,61.25,False
Kakuma 3,Salt,2021-03-15,52.8,61.449999999999996,False
Ethiopia (Kakuma),Maize flour,2021-03-15,64.83,65.42,False
Kawangware (Nairobi),Potatoes (Irish),2021-03-15,50.0,52.08,False
Kakuma 3,Wheat flour,2021-03-15,70.23,71.25,False
Ethiopia (Kakuma),Sugar,2021-03-15,115.67,117.5,False
IFO (Daadab),Salt,2021-03-15,50.0,,False
HongKong (Kakuma),Rice,2021-03-15,108.06,100.0,False
Kalobeyei (Village 1),Maize flour,2021-03-15,63.19,68.54,False
Ethiopia (Kakuma),Rice,2021-03-15,98.67,91.25,False
Kalobeyei (Village 2),Maize flour,2021-03-15,63.54,68.33,False
Mukuru (Nairobi),Sorghum,2021-03-15,70.98,68.33,False
IFO (Daadab),Maize,2021-03-15,58.89,,False
Mukuru (Nairobi),Rice,2021-03-15,90.0,99.87,False
Kakuma 2,Maize,2021-03-15,45.08,41.67,False
Mukuru (Nairobi),Potatoes (Irish),2021-03-15,48.01,49.81,False
Kibra (Nairobi),Rice,2021-03-15,89.76,99.87,False
Hagadera (Daadab),Sugar,2021-03-15,94.02,91.25,False
Kalobeyei (Village 1),Maize,2021-03-15,40.93,40.62,False
Kibra (Nairobi),Maize flour,2021-03-15,55.31,57.29,False
Kakuma 4,Maize flour,2021-03-15,68.54,67.0,False
Kangemi (Nairobi),Salt,2021-03-15,50.0,50.0,False
Kalobeyei (Village 2),Salt,2021-03-15,58.849999999999994,65.6,False
Kibra (Nairobi),Salt,2021-03-15,50.0,50.99999999999999,False
Kakuma 4,Salt,2021-03-15,65.3,68.1,False
Kakuma 2,Beans (dry),2021-03-15,115.48,118.33,False
Mukuru (Nairobi),Salt,2021-03-15,49.65,53.05,False
Mukuru (Nairobi),Meat (beef),2021-03-15,552.35,443.33,False
IFO (Daadab),Potatoes (Irish),2021-03-15,52.87,,False
Hagadera (Daadab),Wheat flour,2021-03-15,73.28,70.0,False
Kibra (Nairobi),Sorghum,2021-03-15,70.0,78.33,False
Hagadera (Daadab),Salt,2021-03-15,50.0,50.0,False
Kakuma 4,Rice,2021-03-15,100.0,95.5,False
HongKong (Kakuma),Maize flour,2021-03-15,68.95,70.0,False
Kakuma 3,Maize flour,2021-03-15,64.82,66.04,False
Kalobeyei (Village 3),Wheat flour,2021-03-15,70.0,75.0,False
Kibra (Nairobi),Wheat flour,2021-03-15,69.78,68.56,False
Kakuma 2,Wheat flour,2021-03-15,70.56,73.12,False
Kakuma 3,Meat (beef),2021-03-15,452.58,405.56,False
Kalobeyei (Village 3),Maize flour,2021-03-15,62.06,72.5,False
Ethiopia (Kakuma),Wheat flour,2021-03-15,73.0,75.0,False
Kangemi (Nairobi),Wheat flour,2021-03-15,65.08,65.87,False
Kakuma 2,Sugar,2021-03-15,118.39,116.25,False
IFO (Daadab),Meat (camel),2021-03-15,519.86,,False
Kalobeyei (Village 3),Salt,2021-03-15,60.3,62.5,False
Mogadishu (Kakuma),Salt,2021-03-15,61.1,70.85,False
Hagadera (Daadab),Beans (dry),2021-03-15,92.13,88.75,False
HongKong (Kakuma),Salt,2021-03-15,51.199999999999996,56.25,False
Kakuma 2,Maize flour,2021-03-15,64.52,67.71,False
Kawangware (Nairobi),Rice,2021-03-15,90.51,99.2,False
HongKong (Kakuma),Beans (dry),2021-03-15,114.52,107.5,False
Kibra (Nairobi),Sugar,2021-03-15,103.13,109.8,False
Hagadera (Daadab),Rice,2021-03-15,87.47,87.5,False
Kalobeyei (Village 1),Beans (dry),2021-03-15,113.63,107.5,False
HongKong (Kakuma),Maize,2021-03-15,45.16,48.12,False
Kalobeyei (Village 2),Rice,2021-03-15,101.25,98.33,False
Kangemi (Nairobi),Rice,2021-03-15,90.19,100.32,False
Mukuru (Nairobi),Wheat flour,2021-03-15,69.25,67.58,False
Kakuma 4,Wheat flour,2021-03-15,73.96,74.12,False
Mukuru (Nairobi),Sugar,2021-03-15,103.05,110.0,False
Ethiopia (Kakuma),Salt,2021-03-15,60.849999999999994,56.25,False
IFO (Daadab),Rice,2021-03-15,85.15,,False
Kalobeyei (Village 1),Maize,2021-04-15,40.94,40.93,False
Hagadera (Daadab),Maize flour,2021-04-15,65.89,66.66,False
Mukuru (Nairobi),Beans (dry),2021-04-15,95.45,74.41,False
IFO (Daadab),Salt,2021-04-15,50.0,50.0,False
HongKong (Kakuma),Maize flour,2021-04-15,69.33,68.95,False
Ethiopia (Kakuma),Sugar,2021-04-15,120.0,115.67,False
Kangemi (Nairobi),Wheat flour,2021-04-15,58.18,65.08,False
Kawangware (Nairobi),Wheat flour,2021-04-15,58.18,63.92,False
Kalobeyei (Village 2),Wheat flour,2021-04-15,69.94,71.04,False
Kakuma 3,Meat (beef),2021-04-15,423.64,452.58,False
Mathare (Nairobi),Meat (beef),2021-04-15,497.27,542.25,False
Kakuma 2,Wheat flour,2021-04-15,70.0,70.56,False
IFO (Daadab),Potatoes (Irish),2021-04-15,58.29,52.87,False
IFO (Daadab),Maize,2021-04-15,47.31,58.89,False
Kalobeyei (Village 3),Maize flour,2021-04-15,63.5,62.06,False
Kakuma 2,Salt,2021-04-15,55.849999999999994,50.0,False
Kalobeyei (Village 2),Maize flour,2021-04-15,67.72,63.54,False
Kalobeyei (Village 1),Rice,2021-04-15,100.0,100.0,False
Kalobeyei (Village 3),Rice,2021-04-15,100.0,91.76,False
Mukuru (Nairobi),Maize flour,2021-04-15,53.79,53.66,False
Kalobeyei (Village 1),Beans (dry),2021-04-15,110.17,113.63,False
Kakuma 4,Potatoes (Irish),2021-04-15,51.09,49.01,False
Kibra (Nairobi),Salt,2021-04-15,50.0,50.0,False
Hagadera (Daadab),Salt,2021-04-15,50.0,50.0,False
Hagadera (Daadab),Meat (camel),2021-04-15,455.56,400.0,False
Kibra (Nairobi),Maize flour,2021-04-15,58.18,55.31,False
Kawangware (Nairobi),Maize flour,2021-04-15,52.78,51.1,False
Mogadishu (Kakuma),Maize flour,2021-04-15,70.0,69.17,False
Mukuru (Nairobi),Maize,2021-04-15,44.09,47.5,False
IFO (Daadab),Beans (dry),2021-04-15,101.47,100.29,False
Mogadishu (Kakuma),Rice,2021-04-15,104.04,116.67,False
IFO (Daadab),Meat (camel),2021-04-15,588.89,519.86,False
Kawangware (Nairobi),Salt,2021-04-15,49.55,49.800000000000004,False
Kalobeyei (Village 3),Wheat flour,2021-04-15,71.75,70.0,False
Hagadera (Daadab),Meat (goat),2021-04-15,550.0,400.0,False
Ethiopia (Kakuma),Rice,2021-04-15,100.0,98.67,False
Kawangware (Nairobi),Sugar,2021-04-15,104.89,105.36,False
Kalobeyei (Village 1),Potatoes (Irish),2021-04-15,54.61,49.51,False
Kakuma 2,Potatoes (Irish),2021-04-15,51.17,46.61,False
Kalobeyei (Village 1),Sugar,2021-04-15,116.33,113.43,False
Kibra (Nairobi),Sugar,2021-04-15,114.84,103.13,False
Ethiopia (Kakuma),Beans (dry),2021-04-15,105.53,114.17,False
Kibra (Nairobi),Beans (dry),2021-04-15,90.15,72.22,False
Kakuma 3,Salt,2021-04-15,57.9,52.8,False
IFO (Daadab),Sugar,2021-04-15,102.3,93.26,False
Mogadishu (Kakuma),Sugar,2021-04-15,118.65,120.83,False
Kangemi (Nairobi),Rice,2021-04-15,96.36,90.19,False
Kibra (Nairobi),Wheat flour,2021-04-15,69.55,69.78,False
Kakuma 3,Wheat flour,2021-04-15,70.4,70.23,False
HongKong (Kakuma),Sugar,2021-04-15,117.0,117.26,False
Kangemi (Nairobi),Sugar,2021-04-15,107.09,103.87,False
Kakuma 3,Sugar,2021-04-15,117.67,117.74,False
Kalobeyei (Village 1),Maize flour,2021-04-15,65.53,63.19,False
Kalobeyei (Village 3),Beans (dry),2021-04-15,112.0,120.0,False
Kawangware (Nairobi),Potatoes (Irish),2021-04-15,50.0,50.0,False
Kangemi (Nairobi),Maize flour,2021-04-15,52.39,55.56,False
Kakuma 2,Rice,2021-04-15,104.17,107.26,False
HongKong (Kakuma),Rice,2021-04-15,98.67,108.06,False
HongKong (Kakuma),Salt,2021-04-15,57.5,51.199999999999996,False
Kalobeyei (Village 1),Salt,2021-04-15,58.89999999999999,57.35,False
Ethiopia (Kakuma),Maize,2021-04-15,41.84,47.17,False
Hagadera (Daadab),Potatoes (Irish),2021-04-15,56.62,50.75,False
Kakuma 3,Maize,2021-04-15,41.79,43.48,False
Mukuru (Nairobi),Wheat flour,2021-04-15,68.0,69.25,False
Kibra (Nairobi),Maize,2021-04-15,50.0,50.0,False
Ethiopia (Kakuma),Maize flour,2021-04-15,68.16,64.83,False
IFO (Daadab),Rice,2021-04-15,88.16,85.15,False
Kalobeyei (Village 3),Sugar,2021-04-15,120.0,120.0,False
Kalobeyei (Village 2),Rice,2021-04-15,102.5,101.25,False
Kangemi (Nairobi),Maize,2021-04-15,50.0,50.0,False
IFO (Daadab),Wheat flour,2021-04-15,73.55,72.26,False
HongKong (Kakuma),Maize,2021-04-15,41.67,45.16,False
Ethiopia (Kakuma),Wheat flour,2021-04-15,70.0,73.0,False
Kakuma 4,Maize,2021-04-15,42.07,43.99,False
Kalobeyei (Village 1),Wheat flour,2021-04-15,70.94,71.91,False
Hagadera (Daadab),Maize,2021-04-15,48.75,64.74,False
Kakuma 4,Rice,2021-04-15,100.0,100.0,False
Kakuma 2,Maize flour,2021-04-15,63.33,64.52,False
Ethiopia (Kakuma),Salt,2021-04-15,68.1,60.849999999999994,False
HongKong (Kakuma),Wheat flour,2021-04-15,71.67,72.02,False
Mukuru (Nairobi),Sorghum,2021-04-15,69.55,70.98,False
Kakuma 3,Meat (goat),2021-04-15,481.92,471.11,False
Kalobeyei (Village 2),Sugar,2021-04-15,117.56,121.46,False
Kakuma 4,Wheat flour,2021-04-15,70.4,73.96,False
Kangemi (Nairobi),Meat (beef),2021-04-15,492.73,541.49,False
Hagadera (Daadab),Rice,2021-04-15,88.18,87.47,False
Hagadera (Daadab),Wheat flour,2021-04-15,74.64,73.28,False
Mukuru (Nairobi),Sugar,2021-04-15,100.0,103.05,False
Kalobeyei (Village 2),Beans (dry),2021-04-15,112.89,111.25,False
Kakuma 3,Rice,2021-04-15,106.0,116.55,False
Kakuma 4,Sugar,2021-04-15,117.9,120.75,False
HongKong (Kakuma),Beans (dry),2021-04-15,110.67,114.52,False
Kakuma 3,Beans (dry),2021-04-15,109.89,97.71,False
Kibra (Nairobi),Sorghum,2021-04-15,72.12,70.0,False
Kakuma 4,Maize flour,2021-04-15,67.83,68.54,False
IFO (Daadab),Maize flour,2021-04-15,67.7,65.98,False
Kakuma 4,Beans (dry),2021-04-15,116.74,115.48,False
Mogadishu (Kakuma),Beans (dry),2021-04-15,116.15,115.0,False
Kibra (Nairobi),Rice,2021-04-15,98.48,89.76,False
Mukuru (Nairobi),Salt,2021-04-15,49.24999999999999,49.65,False
IFO (Daadab),Meat (goat),2021-04-15,550.0,,False
Hagadera (Daadab),Beans (dry),2021-04-15,91.04,92.13,False
Kangemi (Nairobi),Salt,2021-04-15,50.0,50.0,False
Kalobeyei (Village 2),Maize,2021-04-15,40.98,37.71,False
Mogadishu (Kakuma),Salt,2021-04-15,64.89999999999999,61.1,False
Kakuma 3,Potatoes (Irish),2021-04-15,52.11,46.45,False
Mukuru (Nairobi),Meat (beef),2021-04-15,482.73,552.35,False
Kalobeyei (Village 3),Salt,2021-04-15,55.849999999999994,60.3,False
Kakuma 2,Maize,2021-04-15,42.0,45.08,False
Kakuma 2,Sugar,2021-04-15,115.83,118.39,False
Kakuma 3,Maize flour,2021-04-15,65.81,64.82,False
Mukuru (Nairobi),Potatoes (Irish),2021-04-15,45.91,48.01,False
Kakuma 2,Beans (dry),2021-04-15,114.0,115.48,False
Kawangware (Nairobi),Rice,2021-04-15,96.36,90.51,False
Kawangware (Nairobi),Meat (beef),2021-04-15,475.15,549.25,False
Hagadera (Daadab),Sugar,2021-04-15,98.42,94.02,False
Kalobeyei (Village 2),Salt,2021-04-15,61.39999999999999,58.849999999999994,False
Mukuru (Nairobi),Rice,2021-04-15,100.18,90.0,False
Kakuma 4,Salt,2021-04-15,65.19999999999999,65.3,False
Kalobeyei (Village 1),Beans (dry),2021-05-15,100.0,110.17,False
HongKong (Kakuma),Rice,2021-05-15,100.0,98.67,False
Kibra (Nairobi),Wheat flour,2021-05-15,67.33,69.55,False
HongKong (Kakuma),Sugar,2021-05-15,112.22,117.0,False
IFO (Daadab),Wheat flour,2021-05-15,73.69,73.55,False
Kalobeyei (Village 1),Wheat flour,2021-05-15,70.37,70.94,False
Ethiopia (Kakuma),Maize flour,2021-05-15,68.06,68.16,False
Kangemi (Nairobi),Wheat flour,2021-05-15,60.26,58.18,False
Kalobeyei (Village 2),Rice,2021-05-15,100.0,102.5,False
Ethiopia (Kakuma),Wheat flour,2021-05-15,70.97,70.0,False
Kakuma 4,Wheat flour,2021-05-15,73.33,70.4,False
HongKong (Kakuma),Maize,2021-05-15,40.0,41.67,False
IFO (Daadab),Potatoes (Irish),2021-05-15,62.49,58.29,False
Kakuma 3,Beans (dry),2021-05-15,108.0,109.89,False
Mogadishu (Kakuma),Maize flour,2021-05-15,70.0,70.0,False
IFO (Daadab),Maize,2021-05-15,48.64,47.31,False
Kakuma 3,Maize flour,2021-05-15,63.75,65.81,False
Kibra (Nairobi),Sorghum,2021-05-15,80.0,72.12,False
IFO (Daadab),Salt,2021-05-15,50.4,50.0,False
HongKong (Kakuma),Beans (dry),2021-05-15,100.0,110.67,False
Kalobeyei (Village 1),Maize,2021-05-15,40.15,40.94,False
Ethiopia (Kakuma),Salt,2021-05-15,55.55,68.1,False
Kalobeyei (Village 3),Maize flour,2021-05-15,60.0,63.5,False
Mukuru (Nairobi),Sorghum,2021-05-15,68.83,69.55,False
Kakuma 3,Meat (goat),2021-05-15,486.67,481.92,False
HongKong (Kakuma),Maize flour,2021-05-15,62.22,69.33,False
Hagadera (Daadab),Wheat flour,2021-05-15,70.32,74.64,False
Kibra (Nairobi),Sugar,2021-05-15,100.0,114.84,False
Kangemi (Nairobi),Salt,2021-05-15,41.199999999999996,50.0,False
Mukuru (Nairobi),Wheat flour,2021-05-15,69.83,68.0,False
Kibra (Nairobi),Salt,2021-05-15,50.0,50.0,False
Ethiopia (Kakuma),Rice,2021-05-15,101.94,100.0,False
Kalobeyei (Village 1),Rice,2021-05-15,100.0,100.0,False
Kalobeyei (Village 1),Maize flour,2021-05-15,61.48,65.53,False
Kalobeyei (Village 3),Salt,2021-05-15,50.0,55.849999999999994,False
IFO (Daadab),Beans (dry),2021-05-15,99.41,101.47,False
IFO (Daadab),Meat (goat),2021-05-15,533.33,550.0,False
Kalobeyei (Village 2),Maize,2021-05-15,39.33,40.98,False
Mukuru (Nairobi),Salt,2021-05-15,50.0,49.24999999999999,False
Kalobeyei (Village 2),Salt,2021-05-15,50.0,61.39999999999999,False
Kawangware (Nairobi),Meat (beef),2021-05-15,559.33,475.15,False
HongKong (Kakuma),Salt,2021-05-15,62.949999999999996,57.5,False
IFO (Daadab),Rice,2021-05-15,81.28,88.16,False
Kakuma 4,Salt,2021-05-15,65.3,65.19999999999999,False
Kakuma 2,Beans (dry),2021-05-15,108.89,114.0,False
Kalobeyei (Village 2),Maize flour,2021-05-15,61.11,67.72,False
Kalobeyei (Village 3),Rice,2021-05-15,100.0,100.0,False
Kalobeyei (Village 1),Potatoes (Irish),2021-05-15,51.11,54.61,False
Kakuma 2,Wheat flour,2021-05-15,70.0,70.0,False
Kangemi (Nairobi),Rice,2021-05-15,100.0,96.36,False
Kalobeyei (Village 1),Salt,2021-05-15,51.849999999999994,58.89999999999999,False
Kangemi (Nairobi),Meat (beef),2021-05-15,563.15,492.73,False
Kawangware (Nairobi),Potatoes (Irish),2021-05-15,50.0,50.0,False
Mukuru (Nairobi),Sugar,2021-05-15,100.17,100.0,False
Kalobeyei (Village 3),Wheat flour,2021-05-15,70.0,71.75,False
Kakuma 3,Maize,2021-05-15,40.5,41.79,False
Kakuma 2,Sugar,2021-05-15,112.22,115.83,False
Ethiopia (Kakuma),Sugar,2021-05-15,114.17,120.0,False
Kangemi (Nairobi),Maize flour,2021-05-15,54.93,52.39,False
Mukuru (Nairobi),Beans (dry),2021-05-15,110.13,95.45,False
Hagadera (Daadab),Meat (goat),2021-05-15,550.0,550.0,False
Kibra (Nairobi),Maize,2021-05-15,50.0,50.0,False
Kakuma 4,Rice,2021-05-15,100.0,100.0,False
Kalobeyei (Village 1),Sugar,2021-05-15,112.22,116.33,False
Hagadera (Daadab),Potatoes (Irish),2021-05-15,59.05,56.62,False
Kakuma 3,Sugar,2021-05-15,113.0,117.67,False
Kakuma 3,Rice,2021-05-15,100.0,106.0,False
Hagadera (Daadab),Beans (dry),2021-05-15,91.83,91.04,False
Kakuma 2,Maize,2021-05-15,41.11,42.0,False
IFO (Daadab),Sugar,2021-05-15,97.55,102.3,False
Ethiopia (Kakuma),Beans (dry),2021-05-15,100.0,105.53,False
Hagadera (Daadab),Maize flour,2021-05-15,62.54,65.89,False
Kakuma 2,Potatoes (Irish),2021-05-15,50.0,51.17,False
Kakuma 4,Potatoes (Irish),2021-05-15,50.0,51.09,False
Kawangware (Nairobi),Maize flour,2021-05-15,53.84,52.78,False
Kibra (Nairobi),Rice,2021-05-15,100.0,98.48,False
Mogadishu (Kakuma),Salt,2021-05-15,75.0,64.89999999999999,False
Kakuma 3,Salt,2021-05-15,52.5,57.9,False
Kawangware (Nairobi),Sugar,2021-05-15,108.9,104.89,False
Hagadera (Daadab),Salt,2021-05-15,59.4,50.0,False
Hagadera (Daadab),Sugar,2021-05-15,98.14,98.42,False
Kawangware (Nairobi),Rice,2021-05-15,100.0,96.36,False
Mukuru (Nairobi),Potatoes (Irish),2021-05-15,49.83,45.91,False
Kalobeyei (Village 2),Beans (dry),2021-05-15,102.22,112.89,False
Ethiopia (Kakuma),Maize,2021-05-15,37.41,41.84,False
IFO (Daadab),Maize flour,2021-05-15,62.08,67.7,False
Mukuru (Nairobi),Rice,2021-05-15,100.0,100.18,False
Hagadera (Daadab),Maize,2021-05-15,49.42,48.75,False
Kawangware (Nairobi),Salt,2021-05-15,39.65,49.55,False
HongKong (Kakuma),Wheat flour,2021-05-15,71.11,71.67,False
Kakuma 3,Wheat flour,2021-05-15,70.2,70.4,False
Kakuma 2,Maize flour,2021-05-15,66.39,63.33,False
Kakuma 2,Salt,2021-05-15,50.0,55.849999999999994,False
Mukuru (Nairobi),Maize flour,2021-05-15,54.68,53.79,False
Kakuma 3,Potatoes (Irish),2021-05-15,50.75,52.11,False
Kalobeyei (Village 2),Sugar,2021-05-15,117.78,117.56,False
Kalobeyei (Village 2),Wheat flour,2021-05-15,70.0,69.94,False
Kalobeyei (Village 3),Sugar,2021-05-15,120.0,120.0,False
Kibra (Nairobi),Maize flour,2021-05-15,53.83,58.18,False
Hagadera (Daadab),Meat (camel),2021-05-15,500.0,455.56,False
Kalobeyei (Village 3),Beans (dry),2021-05-15,100.0,112.0,False
Mukuru (Nairobi),Meat (beef),2021-05-15,566.67,482.73,False
Kangemi (Nairobi),Sugar,2021-05-15,109.48,107.09,False
Hagadera (Daadab),Rice,2021-05-15,84.95,88.18,False
Mogadishu (Kakuma),Beans (dry),2021-05-15,100.0,116.15,False
Kakuma 4,Maize flour,2021-05-15,67.78,67.83,False
Mogadishu (Kakuma),Sugar,2021-05-15,120.0,118.65,False
IFO (Daadab),Meat (camel),2021-05-15,572.3,588.89,False
Kibra (Nairobi),Beans (dry),2021-05-15,109.67,90.15,False
Kakuma 4,Beans (dry),2021-05-15,101.11,116.74,False
Mathare (Nairobi),Meat (beef),2021-05-15,557.33,497.27,False
Kawangware (Nairobi),Wheat flour,2021-05-15,60.01,58.18,False
Kangemi (Nairobi),Maize,2021-05-15,50.0,50.0,False
Mogadishu (Kakuma),Rice,2021-05-15,100.0,104.04,False
Kakuma 4,Maize,2021-05-15,43.33,42.07,False
Kakuma 2,Rice,2021-05-15,100.0,104.17,False
Mukuru (Nairobi),Maize,2021-05-15,50.0,44.09,False
Kalobeyei (Village 2),Maize,2021-06-15,35.5,39.33,False
Mogadishu (Kakuma),Salt,2021-06-15,63.949999999999996,75.0,False
IFO (Daadab),Maize flour,2021-06-15,64.69,62.08,False
Kibra (Nairobi),Rice,2021-06-15,100.0,100.0,False
IFO (Daadab),Beans (dry),2021-06-15,99.87,99.41,False
Ethiopia (Kakuma),Salt,2021-06-15,64.69999999999999,55.55,False
Mukuru (Nairobi),Potatoes (Irish),2021-06-15,48.85,49.83,False
Kakuma 4,Salt,2021-06-15,62.5,65.3,False
Kakuma 2,Beans (dry),2021-06-15,112.71,108.89,False
Kakuma 4,Potatoes (Irish),2021-06-15,55.35,50.0,False
Kawangware (Nairobi),Rice,2021-06-15,100.0,100.0,False
Mukuru (Nairobi),Rice,2021-06-15,100.0,100.0,False
Hagadera (Daadab),Wheat flour,2021-06-15,70.43,70.32,False
Kawangware (Nairobi),Meat (beef),2021-06-15,550.0,559.33,False
Hagadera (Daadab),Sugar,2021-06-15,98.64,98.14,False
Kakuma 2,Maize,2021-06-15,45.15,41.11,False
Mukuru (Nairobi),Salt,2021-06-15,50.0,50.0,False
Mukuru (Nairobi),Meat (beef),2021-06-15,552.31,566.67,False
Kakuma 2,Sugar,2021-06-15,114.38,112.22,False
Hagadera (Daadab),Rice,2021-06-15,87.81,84.95,False
Kalobeyei (Village 3),Salt,2021-06-15,67.5,50.0,False
Kakuma 4,Sugar,2021-06-15,114.65,117.9,False
Mukuru (Nairobi),Maize,2021-06-15,50.0,50.0,False
Kibra (Nairobi),Sorghum,2021-06-15,80.0,80.0,False
Kakuma 4,Maize flour,2021-06-15,69.44,67.78,False
Kalobeyei (Village 1),Salt,2021-06-15,55.14999999999999,51.849999999999994,False
Kalobeyei (Village 2),Salt,2021-06-15,62.5,50.0,False
Kakuma 3,Maize flour,2021-06-15,65.19,63.75,False
Kakuma 4,Beans (dry),2021-06-15,113.89,101.11,False
Kangemi (Nairobi),Maize flour,2021-06-15,59.2,54.93,False
Mogadishu (Kakuma),Beans (dry),2021-06-15,108.24,100.0,False
Kalobeyei (Village 2),Sugar,2021-06-15,108.75,117.78,False
HongKong (Kakuma),Beans (dry),2021-06-15,107.36,100.0,False
Mukuru (Nairobi),Sorghum,2021-06-15,74.04,68.83,False
Kibra (Nairobi),Maize,2021-06-15,50.0,50.0,False
Kakuma 2,Maize flour,2021-06-15,65.1,66.39,False
Kakuma 3,Meat (goat),2021-06-15,481.25,486.67,False
Kakuma 3,Maize,2021-06-15,41.07,40.5,False
Kakuma 3,Potatoes (Irish),2021-06-15,46.83,50.75,False
Mukuru (Nairobi),Maize flour,2021-06-15,60.38,54.68,False
Mogadishu (Kakuma),Sugar,2021-06-15,117.94,120.0,False
Kangemi (Nairobi),Meat (beef),2021-06-15,547.36,563.15,False
Ethiopia (Kakuma),Sugar,2021-06-15,113.82,114.17,False
IFO (Daadab),Rice,2021-06-15,82.87,81.28,False
HongKong (Kakuma),Maize,2021-06-15,44.17,40.0,False
Hagadera (Daadab),Maize,2021-06-15,50.0,49.42,False
Kakuma 4,Rice,2021-06-15,102.92,100.0,False
Kalobeyei (Village 2),Rice,2021-06-15,104.5,100.0,False
Kalobeyei (Village 3),Sugar,2021-06-15,120.0,120.0,False
Kakuma 4,Maize,2021-06-15,45.24,43.33,False
Mukuru (Nairobi),Wheat flour,2021-06-15,70.0,69.83,False
Ethiopia (Kakuma),Wheat flour,2021-06-15,70.0,70.97,False
Hagadera (Daadab),Potatoes (Irish),2021-06-15,52.44,59.05,False
Kakuma 4,Wheat flour,2021-06-15,71.22,73.33,False
Kakuma 3,Beans (dry),2021-06-15,107.71,108.0,False
Mukuru (Nairobi),Sugar,2021-06-15,105.9,100.17,False
Mathare (Nairobi),Meat (beef),2021-06-15,541.54,557.33,False
IFO (Daadab),Potatoes (Irish),2021-06-15,57.28,62.49,False
Kibra (Nairobi),Maize flour,2021-06-15,55.0,53.83,False
Kawangware (Nairobi),Wheat flour,2021-06-15,64.58,60.01,False
Kawangware (Nairobi),Maize flour,2021-06-15,54.16,53.84,False
Kakuma 3,Sugar,2021-06-15,113.61,113.0,False
HongKong (Kakuma),Rice,2021-06-15,99.03,100.0,False
Ethiopia (Kakuma),Rice,2021-06-15,102.94,101.94,False
Kakuma 3,Wheat flour,2021-06-15,70.0,70.2,False
Mogadishu (Kakuma),Maize flour,2021-06-15,70.0,70.0,False
IFO (Daadab),Meat (camel),2021-06-15,593.33,572.3,False
Kakuma 3,Rice,2021-06-15,101.17,100.0,False
Ethiopia (Kakuma),Beans (dry),2021-06-15,111.76,100.0,False
Ethiopia (Kakuma),Maize flour,2021-06-15,63.82,68.06,False
Kangemi (Nairobi),Wheat flour,2021-06-15,66.84,60.26,False
Kibra (Nairobi),Sugar,2021-06-15,100.0,100.0,False
Kalobeyei (Village 1),Rice,2021-06-15,100.88,100.0,False
Kalobeyei (Village 3),Rice,2021-06-15,113.0,100.0,False
Kakuma 3,Salt,2021-06-15,50.0,52.5,False
Kakuma 2,Potatoes (Irish),2021-06-15,47.29,50.0,False
HongKong (Kakuma),Salt,2021-06-15,57.99999999999999,62.949999999999996,False
Kibra (Nairobi),Beans (dry),2021-06-15,113.08,109.67,False
Hagadera (Daadab),Meat (goat),2021-06-15,505.88,550.0,False
Kalobeyei (Village 1),Beans (dry),2021-06-15,110.29,100.0,False
Kawangware (Nairobi),Potatoes (Irish),2021-06-15,50.0,50.0,False
HongKong (Kakuma),Sugar,2021-06-15,111.25,112.22,False
Kakuma 2,Wheat flour,2021-06-15,70.0,70.0,False
Kalobeyei (Village 1),Potatoes (Irish),2021-06-15,60.0,51.11,False
Kalobeyei (Village 3),Wheat flour,2021-06-15,73.5,70.0,False
Kangemi (Nairobi),Maize,2021-06-15,47.58,50.0,False
Kalobeyei (Village 1),Wheat flour,2021-06-15,70.0,70.37,False
Kangemi (Nairobi),Sugar,2021-06-15,109.33,109.48,False
Kawangware (Nairobi),Salt,2021-06-15,43.099999999999994,39.65,False
Kakuma 3,Meat (beef),2021-06-15,480.0,423.64,False
Kibra (Nairobi),Wheat flour,2021-06-15,65.0,67.33,False
Kibra (Nairobi),Salt,2021-06-15,50.0,50.0,False
Hagadera (Daadab),Salt,2021-06-15,71.44999999999999,59.4,False
Hagadera (Daadab),Beans (dry),2021-06-15,93.23,91.83,False
Kangemi (Nairobi),Rice,2021-06-15,100.0,100.0,False
HongKong (Kakuma),Wheat flour,2021-06-15,69.76,71.11,False
Kalobeyei (Village 3),Beans (dry),2021-06-15,120.0,100.0,False
Kakuma 2,Salt,2021-06-15,53.65,50.0,False
Kakuma 2,Rice,2021-06-15,101.87,100.0,False
Kawangware (Nairobi),Sugar,2021-06-15,108.38,108.9,False
Kalobeyei (Village 1),Sugar,2021-06-15,117.06,112.22,False
Kangemi (Nairobi),Salt,2021-06-15,43.099999999999994,41.199999999999996,False
HongKong (Kakuma),Maize flour,2021-06-15,66.35,62.22,False
Kalobeyei (Village 2),Maize flour,2021-06-15,68.5,61.11,False
Ethiopia (Kakuma),Maize,2021-06-15,41.76,37.41,False
IFO (Daadab),Salt,2021-06-15,50.0,50.4,False
Kalobeyei (Village 2),Beans (dry),2021-06-15,115.75,102.22,False
Hagadera (Daadab),Meat (camel),2021-06-15,490.59,500.0,False
IFO (Daadab),Wheat flour,2021-06-15,73.25,73.69,False
IFO (Daadab),Sugar,2021-06-15,97.64,97.55,False
Kalobeyei (Village 2),Wheat flour,2021-06-15,73.5,70.0,False
IFO (Daadab),Maize,2021-06-15,48.86,48.64,False
Kalobeyei (Village 1),Maize flour,2021-06-15,67.94,61.48,False
Kalobeyei (Village 3),Maize flour,2021-06-15,65.0,60.0,False
Kalobeyei (Village 1),Maize,2021-06-15,43.97,40.15,False
Hagadera (Daadab),Maize flour,2021-06-15,64.35,62.54,False
Mukuru (Nairobi),Beans (dry),2021-06-15,116.31,110.13,False
Mogadishu (Kakuma),Rice,2021-06-15,111.47,100.0,False
Kawangware (Nairobi),Wheat flour,2021-07-15,67.5,64.58,False
Hagadera (Daadab),Meat (goat),2021-07-15,470.14,505.88,False
Mukuru (Nairobi),Beans (dry),2021-07-15,82.5,116.31,False
Kakuma 2,Potatoes (Irish),2021-07-15,43.24,47.29,False
Kakuma 3,Wheat flour,2021-07-15,70.0,70.0,False
Kawangware (Nairobi),Maize flour,2021-07-15,55.0,54.16,False
Kalobeyei (Village 1),Sugar,2021-07-15,112.65,117.06,False
Kalobeyei (Village 2),Wheat flour,2021-07-15,70.0,73.5,False
Mogadishu (Kakuma),Rice,2021-07-15,110.91,111.47,False
Hagadera (Daadab),Meat (camel),2021-07-15,486.39,490.59,False
Kibra (Nairobi),Beans (dry),2021-07-15,100.0,113.08,False
Kangemi (Nairobi),Salt,2021-07-15,50.0,43.099999999999994,False
Mukuru (Nairobi),Maize,2021-07-15,50.0,50.0,False
IFO (Daadab),Maize,2021-07-15,50.0,48.86,False
IFO (Daadab),Maize flour,2021-07-15,61.9,64.69,False
Kawangware (Nairobi),Meat (beef),2021-07-15,550.0,550.0,False
Hagadera (Daadab),Sugar,2021-07-15,95.81,98.64,False
Kakuma 4,Rice,2021-07-15,100.0,102.92,False
Mukuru (Nairobi),Wheat flour,2021-07-15,70.0,70.0,False
IFO (Daadab),Wheat flour,2021-07-15,69.22,73.25,False
Kibra (Nairobi),Sugar,2021-07-15,100.0,100.0,False
IFO (Daadab),Meat (camel),2021-07-15,582.29,593.33,False
Kalobeyei (Village 3),Wheat flour,2021-07-15,70.0,73.5,False
HongKong (Kakuma),Maize flour,2021-07-15,67.94,66.35,False
Kalobeyei (Village 2),Maize,2021-07-15,43.82,35.5,False
Ethiopia (Kakuma),Rice,2021-07-15,107.65,102.94,False
Kakuma 4,Beans (dry),2021-07-15,105.74,113.89,False
Kakuma 2,Rice,2021-07-15,105.29,101.87,False
IFO (Daadab),Salt,2021-07-15,50.0,50.0,False
IFO (Daadab),Sugar,2021-07-15,94.48,97.64,False
Mukuru (Nairobi),Meat (beef),2021-07-15,550.0,552.31,False
Hagadera (Daadab),Potatoes (Irish),2021-07-15,51.17,52.44,False
IFO (Daadab),Meat (goat),2021-07-15,581.25,533.33,False
Kakuma 4,Maize,2021-07-15,42.94,45.24,False
Kibra (Nairobi),Rice,2021-07-15,100.0,100.0,False
Kalobeyei (Village 2),Sugar,2021-07-15,115.88,108.75,False
Kakuma 2,Maize flour,2021-07-15,63.24,65.1,False
Kangemi (Nairobi),Maize flour,2021-07-15,54.38,59.2,False
Mukuru (Nairobi),Maize flour,2021-07-15,55.0,60.38,False
Mukuru (Nairobi),Potatoes (Irish),2021-07-15,44.0,48.85,False
Ethiopia (Kakuma),Maize,2021-07-15,50.0,41.76,False
Hagadera (Daadab),Rice,2021-07-15,86.49,87.81,False
Kakuma 4,Maize flour,2021-07-15,68.04,69.44,False
Kakuma 4,Potatoes (Irish),2021-07-15,45.44,55.35,False
Kalobeyei (Village 3),Sugar,2021-07-15,120.0,120.0,False
Mogadishu (Kakuma),Beans (dry),2021-07-15,106.36,108.24,False
Hagadera (Daadab),Salt,2021-07-15,50.0,71.44999999999999,False
Kalobeyei (Village 3),Rice,2021-07-15,120.0,113.0,False
Kakuma 2,Maize,2021-07-15,43.82,45.15,False
Kibra (Nairobi),Maize flour,2021-07-15,50.0,55.0,False
HongKong (Kakuma),Wheat flour,2021-07-15,70.0,69.76,False
Mukuru (Nairobi),Rice,2021-07-15,100.0,100.0,False
Mathare (Nairobi),Meat (beef),2021-07-15,540.0,541.54,False
Kakuma 3,Salt,2021-07-15,50.0,50.0,False
Kangemi (Nairobi),Sugar,2021-07-15,100.0,109.33,False
Kawangware (Nairobi),Sugar,2021-07-15,103.75,108.38,False
Hagadera (Daadab),Maize flour,2021-07-15,64.59,64.35,False
Kakuma 3,Sugar,2021-07-15,116.31,113.61,False
Kalobeyei (Village 1),Maize,2021-07-15,44.24,43.97,False
Kakuma 3,Meat (beef),2021-07-15,480.0,480.0,False
HongKong (Kakuma),Rice,2021-07-15,108.24,99.03,False
Kalobeyei (Village 2),Rice,2021-07-15,102.94,104.5,False
Kawangware (Nairobi),Salt,2021-07-15,50.0,43.099999999999994,False
Kibra (Nairobi),Maize,2021-07-15,45.0,50.0,False
Kakuma 3,Meat (goat),2021-07-15,481.57,481.25,False
Kawangware (Nairobi),Potatoes (Irish),2021-07-15,50.0,50.0,False
Kawangware (Nairobi),Rice,2021-07-15,100.0,100.0,False
Ethiopia (Kakuma),Beans (dry),2021-07-15,112.94,111.76,False
Hagadera (Daadab),Beans (dry),2021-07-15,95.19,93.23,False
Kakuma 2,Salt,2021-07-15,55.14999999999999,53.65,False
Kakuma 3,Potatoes (Irish),2021-07-15,47.45,46.83,False
Kakuma 3,Maize flour,2021-07-15,68.61,65.19,False
Kangemi (Nairobi),Maize,2021-07-15,50.0,47.58,False
Kakuma 4,Wheat flour,2021-07-15,69.49,71.22,False
Kalobeyei (Village 2),Beans (dry),2021-07-15,112.65,115.75,False
IFO (Daadab),Beans (dry),2021-07-15,98.7,99.87,False
Kakuma 2,Sugar,2021-07-15,110.0,114.38,False
Kalobeyei (Village 3),Maize flour,2021-07-15,65.0,65.0,False
Kakuma 2,Wheat flour,2021-07-15,67.79,70.0,False
Kakuma 3,Rice,2021-07-15,104.12,101.17,False
Kangemi (Nairobi),Wheat flour,2021-07-15,59.38,66.84,False
Ethiopia (Kakuma),Sugar,2021-07-15,120.0,113.82,False
Mogadishu (Kakuma),Salt,2021-07-15,68.2,63.949999999999996,False
Kalobeyei (Village 1),Wheat flour,2021-07-15,71.76,70.0,False
Kalobeyei (Village 3),Salt,2021-07-15,50.0,67.5,False
Kalobeyei (Village 3),Beans (dry),2021-07-15,120.0,120.0,False
Kibra (Nairobi),Wheat flour,2021-07-15,62.5,65.0,False
Ethiopia (Kakuma),Wheat flour,2021-07-15,70.0,70.0,False
Mukuru (Nairobi),Sugar,2021-07-15,100.0,105.9,False
Hagadera (Daadab),Maize,2021-07-15,50.65,50.0,False
Mukuru (Nairobi),Sorghum,2021-07-15,70.0,74.04,False
HongKong (Kakuma),Beans (dry),2021-07-15,111.76,107.36,False
Kalobeyei (Village 1),Maize flour,2021-07-15,66.18,67.94,False
Mogadishu (Kakuma),Maize flour,2021-07-15,63.64,70.0,False
Kalobeyei (Village 2),Maize flour,2021-07-15,65.59,68.5,False
Kangemi (Nairobi),Meat (beef),2021-07-15,550.0,547.36,False
Kalobeyei (Village 1),Potatoes (Irish),2021-07-15,50.0,60.0,False
Ethiopia (Kakuma),Maize flour,2021-07-15,70.0,63.82,False
HongKong (Kakuma),Salt,2021-07-15,61.050000000000004,57.99999999999999,False
Kalobeyei (Village 1),Beans (dry),2021-07-15,100.0,110.29,False
Kangemi (Nairobi),Rice,2021-07-15,100.0,100.0,False
HongKong (Kakuma),Maize,2021-07-15,50.0,44.17,False
IFO (Daadab),Potatoes (Irish),2021-07-15,50.86,57.28,False
Mogadishu (Kakuma),Sugar,2021-07-15,116.82,117.94,False
Kalobeyei (Village 2),Salt,2021-07-15,52.949999999999996,62.5,False
Kalobeyei (Village 1),Rice,2021-07-15,101.18,100.88,False
HongKong (Kakuma),Sugar,2021-07-15,115.88,111.25,False
Kakuma 2,Beans (dry),2021-07-15,108.24,112.71,False
Kakuma 3,Beans (dry),2021-07-15,115.61,107.71,False
Kakuma 4,Sugar,2021-07-15,112.5,114.65,False
Kibra (Nairobi),Sorghum,2021-07-15,80.0,80.0,False
Hagadera (Daadab),Wheat flour,2021-07-15,70.77,70.43,False
IFO (Daadab),Rice,2021-07-15,82.42,82.87,False
Mukuru (Nairobi),Salt,2021-07-15,50.0,50.0,False
Ethiopia (Kakuma),Salt,2021-07-15,65.44999999999999,64.69999999999999,False
Kakuma 3,Maize,2021-07-15,46.04,41.07,False
Kakuma 4,Salt,2021-07-15,62.5,62.5,False
Kalobeyei (Village 1),Salt,2021-07-15,50.0,55.14999999999999,False
Kibra (Nairobi),Salt,2021-07-15,50.0,50.0,False
Mogadishu (Kakuma),Sugar,2021-08-15,113.33,116.82,False
Kakuma 2,Maize,2021-08-15,45.0,43.82,False
Kalobeyei (Village 3),Wheat flour,2021-08-15,65.0,70.0,False
Mukuru (Nairobi),Maize flour,2021-08-15,55.0,55.0,False
IFO (Daadab),Rice,2021-08-15,82.09,82.42,False
Ethiopia (Kakuma),Maize,2021-08-15,46.89,50.0,False
Mukuru (Nairobi),Meat (beef),2021-08-15,506.25,550.0,False
Kangemi (Nairobi),Maize flour,2021-08-15,55.18,54.38,False
Mukuru (Nairobi),Potatoes (Irish),2021-08-15,48.16,44.0,False
Mogadishu (Kakuma),Rice,2021-08-15,95.0,110.91,False
Hagadera (Daadab),Maize,2021-08-15,76.37,50.65,False
Kakuma 3,Beans (dry),2021-08-15,105.76,115.61,False
Kalobeyei (Village 3),Rice,2021-08-15,100.0,120.0,False
Kibra (Nairobi),Beans (dry),2021-08-15,117.5,100.0,False
Hagadera (Daadab),Rice,2021-08-15,88.53,86.49,False
Kalobeyei (Village 2),Sugar,2021-08-15,117.42,115.88,False
Kakuma 4,Maize,2021-08-15,48.18,42.94,False
Kakuma 4,Beans (dry),2021-08-15,100.3,105.74,False
HongKong (Kakuma),Wheat flour,2021-08-15,70.0,70.0,False
Hagadera (Daadab),Meat (goat),2021-08-15,506.04,470.14,False
Kawangware (Nairobi),Wheat flour,2021-08-15,66.71,67.5,False
Kakuma 3,Wheat flour,2021-08-15,70.0,70.0,False
Kalobeyei (Village 1),Sugar,2021-08-15,116.82,112.65,False
Kalobeyei (Village 2),Wheat flour,2021-08-15,70.0,70.0,False
Hagadera (Daadab),Meat (camel),2021-08-15,497.92,486.39,False
Kakuma 2,Rice,2021-08-15,100.76,105.29,False
Kibra (Nairobi),Maize,2021-08-15,49.38,45.0,False
Mukuru (Nairobi),Maize,2021-08-15,47.81,50.0,False
Kalobeyei (Village 2),Beans (dry),2021-08-15,103.48,112.65,False
Kangemi (Nairobi),Salt,2021-08-15,50.0,50.0,False
Kangemi (Nairobi),Maize,2021-08-15,50.0,50.0,False
IFO (Daadab),Sugar,2021-08-15,94.08,94.48,False
Kakuma 2,Wheat flour,2021-08-15,69.85,67.79,False
Mukuru (Nairobi),Salt,2021-08-15,50.0,50.0,False
Mukuru (Nairobi),Rice,2021-08-15,100.0,100.0,False
Ethiopia (Kakuma),Salt,2021-08-15,50.849999999999994,65.44999999999999,False
Kakuma 2,Beans (dry),2021-08-15,108.41,108.24,False
Kalobeyei (Village 3),Salt,2021-08-15,50.0,50.0,False
Ethiopia (Kakuma),Beans (dry),2021-08-15,104.67,112.94,False
Ethiopia (Kakuma),Rice,2021-08-15,99.67,107.65,False
Kalobeyei (Village 3),Sugar,2021-08-15,117.5,120.0,True
IFO (Daadab),Salt,2021-08-15,51.050000000000004,50.0,False
Mogadishu (Kakuma),Salt,2021-08-15,50.0,68.2,False
Kangemi (Nairobi),Sugar,2021-08-15,100.55,100.0,False
Kakuma 2,Maize flour,2021-08-15,68.11,63.24,False
Kangemi (Nairobi),Meat (beef),2021-08-15,562.03,550.0,False
IFO (Daadab),Potatoes (Irish),2021-08-15,50.06,50.86,False
Kangemi (Nairobi),Rice,2021-08-15,100.0,100.0,False
Kakuma 2,Potatoes (Irish),2021-08-15,52.61,43.24,False
Mukuru (Nairobi),Beans (dry),2021-08-15,100.0,82.5,False
Kakuma 2,Salt,2021-08-15,57.949999999999996,55.14999999999999,False
Ethiopia (Kakuma),Maize flour,2021-08-15,68.83,70.0,False
Mukuru (Nairobi),Sugar,2021-08-15,100.58,100.0,False
IFO (Daadab),Wheat flour,2021-08-15,69.85,69.22,False
Mukuru (Nairobi),Sorghum,2021-08-15,75.83,70.0,False
Mukuru (Nairobi),Wheat flour,2021-08-15,66.21,70.0,True
Kangemi (Nairobi),Wheat flour,2021-08-15,65.33,59.38,False
Kawangware (Nairobi),Maize flour,2021-08-15,54.12,55.0,False
Kakuma 3,Sugar,2021-08-15,116.67,116.31,False
Kakuma 3,Salt,2021-08-15,50.0,50.0,False
Kawangware (Nairobi),Sugar,2021-08-15,100.67,103.75,False
Kalobeyei (Village 2),Rice,2021-08-15,99.39,102.94,False
Kakuma 4,Wheat flour,2021-08-15,72.39,69.49,False
HongKong (Kakuma),Beans (dry),2021-08-15,100.91,111.76,False
HongKong (Kakuma),Sugar,2021-08-15,116.82,115.88,False
Kibra (Nairobi),Sorghum,2021-08-15,80.0,80.0,False
Kakuma 4,Sugar,2021-08-15,111.74,112.5,False
Hagadera (Daadab),Wheat flour,2021-08-15,75.46,70.77,False
Kibra (Nairobi),Salt,2021-08-15,50.0,50.0,False
Kakuma 4,Salt,2021-08-15,50.55,62.5,False
Kalobeyei (Village 1),Salt,2021-08-15,50.0,50.0,False
Kibra (Nairobi),Rice,2021-08-15,100.0,100.0,False
Kalobeyei (Village 2),Salt,2021-08-15,50.0,52.949999999999996,False
HongKong (Kakuma),Maize,2021-08-15,43.33,50.0,False
Kakuma 4,Rice,2021-08-15,100.0,100.0,False
Kalobeyei (Village 3),Maize flour,2021-08-15,62.5,65.0,False
Hagadera (Daadab),Potatoes (Irish),2021-08-15,44.87,51.17,False
HongKong (Kakuma),Salt,2021-08-15,50.0,61.050000000000004,False
Mogadishu (Kakuma),Maize flour,2021-08-15,68.33,63.64,False
Mathare (Nairobi),Meat (beef),2021-08-15,505.0,540.0,False
IFO (Daadab),Meat (camel),2021-08-15,573.79,582.29,False
Kakuma 3,Maize flour,2021-08-15,66.91,68.61,False
Mogadishu (Kakuma),Beans (dry),2021-08-15,103.33,106.36,False
IFO (Daadab),Maize,2021-08-15,50.85,50.0,False
Kawangware (Nairobi),Meat (beef),2021-08-15,556.81,550.0,False
Kakuma 3,Maize,2021-08-15,43.58,46.04,False
Hagadera (Daadab),Maize flour,2021-08-15,65.22,64.59,False
Kakuma 4,Potatoes (Irish),2021-08-15,43.98,45.44,False
Kalobeyei (Village 1),Beans (dry),2021-08-15,93.64,100.0,False
Hagadera (Daadab),Sugar,2021-08-15,99.25,95.81,False
HongKong (Kakuma),Maize flour,2021-08-15,67.61,67.94,False
Kibra (Nairobi),Sugar,2021-08-15,100.0,100.0,False
Kalobeyei (Village 3),Beans (dry),2021-08-15,105.0,120.0,False
Kakuma 3,Rice,2021-08-15,103.89,104.12,False
Kawangware (Nairobi),Rice,2021-08-15,99.36,100.0,False
Kakuma 3,Potatoes (Irish),2021-08-15,39.31,47.45,False
Hagadera (Daadab),Beans (dry),2021-08-15,95.07,95.19,False
IFO (Daadab),Beans (dry),2021-08-15,98.38,98.7,False
Kawangware (Nairobi),Potatoes (Irish),2021-08-15,48.65,50.0,False
Kakuma 3,Meat (goat),2021-08-15,446.0,481.57,False
Ethiopia (Kakuma),Wheat flour,2021-08-15,70.0,70.0,False
Kakuma 3,Meat (beef),2021-08-15,480.0,480.0,False
Kalobeyei (Village 1),Wheat flour,2021-08-15,72.61,71.76,False
Kakuma 4,Maize flour,2021-08-15,68.41,68.04,False
Kawangware (Nairobi),Salt,2021-08-15,50.0,50.0,False
Ethiopia (Kakuma),Sugar,2021-08-15,113.78,120.0,False
Kibra (Nairobi),Maize flour,2021-08-15,50.0,50.0,False
Kalobeyei (Village 1),Maize,2021-08-15,40.66,44.24,False
Kibra (Nairobi),Wheat flour,2021-08-15,62.5,62.5,False
IFO (Daadab),Maize flour,2021-08-15,61.63,61.9,False
Kalobeyei (Village 1),Rice,2021-08-15,100.0,101.18,True
HongKong (Kakuma),Rice,2021-08-15,100.0,108.24,False
Kalobeyei (Village 2),Maize,2021-08-15,43.92,43.82,False
Kalobeyei (Village 2),Maize flour,2021-08-15,64.55,65.59,False
IFO (Daadab),Meat (goat),2021-08-15,567.47,581.25,False
Kalobeyei (Village 1),Potatoes (Irish),2021-08-15,46.82,50.0,False
Hagadera (Daadab),Salt,2021-08-15,50.0,50.0,False
Kalobeyei (Village 1),Maize flour,2021-08-15,65.0,66.18,False
HongKong (Kakuma),Sugar,2021-09-15,116.11,116.82,False
Kalobeyei (Village 1),Salt,2021-09-15,50.0,50.0,False
Kakuma 3,Wheat flour,2021-09-15,70.49,70.0,False
Hagadera (Daadab),Meat (camel),2021-09-15,500.0,497.92,False
Kangemi (Nairobi),Salt,2021-09-15,50.0,50.0,False
Kangemi (Nairobi),Maize flour,2021-09-15,54.5,55.18,False
Kalobeyei (Village 2),Wheat flour,2021-09-15,70.83,70.0,False
Kawangware (Nairobi),Salt,2021-09-15,50.0,50.0,False
Kakuma 3,Maize,2021-09-15,40.0,43.58,False
HongKong (Kakuma),Wheat flour,2021-09-15,70.56,70.0,False
IFO (Daadab),Wheat flour,2021-09-15,69.93,69.85,False
Ethiopia (Kakuma),Maize,2021-09-15,45.33,46.89,False
Kalobeyei (Village 2),Beans (dry),2021-09-15,115.0,103.48,False
Kawangware (Nairobi),Wheat flour,2021-09-15,63.44,66.71,False
Kakuma 2,Sugar,2021-09-15,116.67,110.0,False
Hagadera (Daadab),Maize,2021-09-15,65.0,76.37,False
Kalobeyei (Village 2),Maize,2021-09-15,37.83,43.92,False
Kawangware (Nairobi),Meat (beef),2021-09-15,550.0,556.81,False
IFO (Daadab),Sugar,2021-09-15,93.89,94.08,False
IFO (Daadab),Beans (dry),2021-09-15,96.59,98.38,False
Kakuma 2,Rice,2021-09-15,111.67,100.76,False
Mogadishu (Kakuma),Beans (dry),2021-09-15,115.0,103.33,False
Kakuma 2,Potatoes (Irish),2021-09-15,40.0,52.61,True
Kalobeyei (Village 1),Rice,2021-09-15,96.67,100.0,True
Kangemi (Nairobi),Meat (beef),2021-09-15,540.0,562.03,False
Kakuma 3,Beans (dry),2021-09-15,114.19,105.76,False
Kakuma 3,Sugar,2021-09-15,111.98,116.67,False
IFO (Daadab),Maize flour,2021-09-15,60.8,61.63,False
Kakuma 3,Salt,2021-09-15,50.0,50.0,False
HongKong (Kakuma),Salt,2021-09-15,50.0,50.0,False
Mogadishu (Kakuma),Sugar,2021-09-15,120.0,113.33,True
IFO (Daadab),Meat (camel),2021-09-15,565.22,573.79,False
Kawangware (Nairobi),Maize flour,2021-09-15,55.0,54.12,False
Ethiopia (Kakuma),Beans (dry),2021-09-15,112.13,104.67,False
Hagadera (Daadab),Meat (goat),2021-09-15,509.17,506.04,False
Mukuru (Nairobi),Beans (dry),2021-09-15,116.0,100.0,False
Kalobeyei (Village 1),Potatoes (Irish),2021-09-15,47.5,46.82,False
Kangemi (Nairobi),Maize,2021-09-15,48.85,50.0,False
Ethiopia (Kakuma),Maize flour,2021-09-15,67.67,68.83,False
Kibra (Nairobi),Beans (dry),2021-09-15,120.0,117.5,False
IFO (Daadab),Meat (goat),2021-09-15,581.52,567.47,False
Kalobeyei (Village 1),Sugar,2021-09-15,110.0,116.82,False
Mukuru (Nairobi),Maize,2021-09-15,50.0,47.81,False
Kalobeyei (Village 2),Maize flour,2021-09-15,63.33,64.55,False
Mathare (Nairobi),Meat (beef),2021-09-15,590.0,505.0,False
Kakuma 3,Maize flour,2021-09-15,65.58,66.91,False
Kakuma 4,Beans (dry),2021-09-15,107.78,100.3,False
Kalobeyei (Village 1),Maize flour,2021-09-15,65.42,65.0,False
Mogadishu (Kakuma),Maize flour,2021-09-15,68.75,68.33,False
Kalobeyei (Village 3),Wheat flour,2021-09-15,65.0,65.0,False
Kakuma 3,Rice,2021-09-15,106.36,103.89,False
HongKong (Kakuma),Rice,2021-09-15,96.11,100.0,False
Kalobeyei (Village 3),Sugar,2021-09-15,120.0,117.5,True
Hagadera (Daadab),Potatoes (Irish),2021-09-15,48.08,44.87,False
IFO (Daadab),Maize,2021-09-15,51.19,50.85,False
Kawangware (Nairobi),Sugar,2021-09-15,101.36,100.67,False
Hagadera (Daadab),Maize flour,2021-09-15,63.18,65.22,False
Kalobeyei (Village 3),Beans (dry),2021-09-15,120.0,105.0,False
Kalobeyei (Village 1),Wheat flour,2021-09-15,70.83,72.61,False
Kakuma 4,Maize,2021-09-15,44.17,48.18,False
Kalobeyei (Village 2),Salt,2021-09-15,50.0,50.0,False
Ethiopia (Kakuma),Salt,2021-09-15,54.0,50.849999999999994,False
Kibra (Nairobi),Salt,2021-09-15,50.0,50.0,False
Kakuma 3,Meat (goat),2021-09-15,464.35,446.0,False
IFO (Daadab),Potatoes (Irish),2021-09-15,50.13,50.06,False
Kakuma 3,Meat (beef),2021-09-15,453.33,480.0,False
Mukuru (Nairobi),Sorghum,2021-09-15,75.0,75.83,False
Mukuru (Nairobi),Maize flour,2021-09-15,53.0,55.0,False
Kalobeyei (Village 3),Maize flour,2021-09-15,60.0,62.5,False
Mukuru (Nairobi),Meat (beef),2021-09-15,510.0,506.25,False
Kakuma 2,Wheat flour,2021-09-15,70.83,69.85,False
Mukuru (Nairobi),Wheat flour,2021-09-15,67.5,66.21,False
Kakuma 2,Maize flour,2021-09-15,64.17,68.11,False
Mukuru (Nairobi),Salt,2021-09-15,50.0,50.0,False
HongKong (Kakuma),Maize flour,2021-09-15,65.14,67.61,False
Kibra (Nairobi),Sugar,2021-09-15,100.0,100.0,False
Hagadera (Daadab),Rice,2021-09-15,88.3,88.53,False
Ethiopia (Kakuma),Rice,2021-09-15,102.8,99.67,False
HongKong (Kakuma),Maize,2021-09-15,37.5,43.33,False
Kakuma 4,Maize flour,2021-09-15,67.92,68.41,False
Kibra (Nairobi),Sorghum,2021-09-15,80.0,80.0,False
Kibra (Nairobi),Maize,2021-09-15,50.0,49.38,False
Mogadishu (Kakuma),Rice,2021-09-15,107.5,95.0,False
IFO (Daadab),Salt,2021-09-15,50.0,51.050000000000004,False
Kibra (Nairobi),Wheat flour,2021-09-15,60.0,62.5,False
Ethiopia (Kakuma),Sugar,2021-09-15,118.6,113.78,False
Kalobeyei (Village 1),Beans (dry),2021-09-15,110.0,93.64,True
Kalobeyei (Village 2),Sugar,2021-09-15,111.67,117.42,False
Kakuma 4,Salt,2021-09-15,53.699999999999996,50.55,False
IFO (Daadab),Rice,2021-09-15,80.41,82.09,False
Kakuma 2,Beans (dry),2021-09-15,120.0,108.41,True
Kalobeyei (Village 3),Salt,2021-09-15,50.0,50.0,False
Kakuma 3,Potatoes (Irish),2021-09-15,38.47,39.31,False
Kakuma 4,Sugar,2021-09-15,112.22,111.74,False
Kangemi (Nairobi),Sugar,2021-09-15,103.33,100.55,False
Ethiopia (Kakuma),Wheat flour,2021-09-15,74.3,70.0,True
Kalobeyei (Village 3),Rice,2021-09-15,100.0,100.0,False
Kangemi (Nairobi),Rice,2021-09-15,100.0,100.0,False
Kangemi (Nairobi),Wheat flour,2021-09-15,61.5,65.33,False
Kakuma 2,Maize,2021-09-15,45.83,45.0,False
Kalobeyei (Village 1),Maize,2021-09-15,42.92,40.66,False
HongKong (Kakuma),Beans (dry),2021-09-15,111.67,100.91,False
Mukuru (Nairobi),Sugar,2021-09-15,100.59,100.58,False
Hagadera (Daadab),Salt,2021-09-15,50.599999999999994,50.0,False
Kalobeyei (Village 2),Rice,2021-09-15,96.67,99.39,False
Kibra (Nairobi),Maize flour,2021-09-15,50.0,50.0,False
Mukuru (Nairobi),Rice,2021-09-15,99.71,100.0,False
Kawangware (Nairobi),Potatoes (Irish),2021-09-15,49.0,48.65,False
Kakuma 4,Rice,2021-09-15,90.28,100.0,True
Kakuma 4,Wheat flour,2021-09-15,70.74,72.39,False
Mogadishu (Kakuma),Salt,2021-09-15,50.0,50.0,False
Kibra (Nairobi),Rice,2021-09-15,100.0,100.0,False
Hagadera (Daadab),Beans (dry),2021-09-15,91.24,95.07,True
Kakuma 4,Potatoes (Irish),2021-09-15,37.82,43.98,False
Hagadera (Daadab),Wheat flour,2021-09-15,70.99,75.46,False
Mukuru (Nairobi),Potatoes (Irish),2021-09-15,50.0,48.16,False
Kawangware (Nairobi),Rice,2021-09-15,100.73,99.36,False
Hagadera (Daadab),Sugar,2021-09-15,98.26,99.25,False
IFO (Daadab),Beans (dry),2021-10-15,98.37,96.59,False
IFO (Daadab),Sugar,2021-10-15,98.39,93.89,False
Kalobeyei (Village 2),Beans (dry),2021-10-15,106.67,115.0,False
Kalobeyei (Village 1),Sugar,2021-10-15,113.33,110.0,False
Kalobeyei (Village 1),Salt,2021-10-15,66.64999999999999,50.0,False
HongKong (Kakuma),Wheat flour,2021-10-15,75.59,70.56,True
Kakuma 3,Maize,2021-10-15,47.78,40.0,True
Kangemi (Nairobi),Maize flour,2021-10-15,58.08,54.5,False
Ethiopia (Kakuma),Maize,2021-10-15,50.0,45.33,False
Kakuma 3,Beans (dry),2021-10-15,108.72,114.19,False
Kawangware (Nairobi),Maize flour,2021-10-15,57.19,55.0,False
HongKong (Kakuma),Salt,2021-10-15,53.449999999999996,50.0,False
Ethiopia (Kakuma),Beans (dry),2021-10-15,114.0,112.13,False
IFO (Daadab),Maize,2021-10-15,50.0,51.19,False
Kangemi (Nairobi),Maize,2021-10-15,50.0,48.85,False
Kalobeyei (Village 1),Rice,2021-10-15,100.0,96.67,True
Kalobeyei (Village 1),Beans (dry),2021-10-15,106.67,110.0,False
Mathare (Nairobi),Meat (beef),2021-10-15,550.0,590.0,False
Mukuru (Nairobi),Wheat flour,2021-10-15,70.0,67.5,False
Kibra (Nairobi),Sugar,2021-10-15,100.0,100.0,False
Ethiopia (Kakuma),Sugar,2021-10-15,120.0,118.6,False
Kakuma 2,Wheat flour,2021-10-15,73.33,70.83,False
HongKong (Kakuma),Sugar,2021-10-15,117.25,116.11,False
Kalobeyei (Village 1),Wheat flour,2021-10-15,72.5,70.83,False
IFO (Daadab),Wheat flour,2021-10-15,69.47,69.93,False
Mukuru (Nairobi),Sorghum,2021-10-15,70.0,75.0,False
Kalobeyei (Village 2),Maize,2021-10-15,35.33,37.83,False
HongKong (Kakuma),Maize flour,2021-10-15,70.0,65.14,False
Kibra (Nairobi),Rice,2021-10-15,100.0,100.0,False
Kalobeyei (Village 2),Rice,2021-10-15,91.67,96.67,False
Kakuma 3,Meat (beef),2021-10-15,500.0,453.33,False
IFO (Daadab),Rice,2021-10-15,81.19,80.41,False
Kibra (Nairobi),Sorghum,2021-10-15,80.0,80.0,False
IFO (Daadab),Potatoes (Irish),2021-10-15,51.57,50.13,False
Kawangware (Nairobi),Potatoes (Irish),2021-10-15,50.0,49.0,False
Kakuma 2,Sugar,2021-10-15,115.0,116.67,False
Hagadera (Daadab),Wheat flour,2021-10-15,76.15,70.99,False
Kakuma 2,Beans (dry),2021-10-15,97.5,120.0,True
Kawangware (Nairobi),Meat (beef),2021-10-15,508.33,550.0,False
Kakuma 4,Salt,2021-10-15,62.99999999999999,53.699999999999996,False
Mukuru (Nairobi),Salt,2021-10-15,50.0,50.0,False
HongKong (Kakuma),Beans (dry),2021-10-15,102.75,111.67,False
Kangemi (Nairobi),Wheat flour,2021-10-15,67.69,61.5,False
Kakuma 3,Meat (goat),2021-10-15,484.38,464.35,False
Kangemi (Nairobi),Rice,2021-10-15,100.62,100.0,False
Ethiopia (Kakuma),Wheat flour,2021-10-15,75.0,74.3,False
Kibra (Nairobi),Salt,2021-10-15,50.0,50.0,False
Kakuma 4,Wheat flour,2021-10-15,74.55,70.74,False
Kangemi (Nairobi),Sugar,2021-10-15,100.0,103.33,False
HongKong (Kakuma),Maize,2021-10-15,40.93,37.5,False
Kangemi (Nairobi),Meat (beef),2021-10-15,500.0,540.0,False
Mukuru (Nairobi),Sugar,2021-10-15,100.0,100.59,False
Ethiopia (Kakuma),Rice,2021-10-15,109.33,102.8,False
Kakuma 3,Potatoes (Irish),2021-10-15,43.37,38.47,False
IFO (Daadab),Salt,2021-10-15,50.0,50.0,False
Mukuru (Nairobi),Meat (beef),2021-10-15,550.0,510.0,False
Hagadera (Daadab),Meat (goat),2021-10-15,570.0,509.17,False
Mukuru (Nairobi),Beans (dry),2021-10-15,120.0,116.0,False
Mukuru (Nairobi),Maize flour,2021-10-15,50.0,53.0,False
Kibra (Nairobi),Beans (dry),2021-10-15,120.0,120.0,False
Mukuru (Nairobi),Maize,2021-10-15,45.0,50.0,False
Kakuma 4,Beans (dry),2021-10-15,105.83,107.78,False
Kakuma 2,Maize flour,2021-10-15,61.67,64.17,False
Kakuma 3,Rice,2021-10-15,105.6,106.36,False
Kalobeyei (Village 2),Sugar,2021-10-15,118.33,111.67,False
Kakuma 4,Maize,2021-10-15,45.75,44.17,False
Kalobeyei (Village 2),Wheat flour,2021-10-15,74.17,70.83,False
Hagadera (Daadab),Meat (camel),2021-10-15,575.0,500.0,False
Hagadera (Daadab),Maize flour,2021-10-15,65.36,63.18,False
Kakuma 2,Rice,2021-10-15,104.17,111.67,False
Mukuru (Nairobi),Potatoes (Irish),2021-10-15,50.0,50.0,False
Kakuma 4,Rice,2021-10-15,98.54,90.28,False
Hagadera (Daadab),Beans (dry),2021-10-15,91.18,91.24,False
Kalobeyei (Village 1),Maize,2021-10-15,42.5,42.92,False
Mukuru (Nairobi),Rice,2021-10-15,100.0,99.71,False
Kakuma 4,Potatoes (Irish),2021-10-15,45.76,37.82,False
Kakuma 3,Sugar,2021-10-15,119.09,111.98,True
Kakuma 3,Salt,2021-10-15,50.0,50.0,False
Kawangware (Nairobi),Salt,2021-10-15,50.0,50.0,False
Hagadera (Daadab),Salt,2021-10-15,50.449999999999996,50.599999999999994,False
Hagadera (Daadab),Rice,2021-10-15,86.79,88.3,False
Kawangware (Nairobi),Sugar,2021-10-15,100.59,101.36,False
Kakuma 2,Potatoes (Irish),2021-10-15,40.83,40.0,False
Kawangware (Nairobi),Rice,2021-10-15,100.67,100.73,False
Kalobeyei (Village 2),Salt,2021-10-15,62.5,50.0,False
Kalobeyei (Village 2),Maize flour,2021-10-15,63.33,63.33,False
Kalobeyei (Village 1),Maize flour,2021-10-15,68.33,65.42,False
Kakuma 3,Maize flour,2021-10-15,67.73,65.58,False
Kibra (Nairobi),Wheat flour,2021-10-15,62.5,60.0,False
HongKong (Kakuma),Rice,2021-10-15,93.82,96.11,False
Ethiopia (Kakuma),Maize flour,2021-10-15,70.0,67.67,False
IFO (Daadab),Meat (camel),2021-10-15,550.0,565.22,False
Kalobeyei (Village 1),Potatoes (Irish),2021-10-15,40.0,47.5,False
IFO (Daadab),Maize flour,2021-10-15,60.56,60.8,False
Hagadera (Daadab),Sugar,2021-10-15,99.82,98.26,False
IFO (Daadab),Meat (goat),2021-10-15,579.41,581.52,False
Hagadera (Daadab),Potatoes (Irish),2021-10-15,42.97,48.08,False
Kakuma 4,Sugar,2021-10-15,117.81,112.22,False
Kawangware (Nairobi),Wheat flour,2021-10-15,64.71,63.44,False
Kakuma 2,Maize,2021-10-15,41.25,45.83,False
Hagadera (Daadab),Maize,2021-10-15,50.36,65.0,False
Kibra (Nairobi),Maize flour,2021-10-15,52.5,50.0,False
Kangemi (Nairobi),Salt,2021-10-15,50.0,50.0,False
Ethiopia (Kakuma),Salt,2021-10-15,63.349999999999994,54.0,False
Kakuma 4,Maize flour,2021-10-15,69.74,67.92,False
Kakuma 3,Wheat flour,2021-10-15,73.19,70.49,True
Kibra (Nairobi),Maize,2021-10-15,45.0,50.0,False
IFO (Daadab),Wheat flour,2021-11-15,76.07,69.47,True
Hagadera (Daadab),Meat (goat),2021-11-15,487.83,570.0,False
Kalobeyei (Village 2),Maize flour,2021-11-15,67.5,63.33,False
Kalobeyei (Village 3),Wheat flour,2021-11-15,70.0,65.0,False
Kibra (Nairobi),Maize flour,2021-11-15,55.0,52.5,False
Kakuma 2,Maize,2021-11-15,40.0,41.25,False
Kalobeyei (Village 1),Maize flour,2021-11-15,65.0,68.33,False
Kibra (Nairobi),Wheat flour,2021-11-15,66.67,62.5,False
Hagadera (Daadab),Salt,2021-11-15,50.0,50.449999999999996,False
Hagadera (Daadab),Wheat flour,2021-11-15,79.74,76.15,False
Kangemi (Nairobi),Rice,2021-11-15,100.0,100.62,False
Kakuma 4,Sugar,2021-11-15,130.0,117.81,True
Kibra (Nairobi),Sorghum,2021-11-15,80.0,80.0,False
Kalobeyei (Village 2),Maize,2021-11-15,47.5,35.33,True
Kakuma 2,Potatoes (Irish),2021-11-15,50.0,40.83,False
Kawangware (Nairobi),Wheat flour,2021-11-15,71.92,64.71,False
Kalobeyei (Village 3),Rice,2021-11-15,80.0,100.0,False
Kakuma 4,Beans (dry),2021-11-15,113.33,105.83,False
Kalobeyei (Village 1),Potatoes (Irish),2021-11-15,40.0,40.0,False
Kakuma 3,Maize flour,2021-11-15,65.0,67.73,False
Kawangware (Nairobi),Rice,2021-11-15,100.0,100.67,False
Kangemi (Nairobi),Sugar,2021-11-15,116.0,100.0,True
Kawangware (Nairobi),Meat (beef),2021-11-15,575.71,508.33,False
Kakuma 3,Meat (goat),2021-11-15,465.0,484.38,False
Kakuma 3,Beans (dry),2021-11-15,100.0,108.72,False
IFO (Daadab),Meat (camel),2021-11-15,583.33,550.0,False
Kalobeyei (Village 3),Beans (dry),2021-11-15,100.0,120.0,False
Kakuma 3,Potatoes (Irish),2021-11-15,43.33,43.37,False
Kawangware (Nairobi),Salt,2021-11-15,50.0,50.0,False
Kalobeyei (Village 3),Salt,2021-11-15,75.0,50.0,True
Mathare (Nairobi),Meat (beef),2021-11-15,550.0,550.0,False
Kalobeyei (Village 3),Maize flour,2021-11-15,60.0,60.0,False
Kangemi (Nairobi),Wheat flour,2021-11-15,68.89,67.69,False
Kakuma 2,Wheat flour,2021-11-15,72.5,73.33,False
Kakuma 3,Rice,2021-11-15,120.0,105.6,True
Hagadera (Daadab),Beans (dry),2021-11-15,91.7,91.18,False
Kawangware (Nairobi),Maize flour,2021-11-15,63.46,57.19,True
Kakuma 3,Maize,2021-11-15,40.0,47.78,False
Hagadera (Daadab),Maize,2021-11-15,53.8,50.36,False
Kakuma 3,Salt,2021-11-15,50.0,50.0,False
Kawangware (Nairobi),Potatoes (Irish),2021-11-15,68.75,50.0,True
IFO (Daadab),Meat (goat),2021-11-15,566.67,579.41,False
Kibra (Nairobi),Beans (dry),2021-11-15,130.0,120.0,False
Kalobeyei (Village 1),Beans (dry),2021-11-15,96.67,106.67,False
Hagadera (Daadab),Maize flour,2021-11-15,65.2,65.36,False
Kalobeyei (Village 2),Wheat flour,2021-11-15,70.0,74.17,False
IFO (Daadab),Sugar,2021-11-15,99.31,98.39,False
Kakuma 4,Salt,2021-11-15,66.64999999999999,62.99999999999999,False
Kibra (Nairobi),Rice,2021-11-15,100.0,100.0,False
Kalobeyei (Village 1),Wheat flour,2021-11-15,75.0,72.5,False
Hagadera (Daadab),Meat (camel),2021-11-15,487.61,575.0,False
Kangemi (Nairobi),Maize flour,2021-11-15,60.56,58.08,False
Kalobeyei (Village 1),Sugar,2021-11-15,116.67,113.33,False
Kakuma 3,Wheat flour,2021-11-15,73.33,73.19,False
Kalobeyei (Village 1),Salt,2021-11-15,50.0,66.64999999999999,False
Kakuma 4,Potatoes (Irish),2021-11-15,50.0,45.76,False
Hagadera (Daadab),Sugar,2021-11-15,105.09,99.82,True
Kangemi (Nairobi),Salt,2021-11-15,50.0,50.0,False
IFO (Daadab),Maize,2021-11-15,51.97,50.0,False
Kalobeyei (Village 2),Salt,2021-11-15,62.5,62.5,False
IFO (Daadab),Beans (dry),2021-11-15,101.14,98.37,False
Kalobeyei (Village 2),Sugar,2021-11-15,122.5,118.33,False
Kibra (Nairobi),Salt,2021-11-15,50.0,50.0,False
Kalobeyei (Village 2),Beans (dry),2021-11-15,117.5,106.67,False
Kangemi (Nairobi),Maize,2021-11-15,50.0,50.0,False
Kakuma 2,Beans (dry),2021-11-15,100.0,97.5,False
Kalobeyei (Village 3),Sugar,2021-11-15,120.0,120.0,False
Kakuma 3,Sugar,2021-11-15,120.0,119.09,False
Kangemi (Nairobi),Meat (beef),2021-11-15,580.0,500.0,False
Kibra (Nairobi),Sugar,2021-11-15,128.33,100.0,True
IFO (Daadab),Rice,2021-11-15,87.99,81.19,True
Kakuma 4,Maize,2021-11-15,46.67,45.75,False
Kakuma 4,Wheat flour,2021-11-15,78.33,74.55,False
Kalobeyei (Village 1),Maize,2021-11-15,36.67,42.5,False
Kalobeyei (Village 2),Rice,2021-11-15,85.0,91.67,True
Kakuma 4,Maize flour,2021-11-15,70.0,69.74,False
Hagadera (Daadab),Potatoes (Irish),2021-11-15,45.2,42.97,False
IFO (Daadab),Salt,2021-11-15,50.0,50.0,False
Kibra (Nairobi),Maize,2021-11-15,50.0,45.0,False
IFO (Daadab),Potatoes (Irish),2021-11-15,52.16,51.57,False
Kalobeyei (Village 1),Rice,2021-11-15,80.0,100.0,True
Hagadera (Daadab),Rice,2021-11-15,88.44,86.79,False
Kakuma 4,Rice,2021-11-15,100.0,98.54,False
Kakuma 2,Maize flour,2021-11-15,70.0,61.67,True
Kawangware (Nairobi),Sugar,2021-11-15,140.0,100.59,True
Kakuma 2,Rice,2021-11-15,110.0,104.17,False
Kakuma 3,Meat (beef),2021-12-15,500.0,500.0,False
Kibra (Nairobi),Wheat flour,2021-12-15,67.5,66.67,False
Mukuru (Nairobi),Sugar,2021-12-15,118.85,100.0,True
Kakuma 3,Salt,2021-12-15,50.0,50.0,False
Kalobeyei (Village 1),Beans (dry),2021-12-15,110.0,96.67,False
Mogadishu (Kakuma),Rice,2021-12-15,110.0,107.5,False
IFO (Daadab),Rice,2021-12-15,89.1,87.99,False
Kakuma 4,Maize,2021-12-15,50.0,46.67,False
Kalobeyei (Village 2),Rice,2021-12-15,100.0,85.0,True
Kangemi (Nairobi),Maize,2021-12-15,50.0,50.0,False
IFO (Daadab),Maize,2021-12-15,50.0,51.97,False
Hagadera (Daadab),Maize flour,2021-12-15,66.41,65.2,False
Kibra (Nairobi),Sorghum,2021-12-15,80.0,80.0,False
Kalobeyei (Village 2),Sugar,2021-12-15,120.0,122.5,False
Kakuma 4,Wheat flour,2021-12-15,80.0,78.33,False
Mukuru (Nairobi),Maize flour,2021-12-15,65.0,50.0,True
Mukuru (Nairobi),Sorghum,2021-12-15,80.0,70.0,False
Kalobeyei (Village 1),Rice,2021-12-15,100.0,80.0,True
Kalobeyei (Village 2),Maize,2021-12-15,40.0,47.5,False
Kawangware (Nairobi),Sugar,2021-12-15,112.31,140.0,True
Mogadishu (Kakuma),Beans (dry),2021-12-15,105.0,115.0,False
Hagadera (Daadab),Potatoes (Irish),2021-12-15,50.9,45.2,False
HongKong (Kakuma),Beans (dry),2021-12-15,105.0,102.75,False
Mukuru (Nairobi),Salt,2021-12-15,50.0,50.0,False
HongKong (Kakuma),Maize,2021-12-15,42.5,40.93,False
Kakuma 2,Rice,2021-12-15,125.0,110.0,False
Kalobeyei (Village 2),Maize flour,2021-12-15,55.0,67.5,True
Hagadera (Daadab),Rice,2021-12-15,85.95,88.44,False
Kangemi (Nairobi),Wheat flour,2021-12-15,70.0,68.89,False
Ethiopia (Kakuma),Maize flour,2021-12-15,70.0,70.0,False
Mukuru (Nairobi),Meat (beef),2021-12-15,550.0,550.0,False
Kangemi (Nairobi),Rice,2021-12-15,100.0,100.0,False
Kangemi (Nairobi),Salt,2021-12-15,50.0,50.0,False
Kawangware (Nairobi),Salt,2021-12-15,50.0,50.0,False
Kakuma 3,Sugar,2021-12-15,135.42,120.0,True
Mukuru (Nairobi),Wheat flour,2021-12-15,70.0,70.0,False
Kangemi (Nairobi),Meat (beef),2021-12-15,550.0,580.0,False
HongKong (Kakuma),Sugar,2021-12-15,126.25,117.25,True
Kalobeyei (Village 1),Sugar,2021-12-15,130.0,116.67,True
Hagadera (Daadab),Wheat flour,2021-12-15,80.0,79.74,False
IFO (Daadab),Potatoes (Irish),2021-12-15,56.58,52.16,False
Kibra (Nairobi),Salt,2021-12-15,50.0,50.0,False
Kakuma 4,Sugar,2021-12-15,133.75,130.0,False
Ethiopia (Kakuma),Sugar,2021-12-15,140.0,120.0,True
HongKong (Kakuma),Rice,2021-12-15,105.0,93.82,False
Kalobeyei (Village 2),Wheat flour,2021-12-15,65.0,70.0,True
Ethiopia (Kakuma),Beans (dry),2021-12-15,110.0,114.0,False
IFO (Daadab),Wheat flour,2021-12-15,79.67,76.07,False
Kakuma 4,Maize flour,2021-12-15,68.75,70.0,False
Mogadishu (Kakuma),Sugar,2021-12-15,130.0,120.0,True
Kibra (Nairobi),Sugar,2021-12-15,130.0,128.33,False
Kawangware (Nairobi),Rice,2021-12-15,100.0,100.0,False
Ethiopia (Kakuma),Wheat flour,2021-12-15,80.0,75.0,True
Mogadishu (Kakuma),Maize flour,2021-12-15,62.5,68.75,False
Kangemi (Nairobi),Sugar,2021-12-15,112.22,116.0,False
HongKong (Kakuma),Salt,2021-12-15,50.0,53.449999999999996,False
Kalobeyei (Village 1),Wheat flour,2021-12-15,80.0,75.0,True
Hagadera (Daadab),Meat (camel),2021-12-15,494.74,487.61,False
Hagadera (Daadab),Salt,2021-12-15,50.0,50.0,False
Kawangware (Nairobi),Meat (beef),2021-12-15,550.0,575.71,False
Kakuma 4,Rice,2021-12-15,100.0,100.0,False
IFO (Daadab),Meat (camel),2021-12-15,587.5,583.33,False
HongKong (Kakuma),Maize flour,2021-12-15,67.5,70.0,False
IFO (Daadab),Sugar,2021-12-15,114.39,99.31,True
Kalobeyei (Village 1),Potatoes (Irish),2021-12-15,40.0,40.0,False
Kakuma 4,Salt,2021-12-15,56.25,66.64999999999999,False
Mukuru (Nairobi),Rice,2021-12-15,100.0,100.0,False
Kakuma 2,Wheat flour,2021-12-15,79.17,72.5,True
Kalobeyei (Village 1),Salt,2021-12-15,75.0,50.0,True
Kakuma 2,Maize,2021-12-15,46.67,40.0,True
Kakuma 2,Sugar,2021-12-15,130.0,115.0,True
Mathare (Nairobi),Meat (beef),2021-12-15,550.0,550.0,False
Kibra (Nairobi),Rice,2021-12-15,100.0,100.0,False
Kalobeyei (Village 2),Beans (dry),2021-12-15,100.0,117.5,False
Kibra (Nairobi),Beans (dry),2021-12-15,130.0,130.0,False
Kakuma 2,Maize flour,2021-12-15,70.42,70.0,False
Hagadera (Daadab),Maize,2021-12-15,52.31,53.8,False
IFO (Daadab),Meat (goat),2021-12-15,562.5,566.67,False
Kawangware (Nairobi),Potatoes (Irish),2021-12-15,68.89,68.75,False
Kibra (Nairobi),Maize,2021-12-15,50.0,50.0,False
Hagadera (Daadab),Sugar,2021-12-15,120.3,105.09,True
Mukuru (Nairobi),Maize,2021-12-15,55.0,45.0,True
Kakuma 2,Beans (dry),2021-12-15,111.67,100.0,False
Ethiopia (Kakuma),Salt,2021-12-15,50.0,63.349999999999994,False
Kakuma 3,Wheat flour,2021-12-15,76.04,73.33,True
Kakuma 3,Rice,2021-12-15,117.5,120.0,False
Kakuma 3,Potatoes (Irish),2021-12-15,50.0,43.33,False
Mogadishu (Kakuma),Salt,2021-12-15,50.0,50.0,False
Ethiopia (Kakuma),Maize,2021-12-15,50.0,50.0,False
Kakuma 3,Meat (goat),2021-12-15,465.0,465.0,False
HongKong (Kakuma),Wheat flour,2021-12-15,74.38,75.59,False
Kangemi (Nairobi),Maize flour,2021-12-15,63.5,60.56,False
Kakuma 2,Potatoes (Irish),2021-12-15,46.67,50.0,False
Kibra (Nairobi),Maize flour,2021-12-15,55.0,55.0,False
IFO (Daadab),Beans (dry),2021-12-15,101.93,101.14,False
Kawangware (Nairobi),Wheat flour,2021-12-15,69.23,71.92,False
Kalobeyei (Village 1),Maize,2021-12-15,47.5,36.67,True
Kawangware (Nairobi),Maize flour,2021-12-15,64.62,63.46,False
Ethiopia (Kakuma),Rice,2021-12-15,120.0,109.33,True
Kalobeyei (Village 2),Salt,2021-12-15,50.0,62.5,False
Hagadera (Daadab),Beans (dry),2021-12-15,90.12,91.7,False
Kakuma 4,Potatoes (Irish),2021-12-15,51.25,50.0,False
Kakuma 3,Beans (dry),2021-12-15,102.5,100.0,False
IFO (Daadab),Salt,2021-12-15,50.0,50.0,False
Mukuru (Nairobi),Potatoes (Irish),2021-12-15,65.0,50.0,True
Kakuma 3,Maize flour,2021-12-15,65.0,65.0,False
Hagadera (Daadab),Meat (goat),2021-12-15,500.0,487.83,False
Kalobeyei (Village 1),Maize flour,2021-12-15,65.0,65.0,False
Kakuma 3,Maize,2021-12-15,47.5,40.0,False
Kakuma 4,Beans (dry),2021-12-15,110.0,113.33,False
Kakuma 2,Salt,2021-12-15,50.0,57.949999999999996,False
Mukuru (Nairobi),Beans (dry),2021-12-15,120.0,120.0,False
Kakuma 2,Rice,2022-01-15,113.67,125.0,False
Kawangware (Nairobi),Sugar,2022-01-15,120.0,112.31,False
Kakuma 2,Maize flour,2022-01-15,68.83,70.42,False
Kangemi (Nairobi),Sugar,2022-01-15,117.5,112.22,False
Ethiopia (Kakuma),Maize flour,2022-01-15,65.0,70.0,False
Kalobeyei (Village 1),Wheat flour,2022-01-15,83.83,80.0,False
Kalobeyei (Village 2),Wheat flour,2022-01-15,81.67,65.0,True
Mukuru (Nairobi),Beans (dry),2022-01-15,120.0,120.0,False
Kawangware (Nairobi),Meat (beef),2022-01-15,550.0,550.0,False
Kangemi (Nairobi),Meat (beef),2022-01-15,540.0,550.0,False
Ethiopia (Kakuma),Rice,2022-01-15,93.75,120.0,True
Kakuma 2,Sugar,2022-01-15,129.67,130.0,False
Mukuru (Nairobi),Salt,2022-01-15,50.0,50.0,False
Kakuma 3,Meat (goat),2022-01-15,522.33,465.0,True
Kakuma 4,Salt,2022-01-15,53.89999999999999,56.25,False
Mukuru (Nairobi),Rice,2022-01-15,100.0,100.0,False
Kalobeyei (Village 1),Salt,2022-01-15,61.65,75.0,False
Kibra (Nairobi),Rice,2022-01-15,100.0,100.0,False
Kakuma 2,Beans (dry),2022-01-15,105.33,111.67,False
Mogadishu (Kakuma),Maize flour,2022-01-15,70.0,62.5,True
Ethiopia (Kakuma),Maize,2022-01-15,44.38,50.0,False
Kawangware (Nairobi),Potatoes (Irish),2022-01-15,68.0,68.89,False
Kakuma 3,Rice,2022-01-15,123.62,117.5,False
Kalobeyei (Village 3),Wheat flour,2022-01-15,73.0,70.0,False
Kawangware (Nairobi),Salt,2022-01-15,50.0,50.0,False
HongKong (Kakuma),Salt,2022-01-15,50.0,50.0,False
Kalobeyei (Village 1),Maize flour,2022-01-15,74.5,65.0,True
Kalobeyei (Village 3),Rice,2022-01-15,96.5,80.0,False
Kakuma 3,Wheat flour,2022-01-15,78.12,76.04,False
Kakuma 3,Salt,2022-01-15,50.0,50.0,False
Kibra (Nairobi),Wheat flour,2022-01-15,67.5,67.5,False
Kangemi (Nairobi),Maize,2022-01-15,50.0,50.0,False
Kawangware (Nairobi),Wheat flour,2022-01-15,70.0,69.23,False
Kalobeyei (Village 1),Potatoes (Irish),2022-01-15,54.38,40.0,True
Kakuma 2,Potatoes (Irish),2022-01-15,49.38,46.67,False
Kakuma 3,Beans (dry),2022-01-15,100.27,102.5,False
Kawangware (Nairobi),Maize flour,2022-01-15,58.33,64.62,False
Mukuru (Nairobi),Maize,2022-01-15,60.0,55.0,False
Kalobeyei (Village 2),Beans (dry),2022-01-15,114.0,100.0,False
Mogadishu (Kakuma),Sugar,2022-01-15,130.0,130.0,False
Kibra (Nairobi),Beans (dry),2022-01-15,130.0,130.0,False
HongKong (Kakuma),Rice,2022-01-15,103.75,105.0,False
Kakuma 2,Salt,2022-01-15,50.0,50.0,False
Kakuma 3,Maize flour,2022-01-15,72.72,65.0,True
Kangemi (Nairobi),Salt,2022-01-15,50.0,50.0,False
Kakuma 4,Beans (dry),2022-01-15,110.0,110.0,False
Kakuma 3,Sugar,2022-01-15,127.47,135.42,False
Ethiopia (Kakuma),Beans (dry),2022-01-15,104.38,110.0,False
Kakuma 4,Rice,2022-01-15,103.67,100.0,False
HongKong (Kakuma),Maize,2022-01-15,48.75,42.5,False
Kakuma 2,Wheat flour,2022-01-15,76.33,79.17,False
HongKong (Kakuma),Sugar,2022-01-15,134.38,126.25,True
Kakuma 4,Sugar,2022-01-15,130.78,133.75,False
Ethiopia (Kakuma),Wheat flour,2022-01-15,74.69,80.0,True
Kakuma 3,Potatoes (Irish),2022-01-15,49.22,50.0,False
HongKong (Kakuma),Maize flour,2022-01-15,70.0,67.5,False
Mogadishu (Kakuma),Beans (dry),2022-01-15,117.5,105.0,False
Kalobeyei (Village 2),Sugar,2022-01-15,140.87,120.0,True
HongKong (Kakuma),Wheat flour,2022-01-15,77.19,74.38,False
Mathare (Nairobi),Meat (beef),2022-01-15,550.0,550.0,False
Ethiopia (Kakuma),Salt,2022-01-15,50.0,50.0,False
Kangemi (Nairobi),Rice,2022-01-15,100.0,100.0,False
Kibra (Nairobi),Maize flour,2022-01-15,57.5,55.0,False
Kakuma 2,Maize,2022-01-15,47.17,46.67,False
Mogadishu (Kakuma),Salt,2022-01-15,50.0,50.0,False
Mukuru (Nairobi),Meat (beef),2022-01-15,550.0,550.0,False
Kalobeyei (Village 3),Sugar,2022-01-15,129.67,120.0,True
Kawangware (Nairobi),Rice,2022-01-15,100.0,100.0,False
Kalobeyei (Village 1),Sugar,2022-01-15,130.0,130.0,False
Kalobeyei (Village 2),Maize flour,2022-01-15,70.0,55.0,True
Kakuma 4,Maize flour,2022-01-15,69.06,68.75,False
Kibra (Nairobi),Maize,2022-01-15,45.0,50.0,False
Kakuma 4,Maize,2022-01-15,54.33,50.0,False
Mukuru (Nairobi),Maize flour,2022-01-15,60.0,65.0,False
Mukuru (Nairobi),Wheat flour,2022-01-15,70.0,70.0,False
Kalobeyei (Village 3),Beans (dry),2022-01-15,100.0,100.0,False
Kangemi (Nairobi),Wheat flour,2022-01-15,68.12,70.0,False
Kibra (Nairobi),Sorghum,2022-01-15,80.0,80.0,False
Kalobeyei (Village 1),Maize,2022-01-15,47.33,47.5,False
Kalobeyei (Village 2),Salt,2022-01-15,73.35,50.0,True
Kakuma 3,Maize,2022-01-15,53.62,47.5,False
Mukuru (Nairobi),Potatoes (Irish),2022-01-15,35.0,65.0,True
Kalobeyei (Village 3),Salt,2022-01-15,55.849999999999994,75.0,False
Kibra (Nairobi),Sugar,2022-01-15,122.5,130.0,False
Kibra (Nairobi),Salt,2022-01-15,50.0,50.0,False
Ethiopia (Kakuma),Sugar,2022-01-15,124.38,140.0,False
Kangemi (Nairobi),Maize flour,2022-01-15,58.75,63.5,False
Kakuma 4,Potatoes (Irish),2022-01-15,50.0,51.25,False
Kalobeyei (Village 1),Rice,2022-01-15,100.0,100.0,False
Kalobeyei (Village 1),Beans (dry),2022-01-15,119.33,110.0,False
Mogadishu (Kakuma),Rice,2022-01-15,103.75,110.0,False
Mukuru (Nairobi),Sugar,2022-01-15,116.5,118.85,False
Kakuma 3,Meat (beef),2022-01-15,482.67,500.0,False
Kalobeyei (Village 2),Rice,2022-01-15,99.0,100.0,False
HongKong (Kakuma),Beans (dry),2022-01-15,108.75,105.0,False
Kakuma 4,Wheat flour,2022-01-15,81.17,80.0,False
Mukuru (Nairobi),Sorghum,2022-01-15,80.0,80.0,False
Kalobeyei (Village 2),Maize,2022-01-15,50.0,40.0,False
Kalobeyei (Village 3),Maize flour,2022-01-15,65.33,60.0,False
Kalobeyei (Village 1),Rice,2022-02-15,100.0,100.0,False
Ethiopia (Kakuma),Salt,2022-02-15,63.449999999999996,50.0,False
Mogadishu (Kakuma),Sugar,2022-02-15,132.69,130.0,False
Kalobeyei (Village 1),Sugar,2022-02-15,132.69,130.0,False
Kakuma 3,Meat (beef),2022-02-15,450.0,482.67,False
Kakuma 3,Maize flour,2022-02-15,70.9,72.72,False
Kakuma 3,Sugar,2022-02-15,134.0,127.47,False
Kalobeyei (Village 3),Rice,2022-02-15,100.0,96.5,False
Kakuma 2,Rice,2022-02-15,119.23,113.67,False
Mogadishu (Kakuma),Rice,2022-02-15,132.69,103.75,True
HongKong (Kakuma),Beans (dry),2022-02-15,105.38,108.75,False
Kakuma 3,Salt,2022-02-15,50.0,50.0,False
Kakuma 4,Wheat flour,2022-02-15,80.0,81.17,False
Ethiopia (Kakuma),Maize flour,2022-02-15,67.69,65.0,False
Kalobeyei (Village 2),Maize flour,2022-02-15,60.0,70.0,False
HongKong (Kakuma),Rice,2022-02-15,113.85,103.75,False
Kalobeyei (Village 2),Sugar,2022-02-15,124.46,140.87,True
Kalobeyei (Village 2),Maize,2022-02-15,47.31,50.0,False
Kalobeyei (Village 3),Sugar,2022-02-15,127.69,129.67,False
Kalobeyei (Village 3),Beans (dry),2022-02-15,110.77,100.0,False
HongKong (Kakuma),Maize,2022-02-15,42.69,48.75,False
Ethiopia (Kakuma),Sugar,2022-02-15,125.38,124.38,False
Kalobeyei (Village 2),Beans (dry),2022-02-15,105.38,114.0,False
Mogadishu (Kakuma),Beans (dry),2022-02-15,100.0,117.5,False
Kakuma 4,Maize,2022-02-15,45.0,54.33,True
Kalobeyei (Village 1),Beans (dry),2022-02-15,104.62,119.33,False
HongKong (Kakuma),Sugar,2022-02-15,130.0,134.38,False
Kalobeyei (Village 3),Maize flour,2022-02-15,75.38,65.33,False
Kakuma 4,Maize flour,2022-02-15,68.85,69.06,False
Kakuma 2,Salt,2022-02-15,50.0,50.0,False
Kalobeyei (Village 2),Rice,2022-02-15,122.69,99.0,True
Kakuma 2,Maize flour,2022-02-15,64.62,68.83,False
Kalobeyei (Village 1),Salt,2022-02-15,63.449999999999996,61.65,False
Kakuma 3,Beans (dry),2022-02-15,105.44,100.27,False
Kalobeyei (Village 2),Wheat flour,2022-02-15,70.0,81.67,True
Kalobeyei (Village 1),Maize flour,2022-02-15,66.15,74.5,False
Kakuma 2,Maize,2022-02-15,46.54,47.17,False
Kakuma 2,Sugar,2022-02-15,127.69,129.67,False
Kakuma 4,Beans (dry),2022-02-15,110.0,110.0,False
HongKong (Kakuma),Salt,2022-02-15,76.9,50.0,True
Kakuma 3,Maize,2022-02-15,42.77,53.62,True
Mogadishu (Kakuma),Salt,2022-02-15,50.0,50.0,False
Kakuma 4,Rice,2022-02-15,98.46,103.67,False
Kakuma 2,Potatoes (Irish),2022-02-15,47.69,49.38,False
Kalobeyei (Village 3),Salt,2022-02-15,50.0,55.849999999999994,False
HongKong (Kakuma),Wheat flour,2022-02-15,75.0,77.19,False
Ethiopia (Kakuma),Wheat flour,2022-02-15,75.19,74.69,False
Kakuma 3,Meat (goat),2022-02-15,450.0,522.33,True
Kakuma 3,Wheat flour,2022-02-15,77.28,78.12,False
Ethiopia (Kakuma),Maize,2022-02-15,45.38,44.38,False
Kakuma 4,Potatoes (Irish),2022-02-15,50.0,50.0,False
Kakuma 2,Wheat flour,2022-02-15,78.85,76.33,False
Kalobeyei (Village 1),Maize,2022-02-15,46.35,47.33,False
Kakuma 3,Rice,2022-02-15,126.23,123.62,False
Ethiopia (Kakuma),Rice,2022-02-15,130.77,93.75,True
Kakuma 4,Salt,2022-02-15,54.5,53.89999999999999,False
Kakuma 3,Potatoes (Irish),2022-02-15,50.0,49.22,False
Ethiopia (Kakuma),Beans (dry),2022-02-15,105.38,104.38,False
Kalobeyei (Village 1),Wheat flour,2022-02-15,83.65,83.83,False
Kalobeyei (Village 2),Salt,2022-02-15,76.9,73.35,False
Kakuma 2,Beans (dry),2022-02-15,104.62,105.33,False
Kalobeyei (Village 3),Wheat flour,2022-02-15,71.92,73.0,False
Mogadishu (Kakuma),Maize flour,2022-02-15,70.0,70.0,False
Kalobeyei (Village 1),Potatoes (Irish),2022-02-15,50.0,54.38,False
HongKong (Kakuma),Maize flour,2022-02-15,70.0,70.0,False
Kalobeyei (Village 3),Wheat flour,2023-01-15,105.0,71.92,True
HongKong (Kakuma),Salt,2023-01-15,56.25,76.9,True
Kalobeyei (Village 1),Sugar,2023-01-15,160.0,132.69,True
Hagadera (Daadab),Beans (dry),2023-01-15,132.21,90.12,True
Hagadera (Daadab),Potatoes (Irish),2023-01-15,72.87,50.9,True
Kakuma 3,Maize flour,2023-01-15,101.25,70.9,True
Hagadera (Daadab),Meat (goat),2023-01-15,500.0,500.0,False
Hagadera (Daadab),Salt,2023-01-15,50.0,50.0,False
Kalobeyei (Village 3),Sugar,2023-01-15,157.5,127.69,True
Kalobeyei (Village 2),Beans (dry),2023-01-15,140.83,105.38,True
IFO (Daadab),Maize flour,2023-01-15,112.96,60.56,True
Kakuma 2,Maize,2023-01-15,62.5,46.54,True
Kakuma 3,Maize,2023-01-15,65.0,42.77,True
Hagadera (Daadab),Maize,2023-01-15,50.0,52.31,False
Mogadishu (Kakuma),Salt,2023-01-15,50.0,50.0,False
Hagadera (Daadab),Maize flour,2023-01-15,101.59,66.41,True
Kalobeyei (Village 2),Rice,2023-01-15,145.0,122.69,True
Kalobeyei (Village 2),Maize flour,2023-01-15,105.0,60.0,True
Mogadishu (Kakuma),Maize flour,2023-01-15,100.0,70.0,True
Kakuma 4,Maize,2023-01-15,65.0,45.0,True
Hagadera (Daadab),Rice,2023-01-15,102.46,85.95,True
Kalobeyei (Village 3),Salt,2023-01-15,50.0,50.0,False
Kalobeyei (Village 2),Salt,2023-01-15,60.4,76.9,False
HongKong (Kakuma),Wheat flour,2023-01-15,110.0,75.0,True
Kakuma 3,Rice,2023-01-15,145.42,126.23,True
Kakuma 4,Beans (dry),2023-01-15,135.0,110.0,True
Kalobeyei (Village 2),Maize,2023-01-15,73.33,47.31,True
IFO (Daadab),Salt,2023-01-15,50.0,50.0,False
Kakuma 2,Salt,2023-01-15,50.0,50.0,False
Mogadishu (Kakuma),Beans (dry),2023-01-15,140.0,100.0,True
Kalobeyei (Village 2),Sugar,2023-01-15,166.67,124.46,True
Ethiopia (Kakuma),Salt,2023-01-15,50.0,63.449999999999996,False
IFO (Daadab),Sugar,2023-01-15,136.51,114.39,True
Kalobeyei (Village 3),Maize flour,2023-01-15,100.0,75.38,True
IFO (Daadab),Maize,2023-01-15,64.7,50.0,True
Kalobeyei (Village 3),Beans (dry),2023-01-15,142.5,110.77,True
Kakuma 4,Maize flour,2023-01-15,92.5,68.85,True
Kalobeyei (Village 1),Maize,2023-01-15,65.0,46.35,True
Kakuma 3,Potatoes (Irish),2023-01-15,82.5,50.0,True
Kalobeyei (Village 1),Maize flour,2023-01-15,100.0,66.15,True
Kakuma 4,Wheat flour,2023-01-15,107.5,80.0,True
Mogadishu (Kakuma),Sugar,2023-01-15,157.5,132.69,True
Kakuma 3,Meat (beef),2023-01-15,600.0,450.0,True
Kakuma 3,Wheat flour,2023-01-15,106.67,77.28,True
Hagadera (Daadab),Sugar,2023-01-15,142.09,120.3,True
IFO (Daadab),Rice,2023-01-15,117.41,89.1,True
Ethiopia (Kakuma),Beans (dry),2023-01-15,142.5,105.38,True
Kalobeyei (Village 1),Beans (dry),2023-01-15,132.5,104.62,True
IFO (Daadab),Meat (goat),2023-01-15,600.0,562.5,False
Kakuma 3,Salt,2023-01-15,50.0,50.0,False
Kakuma 4,Rice,2023-01-15,130.0,98.46,True
Kakuma 2,Wheat flour,2023-01-15,108.33,78.85,True
Ethiopia (Kakuma),Maize,2023-01-15,75.0,45.38,True
Kakuma 2,Potatoes (Irish),2023-01-15,70.0,47.69,True
HongKong (Kakuma),Maize flour,2023-01-15,102.5,70.0,True
Kalobeyei (Village 1),Rice,2023-01-15,125.0,100.0,True
HongKong (Kakuma),Maize,2023-01-15,57.5,42.69,True
Kakuma 2,Beans (dry),2023-01-15,117.5,104.62,False
Mogadishu (Kakuma),Rice,2023-01-15,147.5,132.69,False
Kalobeyei (Village 1),Potatoes (Irish),2023-01-15,100.0,50.0,True
Kalobeyei (Village 2),Wheat flour,2023-01-15,114.17,70.0,True
Kakuma 2,Maize flour,2023-01-15,100.0,64.62,True
Kakuma 2,Rice,2023-01-15,135.0,119.23,False
Ethiopia (Kakuma),Maize flour,2023-01-15,102.5,67.69,True
HongKong (Kakuma),Sugar,2023-01-15,165.0,130.0,True
Ethiopia (Kakuma),Sugar,2023-01-15,155.0,125.38,True
Kakuma 3,Meat (goat),2023-01-15,600.0,450.0,True
HongKong (Kakuma),Beans (dry),2023-01-15,137.5,105.38,True
Kakuma 4,Salt,2023-01-15,56.25,54.5,False
IFO (Daadab),Beans (dry),2023-01-15,125.44,101.93,True
Ethiopia (Kakuma),Rice,2023-01-15,142.5,130.77,False
IFO (Daadab),Wheat flour,2023-01-15,118.64,79.67,True
Kalobeyei (Village 1),Salt,2023-01-15,50.0,63.449999999999996,False
Hagadera (Daadab),Meat (camel),2023-01-15,500.0,494.74,False
Kakuma 3,Beans (dry),2023-01-15,132.92,105.44,True
Kakuma 3,Sugar,2023-01-15,157.92,134.0,True
Kalobeyei (Village 1),Wheat flour,2023-01-15,120.0,83.65,True
Hagadera (Daadab),Wheat flour,2023-01-15,101.82,80.0,True
IFO (Daadab),Meat (camel),2023-01-15,550.0,587.5,False
Ethiopia (Kakuma),Wheat flour,2023-01-15,112.5,75.19,True
Kalobeyei (Village 3),Rice,2023-01-15,137.5,100.0,True
Kakuma 2,Sugar,2023-01-15,158.33,127.69,True
HongKong (Kakuma),Rice,2023-01-15,142.5,113.85,True
IFO (Daadab),Potatoes (Irish),2023-01-15,68.11,56.58,True
Kakuma 4,Salt,2023-02-15,50.0,56.25,False
Kalobeyei (Village 2),Salt,2023-02-15,55.55,60.4,False
Kakuma 3,Wheat flour,2023-02-15,120.52,106.67,False
Hagadera (Daadab),Salt,2023-02-15,50.0,50.0,False
Hagadera (Daadab),Sugar,2023-02-15,133.51,142.09,False
Kakuma 2,Potatoes (Irish),2023-02-15,93.13,70.0,True
Kakuma 3,Beans (dry),2023-02-15,130.62,132.92,False
Kalobeyei (Village 3),Salt,2023-02-15,52.8,50.0,False
Kakuma 3,Potatoes (Irish),2023-02-15,78.89,82.5,False
Kakuma 4,Potatoes (Irish),2023-02-15,90.0,50.0,True
Ethiopia (Kakuma),Maize,2023-02-15,70.0,75.0,False
Hagadera (Daadab),Maize,2023-02-15,50.0,50.0,False
Hagadera (Daadab),Meat (camel),2023-02-15,500.0,500.0,False
Kalobeyei (Village 1),Wheat flour,2023-02-15,129.44,120.0,False
Kalobeyei (Village 3),Maize flour,2023-02-15,111.11,100.0,False
HongKong (Kakuma),Maize flour,2023-02-15,100.0,102.5,False
IFO (Daadab),Wheat flour,2023-02-15,116.8,118.64,False
Kakuma 2,Beans (dry),2023-02-15,115.21,117.5,False
Ethiopia (Kakuma),Rice,2023-02-15,130.0,142.5,False
Kakuma 3,Meat (goat),2023-02-15,600.0,600.0,False
HongKong (Kakuma),Beans (dry),2023-02-15,146.11,137.5,False
Ethiopia (Kakuma),Salt,2023-02-15,58.349999999999994,50.0,False
Hagadera (Daadab),Wheat flour,2023-02-15,100.45,101.82,False
Ethiopia (Kakuma),Beans (dry),2023-02-15,140.0,142.5,False
IFO (Daadab),Maize,2023-02-15,65.2,64.7,False
Kakuma 2,Sugar,2023-02-15,149.53,158.33,False
Kakuma 4,Rice,2023-02-15,127.25,130.0,False
Mogadishu (Kakuma),Salt,2023-02-15,50.0,50.0,False
HongKong (Kakuma),Salt,2023-02-15,50.0,56.25,False
Mogadishu (Kakuma),Beans (dry),2023-02-15,130.0,140.0,False
Kalobeyei (Village 3),Wheat flour,2023-02-15,117.22,105.0,False
IFO (Daadab),Meat (camel),2023-02-15,562.5,550.0,False
Kakuma 2,Maize,2023-02-15,85.56,62.5,True
Kakuma 4,Beans (dry),2023-02-15,140.42,135.0,False
Ethiopia (Kakuma),Wheat flour,2023-02-15,113.33,112.5,False
Hagadera (Daadab),Meat (goat),2023-02-15,500.0,500.0,False
IFO (Daadab),Sugar,2023-02-15,125.05,136.51,False
Kalobeyei (Village 1),Salt,2023-02-15,50.0,50.0,False
Kalobeyei (Village 1),Maize,2023-02-15,60.0,65.0,False
Kakuma 3,Rice,2023-02-15,125.73,145.42,True
Kalobeyei (Village 1),Maize flour,2023-02-15,110.0,100.0,False
Kakuma 2,Salt,2023-02-15,60.949999999999996,50.0,False
Hagadera (Daadab),Beans (dry),2023-02-15,146.29,132.21,False
Kakuma 2,Wheat flour,2023-02-15,113.75,108.33,False
IFO (Daadab),Meat (goat),2023-02-15,600.0,600.0,False
Hagadera (Daadab),Rice,2023-02-15,99.92,102.46,False
Kalobeyei (Village 2),Rice,2023-02-15,138.06,145.0,False
HongKong (Kakuma),Sugar,2023-02-15,146.67,165.0,False
Mogadishu (Kakuma),Maize flour,2023-02-15,100.0,100.0,False
Kakuma 3,Maize,2023-02-15,87.5,65.0,True
Kalobeyei (Village 2),Wheat flour,2023-02-15,122.78,114.17,False
Kakuma 4,Maize flour,2023-02-15,100.16,92.5,False
Kalobeyei (Village 3),Sugar,2023-02-15,154.44,157.5,False
Kalobeyei (Village 2),Beans (dry),2023-02-15,146.11,140.83,False
Kalobeyei (Village 3),Rice,2023-02-15,145.0,137.5,False
IFO (Daadab),Maize flour,2023-02-15,113.16,112.96,False
HongKong (Kakuma),Rice,2023-02-15,142.78,142.5,False
IFO (Daadab),Potatoes (Irish),2023-02-15,69.02,68.11,False
Ethiopia (Kakuma),Sugar,2023-02-15,156.67,155.0,False
Mogadishu (Kakuma),Sugar,2023-02-15,150.0,157.5,False
Kakuma 3,Sugar,2023-02-15,151.35,157.92,False
Kalobeyei (Village 1),Rice,2023-02-15,120.0,125.0,False
Kakuma 2,Maize flour,2023-02-15,109.38,100.0,False
Kakuma 3,Maize flour,2023-02-15,116.67,101.25,False
IFO (Daadab),Salt,2023-02-15,50.0,50.0,False
HongKong (Kakuma),Maize,2023-02-15,60.0,57.5,False
IFO (Daadab),Beans (dry),2023-02-15,124.67,125.44,False
Kakuma 3,Meat (beef),2023-02-15,600.0,600.0,False
Hagadera (Daadab),Maize flour,2023-02-15,100.0,101.59,False
Kalobeyei (Village 1),Sugar,2023-02-15,152.22,160.0,False
Kakuma 4,Wheat flour,2023-02-15,107.19,107.5,False
Kalobeyei (Village 2),Maize flour,2023-02-15,98.33,105.0,False
Kalobeyei (Village 2),Maize,2023-02-15,67.22,73.33,False
Kalobeyei (Village 3),Beans (dry),2023-02-15,131.67,142.5,False
Hagadera (Daadab),Potatoes (Irish),2023-02-15,70.81,72.87,False
Kalobeyei (Village 1),Beans (dry),2023-02-15,153.89,132.5,False
HongKong (Kakuma),Wheat flour,2023-02-15,105.0,110.0,False
Mogadishu (Kakuma),Rice,2023-02-15,170.0,147.5,False
Ethiopia (Kakuma),Maize flour,2023-02-15,103.33,102.5,False
Kakuma 4,Maize,2023-02-15,74.48,65.0,False
IFO (Daadab),Rice,2023-02-15,117.09,117.41,False
Kakuma 3,Salt,2023-02-15,60.949999999999996,50.0,True
Kakuma 2,Rice,2023-02-15,146.77,135.0,False
Kalobeyei (Village 2),Sugar,2023-02-15,155.56,166.67,False
Kakuma 3,Salt,2023-03-15,50.0,60.949999999999996,True
IFO (Daadab),Meat (camel),2023-03-15,532.46,562.5,False
Kalobeyei (Village 3),Rice,2023-03-15,145.0,145.0,False
IFO (Daadab),Sugar,2023-03-15,128.94,125.05,False
Kakuma 4,Beans (dry),2023-03-15,120.0,140.42,True
IFO (Daadab),Potatoes (Irish),2023-03-15,77.98,69.02,False
Kalobeyei (Village 3),Sugar,2023-03-15,170.0,154.44,False
Kakuma 2,Maize,2023-03-15,70.0,85.56,True
Kakuma 2,Sugar,2023-03-15,155.0,149.53,False
HongKong (Kakuma),Wheat flour,2023-03-15,105.0,105.0,False
Kalobeyei (Village 2),Wheat flour,2023-03-15,115.0,122.78,False
Kakuma 2,Wheat flour,2023-03-15,105.0,113.75,False
Kalobeyei (Village 2),Rice,2023-03-15,140.0,138.06,False
Kalobeyei (Village 1),Wheat flour,2023-03-15,110.0,129.44,True
HongKong (Kakuma),Maize flour,2023-03-15,100.0,100.0,False
Hagadera (Daadab),Meat (camel),2023-03-15,489.23,500.0,False
HongKong (Kakuma),Beans (dry),2023-03-15,150.0,146.11,False
Hagadera (Daadab),Potatoes (Irish),2023-03-15,84.51,70.81,False
Kakuma 3,Potatoes (Irish),2023-03-15,75.0,78.89,False
Kakuma 3,Maize flour,2023-03-15,105.0,116.67,False
Kalobeyei (Village 3),Wheat flour,2023-03-15,125.0,117.22,False
HongKong (Kakuma),Rice,2023-03-15,170.0,142.78,True
Kakuma 2,Maize flour,2023-03-15,105.0,109.38,False
Hagadera (Daadab),Rice,2023-03-15,102.19,99.92,False
Hagadera (Daadab),Maize flour,2023-03-15,101.67,100.0,False
Kakuma 3,Beans (dry),2023-03-15,135.0,130.62,False
Kakuma 3,Rice,2023-03-15,142.5,125.73,False
Hagadera (Daadab),Beans (dry),2023-03-15,150.21,146.29,False
Hagadera (Daadab),Maize,2023-03-15,50.0,50.0,False
IFO (Daadab),Beans (dry),2023-03-15,147.06,124.67,True
Kakuma 2,Salt,2023-03-15,50.0,60.949999999999996,False
Hagadera (Daadab),Meat (goat),2023-03-15,500.0,500.0,False
Kakuma 4,Maize flour,2023-03-15,110.0,100.16,False
Kakuma 3,Sugar,2023-03-15,172.5,151.35,True
Hagadera (Daadab),Salt,2023-03-15,50.0,50.0,False
Kakuma 2,Potatoes (Irish),2023-03-15,80.0,93.13,False
HongKong (Kakuma),Sugar,2023-03-15,170.0,146.67,False
IFO (Daadab),Wheat flour,2023-03-15,114.99,116.8,False
Kalobeyei (Village 1),Rice,2023-03-15,120.0,120.0,False
IFO (Daadab),Maize flour,2023-03-15,110.3,113.16,False
Kakuma 3,Wheat flour,2023-03-15,112.5,120.52,False
Hagadera (Daadab),Wheat flour,2023-03-15,100.74,100.45,False
IFO (Daadab),Meat (goat),2023-03-15,600.0,600.0,False
IFO (Daadab),Maize,2023-03-15,68.21,65.2,False
Kalobeyei (Village 3),Beans (dry),2023-03-15,120.0,131.67,False
Hagadera (Daadab),Sugar,2023-03-15,136.37,133.51,False
Kalobeyei (Village 1),Maize,2023-03-15,60.0,60.0,False
Kalobeyei (Village 1),Beans (dry),2023-03-15,150.0,153.89,False
Kakuma 4,Wheat flour,2023-03-15,105.0,107.19,False
Kakuma 4,Salt,2023-03-15,50.0,50.0,False
Kalobeyei (Village 2),Maize,2023-03-15,75.0,67.22,False
Kalobeyei (Village 3),Maize flour,2023-03-15,115.0,111.11,False
HongKong (Kakuma),Salt,2023-03-15,50.0,50.0,False
Kakuma 4,Rice,2023-03-15,143.0,127.25,False
HongKong (Kakuma),Maize,2023-03-15,60.0,60.0,False
Kalobeyei (Village 1),Salt,2023-03-15,50.0,50.0,False
Kalobeyei (Village 2),Maize flour,2023-03-15,110.0,98.33,False
Kalobeyei (Village 1),Sugar,2023-03-15,160.0,152.22,False
Kakuma 2,Rice,2023-03-15,130.0,146.77,False
Kakuma 2,Beans (dry),2023-03-15,140.0,115.21,True
Kalobeyei (Village 2),Beans (dry),2023-03-15,150.0,146.11,False
Kalobeyei (Village 2),Salt,2023-03-15,75.0,55.55,False
Kalobeyei (Village 1),Maize flour,2023-03-15,110.0,110.0,False
IFO (Daadab),Rice,2023-03-15,107.53,117.09,False
IFO (Daadab),Salt,2023-03-15,50.0,50.0,False
Kalobeyei (Village 2),Sugar,2023-03-15,175.0,155.56,False
Kalobeyei (Village 3),Salt,2023-03-15,62.5,52.8,False
Kakuma 4,Maize,2023-03-15,65.0,74.48,False
Kakuma 3,Maize,2023-03-15,70.0,87.5,False
Kakuma 3,Meat (goat),2023-04-15,600.0,600.0,False
IFO (Daadab),Potatoes (Irish),2023-04-15,91.99,77.98,True
Hagadera (Daadab),Meat (camel),2023-04-15,492.5,489.23,False
Kakuma 2,Maize,2023-04-15,70.0,70.0,False
Hagadera (Daadab),Salt,2023-04-15,50.0,50.0,False
Hagadera (Daadab),Rice,2023-04-15,109.76,102.19,False
Hagadera (Daadab),Potatoes (Irish),2023-04-15,108.81,84.51,True
IFO (Daadab),Maize,2023-04-15,70.0,68.21,False
Kakuma 3,Potatoes (Irish),2023-04-15,70.0,75.0,False
IFO (Daadab),Rice,2023-04-15,113.24,107.53,False
Kakuma 2,Rice,2023-04-15,160.0,130.0,True
Kakuma 3,Meat (beef),2023-04-15,600.0,600.0,False
IFO (Daadab),Beans (dry),2023-04-15,144.1,147.06,False
IFO (Daadab),Meat (goat),2023-04-15,600.0,600.0,False
Mogadishu (Kakuma),Sugar,2023-04-15,175.0,150.0,True
Mogadishu (Kakuma),Rice,2023-04-15,160.0,170.0,False
Kakuma 3,Sugar,2023-04-15,180.0,172.5,False
IFO (Daadab),Meat (camel),2023-04-15,589.73,532.46,False
Mogadishu (Kakuma),Maize flour,2023-04-15,100.0,100.0,False
Kakuma 3,Beans (dry),2023-04-15,190.0,135.0,True
Kakuma 2,Maize flour,2023-04-15,110.0,105.0,False
Kakuma 2,Sugar,2023-04-15,185.0,155.0,True
Hagadera (Daadab),Maize flour,2023-04-15,106.5,101.67,False
Mogadishu (Kakuma),Salt,2023-04-15,62.5,50.0,False
Kakuma 2,Salt,2023-04-15,62.5,50.0,False
Ethiopia (Kakuma),Salt,2023-04-15,50.0,58.349999999999994,False
Mogadishu (Kakuma),Beans (dry),2023-04-15,170.0,130.0,True
IFO (Daadab),Salt,2023-04-15,50.199999999999996,50.0,False
Ethiopia (Kakuma),Sugar,2023-04-15,180.0,156.67,True
Kakuma 2,Wheat flour,2023-04-15,110.0,105.0,False
IFO (Daadab),Wheat flour,2023-04-15,113.93,114.99,False
Kakuma 3,Maize flour,2023-04-15,100.0,105.0,False
Ethiopia (Kakuma),Maize flour,2023-04-15,100.0,103.33,False
Kakuma 3,Salt,2023-04-15,50.0,50.0,False
IFO (Daadab),Sugar,2023-04-15,140.04,128.94,False
Ethiopia (Kakuma),Maize,2023-04-15,90.0,70.0,True
Hagadera (Daadab),Wheat flour,2023-04-15,107.61,100.74,False
Ethiopia (Kakuma),Rice,2023-04-15,130.0,130.0,False
Kakuma 2,Potatoes (Irish),2023-04-15,90.0,80.0,False
Hagadera (Daadab),Maize,2023-04-15,54.38,50.0,False
Hagadera (Daadab),Meat (goat),2023-04-15,525.0,500.0,False
Kakuma 2,Beans (dry),2023-04-15,190.0,140.0,True
Hagadera (Daadab),Sugar,2023-04-15,141.18,136.37,False
IFO (Daadab),Maize flour,2023-04-15,115.93,110.3,False
Kakuma 3,Maize,2023-04-15,70.0,70.0,False
Hagadera (Daadab),Beans (dry),2023-04-15,160.21,150.21,False
Kakuma 3,Wheat flour,2023-04-15,110.0,112.5,False
Ethiopia (Kakuma),Beans (dry),2023-04-15,160.0,140.0,False
Kakuma 3,Rice,2023-04-15,140.0,142.5,False
IFO (Daadab),Rice,2023-05-15,117.37,113.24,False
Kalobeyei (Village 2),Rice,2023-05-15,190.0,140.0,True
Mogadishu (Kakuma),Rice,2023-05-15,180.0,160.0,False
Kakuma 4,Wheat flour,2023-05-15,110.0,105.0,False
Kalobeyei (Village 1),Beans (dry),2023-05-15,200.0,150.0,True
Kakuma 3,Meat (beef),2023-05-15,600.0,600.0,False
HongKong (Kakuma),Beans (dry),2023-05-15,200.0,150.0,True
Kakuma 2,Sugar,2023-05-15,230.0,185.0,True
Ethiopia (Kakuma),Sugar,2023-05-15,235.0,180.0,True
IFO (Daadab),Potatoes (Irish),2023-05-15,76.37,91.99,True
Kakuma 4,Sugar,2023-05-15,250.0,130.78,True
IFO (Daadab),Meat (goat),2023-05-15,631.25,600.0,False
Ethiopia (Kakuma),Maize,2023-05-15,100.0,90.0,False
Hagadera (Daadab),Wheat flour,2023-05-15,110.99,107.61,False
IFO (Daadab),Wheat flour,2023-05-15,109.53,113.93,False
Ethiopia (Kakuma),Rice,2023-05-15,130.0,130.0,False
Ethiopia (Kakuma),Wheat flour,2023-05-15,120.0,113.33,False
Kalobeyei (Village 2),Maize,2023-05-15,92.5,75.0,False
Mogadishu (Kakuma),Maize flour,2023-05-15,120.0,100.0,True
HongKong (Kakuma),Maize,2023-05-15,90.0,60.0,True
Hagadera (Daadab),Salt,2023-05-15,50.0,50.0,False
Kakuma 4,Rice,2023-05-15,130.0,143.0,False
Kakuma 3,Maize,2023-05-15,95.0,70.0,True
Kalobeyei (Village 2),Salt,2023-05-15,50.0,75.0,True
Kalobeyei (Village 3),Rice,2023-05-15,155.0,145.0,False
Kalobeyei (Village 3),Maize flour,2023-05-15,115.0,115.0,False
Mogadishu (Kakuma),Salt,2023-05-15,50.0,62.5,False
Ethiopia (Kakuma),Maize flour,2023-05-15,125.0,100.0,True
IFO (Daadab),Maize,2023-05-15,64.35,70.0,False
HongKong (Kakuma),Sugar,2023-05-15,210.0,170.0,True
Kakuma 2,Beans (dry),2023-05-15,180.0,190.0,False
HongKong (Kakuma),Salt,2023-05-15,50.0,50.0,False
Kakuma 4,Potatoes (Irish),2023-05-15,100.0,90.0,False
Kakuma 3,Potatoes (Irish),2023-05-15,110.0,70.0,True
Kakuma 2,Maize,2023-05-15,85.0,70.0,False
Kalobeyei (Village 1),Rice,2023-05-15,125.0,120.0,False
Kalobeyei (Village 3),Sugar,2023-05-15,220.0,170.0,True
Kakuma 4,Maize flour,2023-05-15,110.0,110.0,False
Kalobeyei (Village 1),Maize,2023-05-15,80.0,60.0,True
Kalobeyei (Village 1),Salt,2023-05-15,50.0,50.0,False
IFO (Daadab),Sugar,2023-05-15,139.78,140.04,False
Kakuma 4,Salt,2023-05-15,62.5,50.0,True
Kakuma 3,Wheat flour,2023-05-15,110.0,110.0,False
Hagadera (Daadab),Rice,2023-05-15,110.82,109.76,False
HongKong (Kakuma),Wheat flour,2023-05-15,110.0,105.0,False
Kalobeyei (Village 2),Wheat flour,2023-05-15,120.0,115.0,False
Kalobeyei (Village 2),Beans (dry),2023-05-15,155.0,150.0,False
Kalobeyei (Village 1),Sugar,2023-05-15,210.0,160.0,True
Kakuma 3,Salt,2023-05-15,50.0,50.0,False
Kakuma 3,Maize flour,2023-05-15,120.0,100.0,True
Kalobeyei (Village 3),Beans (dry),2023-05-15,120.0,120.0,False
Kakuma 2,Salt,2023-05-15,50.0,62.5,False
Kakuma 2,Wheat flour,2023-05-15,115.0,110.0,False
IFO (Daadab),Beans (dry),2023-05-15,146.15,144.1,False
IFO (Daadab),Maize flour,2023-05-15,109.63,115.93,False
Kalobeyei (Village 2),Sugar,2023-05-15,200.0,175.0,False
Hagadera (Daadab),Potatoes (Irish),2023-05-15,97.29,108.81,False
Hagadera (Daadab),Beans (dry),2023-05-15,168.51,160.21,False
Kakuma 2,Rice,2023-05-15,190.0,160.0,True
IFO (Daadab),Salt,2023-05-15,50.0,50.199999999999996,False
Kalobeyei (Village 2),Maize flour,2023-05-15,115.0,110.0,False
Kalobeyei (Village 3),Wheat flour,2023-05-15,100.0,125.0,True
Hagadera (Daadab),Meat (camel),2023-05-15,490.42,492.5,False
Kakuma 4,Maize,2023-05-15,80.0,65.0,True
Kakuma 2,Potatoes (Irish),2023-05-15,100.0,90.0,False
Hagadera (Daadab),Maize,2023-05-15,50.0,54.38,False
Hagadera (Daadab),Sugar,2023-05-15,156.51,141.18,True
HongKong (Kakuma),Maize flour,2023-05-15,110.0,100.0,False
IFO (Daadab),Meat (camel),2023-05-15,593.87,589.73,False
Hagadera (Daadab),Maize flour,2023-05-15,110.26,106.5,False
Kakuma 2,Maize flour,2023-05-15,115.0,110.0,False
Kalobeyei (Village 1),Potatoes (Irish),2023-05-15,120.0,100.0,False
Kalobeyei (Village 1),Wheat flour,2023-05-15,105.0,110.0,False
Ethiopia (Kakuma),Salt,2023-05-15,50.0,50.0,False
Kakuma 3,Meat (goat),2023-05-15,700.0,600.0,True
Kakuma 3,Rice,2023-05-15,137.5,140.0,False
HongKong (Kakuma),Rice,2023-05-15,125.0,170.0,True
Kalobeyei (Village 3),Salt,2023-05-15,62.5,62.5,False
Ethiopia (Kakuma),Beans (dry),2023-05-15,117.5,160.0,True
Mogadishu (Kakuma),Sugar,2023-05-15,220.0,175.0,True
Kakuma 3,Sugar,2023-05-15,230.0,180.0,True
Kalobeyei (Village 1),Maize flour,2023-05-15,115.0,110.0,False
Hagadera (Daadab),Meat (goat),2023-05-15,500.0,525.0,False
Kakuma 3,Beans (dry),2023-05-15,161.67,190.0,False
Kalobeyei (Village 2),Salt,2023-06-15,50.0,50.0,False
Kakuma 3,Sugar,2023-06-15,200.0,230.0,True
Kakuma 4,Wheat flour,2023-06-15,100.0,110.0,False
Mogadishu (Kakuma),Rice,2023-06-15,160.0,180.0,False
Hagadera (Daadab),Maize,2023-06-15,63.44,50.0,False
HongKong (Kakuma),Beans (dry),2023-06-15,210.0,200.0,False
Hagadera (Daadab),Sugar,2023-06-15,154.49,156.51,False
Kakuma 4,Maize,2023-06-15,90.0,80.0,False
Ethiopia (Kakuma),Salt,2023-06-15,50.0,50.0,False
Ethiopia (Kakuma),Wheat flour,2023-06-15,110.0,120.0,False
IFO (Daadab),Salt,2023-06-15,50.0,50.0,False
Kakuma 2,Potatoes (Irish),2023-06-15,65.0,100.0,True
Kakuma 3,Wheat flour,2023-06-15,106.67,110.0,False
IFO (Daadab),Meat (goat),2023-06-15,550.26,631.25,True
Kakuma 4,Sugar,2023-06-15,225.0,250.0,False
Kakuma 4,Salt,2023-06-15,62.5,62.5,False
IFO (Daadab),Potatoes (Irish),2023-06-15,81.05,76.37,False
Kalobeyei (Village 2),Rice,2023-06-15,100.0,190.0,True
Kalobeyei (Village 1),Maize flour,2023-06-15,120.0,115.0,False
Kalobeyei (Village 1),Maize,2023-06-15,84.0,80.0,False
Hagadera (Daadab),Potatoes (Irish),2023-06-15,85.11,97.29,False
HongKong (Kakuma),Rice,2023-06-15,125.0,125.0,False
Kalobeyei (Village 3),Salt,2023-06-15,50.0,62.5,False
Mogadishu (Kakuma),Salt,2023-06-15,62.5,50.0,False
Kakuma 3,Maize flour,2023-06-15,120.0,120.0,False
Kakuma 2,Salt,2023-06-15,50.0,50.0,False
Kalobeyei (Village 2),Wheat flour,2023-06-15,100.0,120.0,False
Kakuma 3,Salt,2023-06-15,50.0,50.0,False
Kakuma 4,Potatoes (Irish),2023-06-15,80.0,100.0,False
Kakuma 2,Rice,2023-06-15,160.0,190.0,True
Kakuma 3,Potatoes (Irish),2023-06-15,60.0,110.0,True
Kakuma 2,Maize,2023-06-15,40.0,85.0,True
Kalobeyei (Village 3),Beans (dry),2023-06-15,200.0,120.0,True
Kalobeyei (Village 2),Maize flour,2023-06-15,110.0,115.0,False
HongKong (Kakuma),Maize flour,2023-06-15,120.0,110.0,False
Kakuma 2,Maize flour,2023-06-15,120.0,115.0,False
Hagadera (Daadab),Maize flour,2023-06-15,110.54,110.26,False
Kalobeyei (Village 3),Wheat flour,2023-06-15,110.0,100.0,False
Kakuma 4,Maize flour,2023-06-15,120.0,110.0,False
Hagadera (Daadab),Rice,2023-06-15,107.59,110.82,False
Hagadera (Daadab),Beans (dry),2023-06-15,177.89,168.51,False
Kakuma 2,Beans (dry),2023-06-15,180.0,180.0,False
Kalobeyei (Village 2),Sugar,2023-06-15,200.0,200.0,False
Kakuma 2,Wheat flour,2023-06-15,55.5,115.0,True
Kalobeyei (Village 1),Wheat flour,2023-06-15,114.55,105.0,False
HongKong (Kakuma),Sugar,2023-06-15,230.0,210.0,False
HongKong (Kakuma),Salt,2023-06-15,62.5,50.0,False
Mogadishu (Kakuma),Maize flour,2023-06-15,120.0,120.0,False
Kakuma 3,Maize,2023-06-15,90.0,95.0,False
IFO (Daadab),Sugar,2023-06-15,142.34,139.78,False
Kalobeyei (Village 3),Rice,2023-06-15,136.0,155.0,False
IFO (Daadab),Maize,2023-06-15,67.18,64.35,False
Kalobeyei (Village 2),Beans (dry),2023-06-15,190.0,155.0,True
IFO (Daadab),Wheat flour,2023-06-15,113.37,109.53,False
Kalobeyei (Village 1),Salt,2023-06-15,64.6,50.0,False
IFO (Daadab),Beans (dry),2023-06-15,173.06,146.15,True
Ethiopia (Kakuma),Beans (dry),2023-06-15,150.0,117.5,False
Kalobeyei (Village 2),Maize,2023-06-15,75.0,92.5,False
Kalobeyei (Village 1),Rice,2023-06-15,124.17,125.0,False
Kalobeyei (Village 1),Potatoes (Irish),2023-06-15,100.0,120.0,False
Kakuma 3,Rice,2023-06-15,156.67,137.5,False
Kalobeyei (Village 1),Sugar,2023-06-15,223.11,210.0,False
Ethiopia (Kakuma),Maize,2023-06-15,70.0,100.0,True
HongKong (Kakuma),Wheat flour,2023-06-15,115.0,110.0,False
Mogadishu (Kakuma),Beans (dry),2023-06-15,150.0,170.0,False
Kakuma 3,Beans (dry),2023-06-15,190.0,161.67,False
Hagadera (Daadab),Salt,2023-06-15,50.0,50.0,False
Kalobeyei (Village 3),Maize flour,2023-06-15,123.33,115.0,False
Ethiopia (Kakuma),Rice,2023-06-15,100.0,130.0,True
Hagadera (Daadab),Wheat flour,2023-06-15,107.27,110.99,False
Mogadishu (Kakuma),Sugar,2023-06-15,210.0,220.0,False
Kakuma 4,Beans (dry),2023-06-15,210.0,120.0,True
Kalobeyei (Village 1),Beans (dry),2023-06-15,195.0,200.0,False
Ethiopia (Kakuma),Sugar,2023-06-15,150.0,235.0,True
Kakuma 4,Rice,2023-06-15,120.0,130.0,False
Kalobeyei (Village 3),Sugar,2023-06-15,223.33,220.0,False
IFO (Daadab),Meat (camel),2023-06-15,534.89,593.87,False
IFO (Daadab),Maize flour,2023-06-15,112.83,109.63,False
IFO (Daadab),Rice,2023-06-15,116.75,117.37,False
HongKong (Kakuma),Maize,2023-06-15,90.0,90.0,False
Kakuma 2,Sugar,2023-06-15,200.0,230.0,False
Hagadera (Daadab),Meat (goat),2023-06-15,500.0,500.0,False
Ethiopia (Kakuma),Maize flour,2023-06-15,110.0,125.0,False
Hagadera (Daadab),Meat (camel),2023-06-15,493.33,490.42,False
IFO (Daadab),Beans (dry),2023-07-15,176.57,173.06,False
HongKong (Kakuma),Maize,2023-07-15,76.87,90.0,False
IFO (Daadab),Maize flour,2023-07-15,110.27,112.83,False
Kakuma 3,Salt,2023-07-15,50.0,50.0,False
HongKong (Kakuma),Rice,2023-07-15,146.25,125.0,False
Ethiopia (Kakuma),Maize flour,2023-07-15,118.75,110.0,False
Kalobeyei (Village 1),Beans (dry),2023-07-15,190.0,195.0,False
Kakuma 2,Wheat flour,2023-07-15,115.0,55.5,True
Kalobeyei (Village 1),Maize flour,2023-07-15,120.0,120.0,False
Hagadera (Daadab),Maize flour,2023-07-15,113.4,110.54,False
Kalobeyei (Village 1),Potatoes (Irish),2023-07-15,40.0,100.0,True
HongKong (Kakuma),Maize flour,2023-07-15,116.25,120.0,False
Kalobeyei (Village 3),Wheat flour,2023-07-15,108.75,110.0,False
Kalobeyei (Village 2),Maize flour,2023-07-15,115.0,110.0,False
Kalobeyei (Village 2),Wheat flour,2023-07-15,109.38,100.0,False
Kakuma 3,Maize flour,2023-07-15,120.0,120.0,False
Kakuma 3,Beans (dry),2023-07-15,199.38,190.0,False
IFO (Daadab),Wheat flour,2023-07-15,109.18,113.37,False
IFO (Daadab),Salt,2023-07-15,50.0,50.0,False
Ethiopia (Kakuma),Sugar,2023-07-15,235.62,150.0,True
Kalobeyei (Village 1),Maize,2023-07-15,80.94,84.0,False
Kakuma 4,Sugar,2023-07-15,249.38,225.0,False
Kalobeyei (Village 1),Rice,2023-07-15,120.62,124.17,False
Hagadera (Daadab),Meat (camel),2023-07-15,480.0,493.33,False
IFO (Daadab),Rice,2023-07-15,109.9,116.75,False
Hagadera (Daadab),Maize,2023-07-15,72.75,63.44,False
Mogadishu (Kakuma),Sugar,2023-07-15,210.0,210.0,False
Kalobeyei (Village 2),Maize,2023-07-15,93.13,75.0,False
Kalobeyei (Village 2),Beans (dry),2023-07-15,198.13,190.0,False
Kakuma 4,Wheat flour,2023-07-15,111.25,100.0,False
IFO (Daadab),Potatoes (Irish),2023-07-15,66.33,81.05,False
Kakuma 3,Meat (beef),2023-07-15,600.0,600.0,False
Mogadishu (Kakuma),Maize flour,2023-07-15,115.0,120.0,False
Mogadishu (Kakuma),Rice,2023-07-15,165.0,160.0,False
Ethiopia (Kakuma),Salt,2023-07-15,50.0,50.0,False
Kakuma 2,Sugar,2023-07-15,230.62,200.0,False
Kalobeyei (Village 2),Rice,2023-07-15,164.38,100.0,True
Kakuma 2,Potatoes (Irish),2023-07-15,45.0,65.0,False
Kakuma 3,Maize,2023-07-15,97.5,90.0,False
Kakuma 3,Wheat flour,2023-07-15,103.23,106.67,False
HongKong (Kakuma),Beans (dry),2023-07-15,210.0,210.0,False
HongKong (Kakuma),Salt,2023-07-15,50.0,62.5,False
Kakuma 2,Rice,2023-07-15,181.25,160.0,False
Kakuma 3,Sugar,2023-07-15,239.38,200.0,True
Mogadishu (Kakuma),Salt,2023-07-15,50.0,62.5,False
Hagadera (Daadab),Salt,2023-07-15,50.0,50.0,False
Kalobeyei (Village 2),Sugar,2023-07-15,221.87,200.0,False
IFO (Daadab),Sugar,2023-07-15,144.99,142.34,False
Hagadera (Daadab),Rice,2023-07-15,103.11,107.59,False
Kakuma 4,Potatoes (Irish),2023-07-15,75.0,80.0,False
Kalobeyei (Village 3),Beans (dry),2023-07-15,165.42,200.0,False
Hagadera (Daadab),Sugar,2023-07-15,150.65,154.49,False
Kalobeyei (Village 2),Salt,2023-07-15,51.55,50.0,False
Kalobeyei (Village 1),Salt,2023-07-15,246.9,64.6,True
Hagadera (Daadab),Beans (dry),2023-07-15,171.62,177.89,False
Ethiopia (Kakuma),Wheat flour,2023-07-15,109.38,110.0,False
Kakuma 3,Meat (goat),2023-07-15,600.0,700.0,False
Kalobeyei (Village 1),Sugar,2023-07-15,234.38,223.11,False
Kakuma 3,Rice,2023-07-15,155.0,156.67,False
Kakuma 2,Salt,2023-07-15,53.099999999999994,50.0,False
Kakuma 4,Maize,2023-07-15,84.38,90.0,False
IFO (Daadab),Meat (goat),2023-07-15,607.53,550.26,False
Hagadera (Daadab),Potatoes (Irish),2023-07-15,63.34,85.11,False
IFO (Daadab),Maize,2023-07-15,67.28,67.18,False
Kakuma 4,Salt,2023-07-15,51.55,62.5,False
Kakuma 3,Potatoes (Irish),2023-07-15,44.38,60.0,False
Kakuma 4,Beans (dry),2023-07-15,200.62,210.0,False
Kalobeyei (Village 3),Maize flour,2023-07-15,120.0,123.33,False
Ethiopia (Kakuma),Rice,2023-07-15,141.88,100.0,True
Kalobeyei (Village 1),Wheat flour,2023-07-15,113.13,114.55,False
Ethiopia (Kakuma),Maize,2023-07-15,91.88,70.0,False
IFO (Daadab),Meat (camel),2023-07-15,589.6,534.89,False
Hagadera (Daadab),Wheat flour,2023-07-15,105.39,107.27,False
Mogadishu (Kakuma),Beans (dry),2023-07-15,190.0,150.0,True
Kakuma 4,Rice,2023-07-15,128.12,120.0,False
Kalobeyei (Village 3),Salt,2023-07-15,50.0,50.0,False
Kakuma 2,Beans (dry),2023-07-15,200.0,180.0,False
Kakuma 4,Maize flour,2023-07-15,119.38,120.0,False
HongKong (Kakuma),Wheat flour,2023-07-15,105.62,115.0,False
HongKong (Kakuma),Sugar,2023-07-15,226.25,230.0,False
Kakuma 2,Maize,2023-07-15,78.75,40.0,True
Ethiopia (Kakuma),Beans (dry),2023-07-15,201.87,150.0,True
Kalobeyei (Village 3),Sugar,2023-07-15,212.5,223.33,False
Hagadera (Daadab),Meat (goat),2023-07-15,550.0,500.0,False
Kalobeyei (Village 3),Rice,2023-07-15,124.17,136.0,False
Kakuma 2,Maize flour,2023-07-15,120.0,120.0,False
IFO (Daadab),Maize flour,2023-08-15,107.22,110.27,False
Kalobeyei (Village 3),Wheat flour,2023-08-15,100.0,108.75,False
Kalobeyei (Village 3),Beans (dry),2023-08-15,180.0,165.42,False
Kakuma 4,Maize,2023-08-15,80.0,84.38,False
Kalobeyei (Village 1),Sugar,2023-08-15,230.0,234.38,False
Kakuma 4,Salt,2023-08-15,62.5,51.55,False
Hagadera (Daadab),Beans (dry),2023-08-15,161.2,171.62,False
IFO (Daadab),Salt,2023-08-15,50.0,50.0,False
Ethiopia (Kakuma),Maize flour,2023-08-15,110.0,118.75,False
HongKong (Kakuma),Maize flour,2023-08-15,125.0,116.25,False
Kalobeyei (Village 2),Maize flour,2023-08-15,115.0,115.0,False
Kakuma 3,Maize flour,2023-08-15,120.0,120.0,False
Kalobeyei (Village 1),Maize,2023-08-15,70.0,80.94,False
Kalobeyei (Village 1),Maize flour,2023-08-15,120.0,120.0,False
Kakuma 4,Maize flour,2023-08-15,115.0,119.38,False
Kalobeyei (Village 3),Maize flour,2023-08-15,120.0,120.0,False
Kalobeyei (Village 3),Rice,2023-08-15,130.0,124.17,False
Kakuma 2,Salt,2023-08-15,75.0,53.099999999999994,True
IFO (Daadab),Meat (goat),2023-08-15,611.29,607.53,False
Kakuma 3,Potatoes (Irish),2023-08-15,40.0,44.38,False
IFO (Daadab),Wheat flour,2023-08-15,103.22,109.18,False
Kakuma 3,Meat (goat),2023-08-15,600.0,600.0,False
Hagadera (Daadab),Sugar,2023-08-15,150.2,150.65,False
Kalobeyei (Village 1),Salt,2023-08-15,50.0,246.9,True
Ethiopia (Kakuma),Wheat flour,2023-08-15,105.0,109.38,False
Kakuma 4,Rice,2023-08-15,185.0,128.12,True
Kakuma 2,Beans (dry),2023-08-15,200.0,200.0,False
Kalobeyei (Village 3),Sugar,2023-08-15,230.0,212.5,False
HongKong (Kakuma),Sugar,2023-08-15,235.0,226.25,False
Kakuma 2,Wheat flour,2023-08-15,115.0,115.0,False
IFO (Daadab),Maize,2023-08-15,92.89,67.28,True
Hagadera (Daadab),Salt,2023-08-15,50.0,50.0,False
HongKong (Kakuma),Rice,2023-08-15,120.0,146.25,False
Hagadera (Daadab),Wheat flour,2023-08-15,106.01,105.39,False
Kalobeyei (Village 2),Salt,2023-08-15,62.5,51.55,False
Kakuma 4,Potatoes (Irish),2023-08-15,40.0,75.0,True
IFO (Daadab),Sugar,2023-08-15,139.58,144.99,False
Kakuma 2,Maize,2023-08-15,70.0,78.75,False
Ethiopia (Kakuma),Rice,2023-08-15,120.0,141.88,False
Kalobeyei (Village 1),Beans (dry),2023-08-15,190.0,190.0,False
Kakuma 4,Beans (dry),2023-08-15,205.0,200.62,False
HongKong (Kakuma),Wheat flour,2023-08-15,110.0,105.62,False
Hagadera (Daadab),Meat (goat),2023-08-15,600.0,550.0,False
Kakuma 2,Maize flour,2023-08-15,120.0,120.0,False
Kalobeyei (Village 2),Sugar,2023-08-15,235.0,221.87,False
Kakuma 3,Sugar,2023-08-15,235.0,239.38,False
Hagadera (Daadab),Maize,2023-08-15,74.58,72.75,False
IFO (Daadab),Beans (dry),2023-08-15,179.04,176.57,False
Ethiopia (Kakuma),Beans (dry),2023-08-15,215.0,201.87,False
Kakuma 2,Rice,2023-08-15,190.0,181.25,False
Kakuma 3,Rice,2023-08-15,190.0,155.0,True
Ethiopia (Kakuma),Salt,2023-08-15,50.0,50.0,False
Kakuma 3,Wheat flour,2023-08-15,102.5,103.23,False
Kakuma 3,Salt,2023-08-15,50.0,50.0,False
Kalobeyei (Village 3),Salt,2023-08-15,50.0,50.0,False
Hagadera (Daadab),Meat (camel),2023-08-15,480.0,480.0,False
HongKong (Kakuma),Maize,2023-08-15,90.0,76.87,False
Hagadera (Daadab),Potatoes (Irish),2023-08-15,57.82,63.34,False
Kakuma 3,Beans (dry),2023-08-15,195.0,199.38,False
Hagadera (Daadab),Maize flour,2023-08-15,119.34,113.4,False
Kalobeyei (Village 2),Wheat flour,2023-08-15,105.0,109.38,False
Ethiopia (Kakuma),Sugar,2023-08-15,240.0,235.62,False
IFO (Daadab),Rice,2023-08-15,106.0,109.9,False
Kalobeyei (Village 1),Rice,2023-08-15,125.0,120.62,False
Kalobeyei (Village 2),Maize,2023-08-15,80.0,93.13,False
Kakuma 4,Wheat flour,2023-08-15,120.0,111.25,False
Kalobeyei (Village 1),Wheat flour,2023-08-15,100.0,113.13,False
HongKong (Kakuma),Beans (dry),2023-08-15,210.0,210.0,False
Kakuma 2,Sugar,2023-08-15,235.0,230.62,False
Kalobeyei (Village 2),Rice,2023-08-15,125.0,164.38,False
HongKong (Kakuma),Salt,2023-08-15,50.0,50.0,False
IFO (Daadab),Meat (camel),2023-08-15,602.02,589.6,False
Kakuma 3,Maize,2023-08-15,80.0,97.5,False
Kakuma 4,Sugar,2023-08-15,245.0,249.38,False
IFO (Daadab),Potatoes (Irish),2023-08-15,59.93,66.33,False
Ethiopia (Kakuma),Maize,2023-08-15,70.0,91.88,False
Hagadera (Daadab),Rice,2023-08-15,115.47,103.11,True
Kalobeyei (Village 2),Beans (dry),2023-08-15,185.0,198.13,False
Kalobeyei (Village 1),Beans (dry),2023-09-15,196.67,190.0,False
HongKong (Kakuma),Rice,2023-09-15,190.0,120.0,True
IFO (Daadab),Meat (goat),2023-09-15,600.0,611.29,False
Kalobeyei (Village 1),Wheat flour,2023-09-15,110.0,100.0,False
Kakuma 4,Potatoes (Irish),2023-09-15,40.0,40.0,False
Kalobeyei (Village 1),Sugar,2023-09-15,203.33,230.0,False
Kakuma 2,Maize,2023-09-15,80.0,70.0,False
Kalobeyei (Village 1),Maize,2023-09-15,65.0,70.0,False
Kalobeyei (Village 1),Maize flour,2023-09-15,105.0,120.0,False
Kakuma 2,Maize flour,2023-09-15,113.33,120.0,False
Kakuma 4,Beans (dry),2023-09-15,203.33,205.0,False
Hagadera (Daadab),Sugar,2023-09-15,148.86,150.2,False
Kakuma 2,Potatoes (Irish),2023-09-15,83.33,45.0,True
IFO (Daadab),Potatoes (Irish),2023-09-15,62.79,59.93,False
Hagadera (Daadab),Wheat flour,2023-09-15,101.98,106.01,False
Kakuma 2,Beans (dry),2023-09-15,190.0,200.0,False
Ethiopia (Kakuma),Maize flour,2023-09-15,100.0,110.0,False
Ethiopia (Kakuma),Wheat flour,2023-09-15,105.0,105.0,False
HongKong (Kakuma),Salt,2023-09-15,50.0,50.0,False
Kakuma 3,Maize flour,2023-09-15,96.25,120.0,True
Kakuma 3,Salt,2023-09-15,50.0,50.0,False
Mogadishu (Kakuma),Salt,2023-09-15,50.0,50.0,False
Ethiopia (Kakuma),Maize,2023-09-15,100.0,70.0,True
Hagadera (Daadab),Salt,2023-09-15,50.0,50.0,False
Kakuma 3,Maize,2023-09-15,75.0,80.0,False
IFO (Daadab),Wheat flour,2023-09-15,105.22,103.22,False
HongKong (Kakuma),Beans (dry),2023-09-15,190.0,210.0,False
Ethiopia (Kakuma),Sugar,2023-09-15,210.0,240.0,False
HongKong (Kakuma),Wheat flour,2023-09-15,95.0,110.0,False
Kakuma 4,Maize,2023-09-15,53.33,80.0,True
IFO (Daadab),Sugar,2023-09-15,172.37,139.58,True
Kakuma 3,Sugar,2023-09-15,228.57,235.0,False
Ethiopia (Kakuma),Salt,2023-09-15,50.0,50.0,False
Hagadera (Daadab),Maize flour,2023-09-15,109.09,119.34,False
Ethiopia (Kakuma),Beans (dry),2023-09-15,200.0,215.0,False
Hagadera (Daadab),Rice,2023-09-15,119.03,115.47,False
Hagadera (Daadab),Potatoes (Irish),2023-09-15,63.69,57.82,False
Kakuma 2,Sugar,2023-09-15,226.67,235.0,False
IFO (Daadab),Beans (dry),2023-09-15,168.36,179.04,False
Kakuma 4,Wheat flour,2023-09-15,100.0,120.0,True
Hagadera (Daadab),Beans (dry),2023-09-15,151.16,161.2,False
HongKong (Kakuma),Maize,2023-09-15,100.0,90.0,False
Kakuma 3,Beans (dry),2023-09-15,187.5,195.0,False
Kakuma 3,Rice,2023-09-15,157.14,190.0,True
IFO (Daadab),Meat (camel),2023-09-15,592.22,602.02,False
Kalobeyei (Village 3),Sugar,2023-09-15,210.0,230.0,False
Kalobeyei (Village 2),Wheat flour,2023-09-15,103.33,105.0,False
Kalobeyei (Village 3),Beans (dry),2023-09-15,180.0,180.0,False
Kalobeyei (Village 2),Salt,2023-09-15,58.349999999999994,62.5,False
Kalobeyei (Village 2),Sugar,2023-09-15,240.0,235.0,False
IFO (Daadab),Maize,2023-09-15,68.33,92.89,True
Kalobeyei (Village 3),Salt,2023-09-15,50.0,50.0,False
Kalobeyei (Village 2),Maize,2023-09-15,76.67,80.0,False
Kalobeyei (Village 3),Maize flour,2023-09-15,100.0,120.0,True
Kalobeyei (Village 2),Maize flour,2023-09-15,103.33,115.0,False
Kalobeyei (Village 3),Wheat flour,2023-09-15,100.0,100.0,False
Kalobeyei (Village 2),Beans (dry),2023-09-15,193.33,185.0,False
Kalobeyei (Village 3),Rice,2023-09-15,130.0,130.0,False
IFO (Daadab),Maize flour,2023-09-15,117.28,107.22,False
Kalobeyei (Village 1),Rice,2023-09-15,110.0,125.0,False
HongKong (Kakuma),Maize flour,2023-09-15,95.0,125.0,True
Kakuma 4,Rice,2023-09-15,165.0,185.0,False
Kalobeyei (Village 2),Rice,2023-09-15,143.33,125.0,False
Kakuma 2,Wheat flour,2023-09-15,103.33,115.0,False
Hagadera (Daadab),Maize,2023-09-15,71.25,74.58,False
Mogadishu (Kakuma),Maize flour,2023-09-15,100.0,115.0,False
Kakuma 4,Salt,2023-09-15,58.349999999999994,62.5,False
IFO (Daadab),Rice,2023-09-15,115.06,106.0,False
Kakuma 4,Sugar,2023-09-15,240.0,245.0,False
Kakuma 3,Wheat flour,2023-09-15,101.0,102.5,False
Kalobeyei (Village 1),Salt,2023-09-15,50.0,50.0,False
Kakuma 3,Potatoes (Irish),2023-09-15,75.0,40.0,True
Mogadishu (Kakuma),Beans (dry),2023-09-15,160.0,190.0,False
Kalobeyei (Village 1),Potatoes (Irish),2023-09-15,70.0,40.0,False
Mogadishu (Kakuma),Rice,2023-09-15,190.0,165.0,False
Hagadera (Daadab),Meat (camel),2023-09-15,482.06,480.0,False
Kakuma 2,Rice,2023-09-15,200.0,190.0,False
Mogadishu (Kakuma),Sugar,2023-09-15,225.0,210.0,False
IFO (Daadab),Salt,2023-09-15,59.55,50.0,True
Ethiopia (Kakuma),Rice,2023-09-15,210.0,120.0,True
HongKong (Kakuma),Sugar,2023-09-15,220.0,235.0,False
Hagadera (Daadab),Meat (goat),2023-09-15,579.41,600.0,False
Kakuma 4,Maize flour,2023-09-15,102.67,115.0,False
Kakuma 3,Maize flour,2023-10-15,104.29,96.25,False
IFO (Daadab),Beans (dry),2023-10-15,169.09,168.36,False
Ethiopia (Kakuma),Beans (dry),2023-10-15,180.0,200.0,False
IFO (Daadab),Meat (camel),2023-10-15,586.67,592.22,False
Kalobeyei (Village 1),Wheat flour,2023-10-15,110.0,110.0,False
IFO (Daadab),Sugar,2023-10-15,143.77,172.37,True
Kakuma 3,Maize,2023-10-15,72.5,75.0,False
Kakuma 3,Salt,2023-10-15,50.0,50.0,False
HongKong (Kakuma),Wheat flour,2023-10-15,100.0,95.0,False
Kakuma 4,Rice,2023-10-15,183.33,165.0,False
IFO (Daadab),Wheat flour,2023-10-15,105.79,105.22,False
Hagadera (Daadab),Maize flour,2023-10-15,105.9,109.09,False
Kalobeyei (Village 1),Sugar,2023-10-15,210.0,203.33,False
Kakuma 4,Potatoes (Irish),2023-10-15,70.0,40.0,True
Kakuma 3,Sugar,2023-10-15,211.43,228.57,False
Ethiopia (Kakuma),Sugar,2023-10-15,210.0,210.0,False
IFO (Daadab),Maize,2023-10-15,68.62,68.33,False
Hagadera (Daadab),Salt,2023-10-15,50.0,50.0,False
Kalobeyei (Village 1),Rice,2023-10-15,120.0,110.0,False
Kalobeyei (Village 1),Potatoes (Irish),2023-10-15,80.0,70.0,False
IFO (Daadab),Rice,2023-10-15,114.26,115.06,False
Kakuma 3,Wheat flour,2023-10-15,104.29,101.0,False
Mogadishu (Kakuma),Maize flour,2023-10-15,110.0,100.0,False
Kalobeyei (Village 1),Salt,2023-10-15,50.0,50.0,False
HongKong (Kakuma),Salt,2023-10-15,50.0,50.0,False
Kakuma 2,Beans (dry),2023-10-15,200.0,190.0,False
IFO (Daadab),Potatoes (Irish),2023-10-15,76.45,62.79,False
Kakuma 3,Rice,2023-10-15,174.29,157.14,False
IFO (Daadab),Meat (goat),2023-10-15,639.13,600.0,False
Hagadera (Daadab),Sugar,2023-10-15,148.49,148.86,False
Hagadera (Daadab),Potatoes (Irish),2023-10-15,87.87,63.69,True
Kakuma 3,Beans (dry),2023-10-15,198.57,187.5,False
Ethiopia (Kakuma),Maize flour,2023-10-15,100.0,100.0,False
Hagadera (Daadab),Maize,2023-10-15,77.5,71.25,False
HongKong (Kakuma),Rice,2023-10-15,150.0,190.0,False
Hagadera (Daadab),Wheat flour,2023-10-15,100.0,101.98,False
Kalobeyei (Village 1),Beans (dry),2023-10-15,170.0,196.67,False
Mogadishu (Kakuma),Salt,2023-10-15,50.0,50.0,False
Kakuma 3,Potatoes (Irish),2023-10-15,86.67,75.0,False
Kakuma 4,Salt,2023-10-15,50.0,58.349999999999994,False
Hagadera (Daadab),Meat (goat),2023-10-15,680.0,579.41,True
Kalobeyei (Village 1),Maize flour,2023-10-15,110.0,105.0,False
Kakuma 2,Maize flour,2023-10-15,125.0,113.33,False
HongKong (Kakuma),Beans (dry),2023-10-15,200.0,190.0,False
Kakuma 2,Rice,2023-10-15,165.0,200.0,True
Mogadishu (Kakuma),Rice,2023-10-15,150.0,190.0,True
Kalobeyei (Village 1),Maize,2023-10-15,70.0,65.0,False
Kakuma 4,Maize,2023-10-15,66.0,53.33,False
HongKong (Kakuma),Sugar,2023-10-15,220.0,220.0,False
IFO (Daadab),Maize flour,2023-10-15,104.18,117.28,False
Mogadishu (Kakuma),Sugar,2023-10-15,240.0,225.0,False
HongKong (Kakuma),Maize,2023-10-15,85.0,100.0,False
Kakuma 4,Sugar,2023-10-15,208.0,240.0,False
Kakuma 2,Maize,2023-10-15,70.0,80.0,False
Kakuma 4,Maize flour,2023-10-15,104.0,102.67,False
Hagadera (Daadab),Meat (camel),2023-10-15,600.0,482.06,True
Ethiopia (Kakuma),Rice,2023-10-15,180.0,210.0,False
Kakuma 4,Beans (dry),2023-10-15,200.0,203.33,False
Hagadera (Daadab),Rice,2023-10-15,118.7,119.03,False
IFO (Daadab),Salt,2023-10-15,50.0,59.55,True
Ethiopia (Kakuma),Salt,2023-10-15,50.0,50.0,False
Hagadera (Daadab),Beans (dry),2023-10-15,144.8,151.16,False
Kakuma 2,Salt,2023-10-15,62.5,75.0,False
HongKong (Kakuma),Maize flour,2023-10-15,100.0,95.0,False
Kakuma 2,Wheat flour,2023-10-15,115.0,103.33,False
Ethiopia (Kakuma),Wheat flour,2023-10-15,100.0,105.0,False
Kakuma 4,Wheat flour,2023-10-15,106.0,100.0,False
Kakuma 3,Meat (goat),2023-10-15,600.0,600.0,False
Kakuma 3,Salt,2023-11-15,50.0,50.0,False
Kalobeyei (Village 3),Wheat flour,2023-11-15,100.0,100.0,False
IFO (Daadab),Beans (dry),2023-11-15,201.66,169.09,True
Ethiopia (Kakuma),Beans (dry),2023-11-15,191.67,180.0,False
Kalobeyei (Village 2),Wheat flour,2023-11-15,101.82,103.33,False
IFO (Daadab),Meat (camel),2023-11-15,605.07,586.67,False
Kalobeyei (Village 1),Wheat flour,2023-11-15,104.79,110.0,False
Kalobeyei (Village 3),Sugar,2023-11-15,210.0,210.0,False
IFO (Daadab),Sugar,2023-11-15,185.21,143.77,True
Kalobeyei (Village 1),Potatoes (Irish),2023-11-15,80.0,80.0,False
Ethiopia (Kakuma),Maize,2023-11-15,70.0,100.0,False
Kakuma 3,Sugar,2023-11-15,215.55,211.43,False
Kalobeyei (Village 1),Sugar,2023-11-15,210.0,210.0,False
Kalobeyei (Village 2),Beans (dry),2023-11-15,180.91,193.33,False
IFO (Daadab),Wheat flour,2023-11-15,137.47,105.79,True
Hagadera (Daadab),Maize,2023-11-15,80.0,77.5,False
HongKong (Kakuma),Sugar,2023-11-15,219.69,220.0,False
Kakuma 3,Potatoes (Irish),2023-11-15,73.02,86.67,False
HongKong (Kakuma),Wheat flour,2023-11-15,102.19,100.0,False
Kakuma 2,Maize,2023-11-15,63.54,70.0,False
Kakuma 2,Potatoes (Irish),2023-11-15,76.67,83.33,False
Kalobeyei (Village 1),Beans (dry),2023-11-15,170.94,170.0,False
Kakuma 2,Maize flour,2023-11-15,106.15,125.0,True
HongKong (Kakuma),Rice,2023-11-15,163.44,150.0,False
Kalobeyei (Village 1),Maize flour,2023-11-15,100.1,110.0,False
Kakuma 4,Beans (dry),2023-11-15,205.0,200.0,False
Kalobeyei (Village 2),Maize flour,2023-11-15,101.82,103.33,False
Kalobeyei (Village 3),Beans (dry),2023-11-15,200.0,180.0,False
Hagadera (Daadab),Rice,2023-11-15,133.94,118.7,True
HongKong (Kakuma),Maize flour,2023-11-15,100.0,100.0,False
HongKong (Kakuma),Beans (dry),2023-11-15,199.38,200.0,False
Mogadishu (Kakuma),Sugar,2023-11-15,221.25,240.0,False
Kakuma 2,Rice,2023-11-15,205.73,165.0,True
Kalobeyei (Village 1),Maize,2023-11-15,63.12,70.0,False
Kalobeyei (Village 3),Salt,2023-11-15,50.0,50.0,False
Kalobeyei (Village 2),Sugar,2023-11-15,225.0,240.0,False
Ethiopia (Kakuma),Wheat flour,2023-11-15,105.83,100.0,False
HongKong (Kakuma),Maize,2023-11-15,78.44,85.0,False
Mogadishu (Kakuma),Salt,2023-11-15,50.0,50.0,False
Kakuma 2,Salt,2023-11-15,55.449999999999996,62.5,False
IFO (Daadab),Maize flour,2023-11-15,137.8,104.18,True
IFO (Daadab),Maize,2023-11-15,88.62,68.62,True
Hagadera (Daadab),Sugar,2023-11-15,197.01,148.49,True
Ethiopia (Kakuma),Rice,2023-11-15,174.17,180.0,False
Kalobeyei (Village 2),Rice,2023-11-15,126.82,143.33,False
Kakuma 4,Maize flour,2023-11-15,98.23,104.0,False
Hagadera (Daadab),Salt,2023-11-15,50.0,50.0,False
Kakuma 3,Beans (dry),2023-11-15,193.75,198.57,False
Kakuma 4,Sugar,2023-11-15,216.25,208.0,False
Mogadishu (Kakuma),Rice,2023-11-15,184.38,150.0,False
Kakuma 3,Maize,2023-11-15,72.97,72.5,False
Kakuma 4,Rice,2023-11-15,150.31,183.33,True
Kakuma 4,Salt,2023-11-15,60.14999999999999,50.0,False
Mogadishu (Kakuma),Maize flour,2023-11-15,102.29,110.0,False
IFO (Daadab),Meat (goat),2023-11-15,625.56,639.13,False
Kakuma 3,Meat (beef),2023-11-15,727.27,600.0,True
Hagadera (Daadab),Maize flour,2023-11-15,136.7,105.9,True
Kakuma 3,Maize flour,2023-11-15,98.63,104.29,False
Kakuma 4,Potatoes (Irish),2023-11-15,67.5,70.0,False
Kakuma 4,Wheat flour,2023-11-15,105.0,106.0,False
Ethiopia (Kakuma),Maize flour,2023-11-15,105.83,100.0,False
Ethiopia (Kakuma),Sugar,2023-11-15,227.5,210.0,False
Kakuma 4,Maize,2023-11-15,57.84,66.0,False
Kalobeyei (Village 3),Maize flour,2023-11-15,110.0,100.0,False
Mogadishu (Kakuma),Beans (dry),2023-11-15,194.55,160.0,False
Hagadera (Daadab),Wheat flour,2023-11-15,138.27,100.0,True
Kalobeyei (Village 1),Salt,2023-11-15,50.0,50.0,False
IFO (Daadab),Rice,2023-11-15,144.71,114.26,True
Kakuma 3,Wheat flour,2023-11-15,101.65,104.29,False
HongKong (Kakuma),Salt,2023-11-15,50.0,50.0,False
IFO (Daadab),Potatoes (Irish),2023-11-15,213.89,76.45,True
Kalobeyei (Village 1),Rice,2023-11-15,123.85,120.0,False
Kalobeyei (Village 2),Maize,2023-11-15,72.73,76.67,False
Hagadera (Daadab),Potatoes (Irish),2023-11-15,174.38,87.87,True
Kakuma 3,Rice,2023-11-15,178.51,174.29,False
Hagadera (Daadab),Beans (dry),2023-11-15,188.46,144.8,True
Kakuma 2,Sugar,2023-11-15,215.31,226.67,False
IFO (Daadab),Salt,2023-11-15,55.0,50.0,False
Kalobeyei (Village 2),Salt,2023-11-15,59.1,58.349999999999994,False
Kalobeyei (Village 3),Rice,2023-11-15,155.0,130.0,False
Kakuma 2,Wheat flour,2023-11-15,106.87,115.0,False
Ethiopia (Kakuma),Salt,2023-11-15,50.0,50.0,False
Kakuma 2,Beans (dry),2023-11-15,194.69,200.0,False
Kakuma 3,Meat (goat),2023-11-15,684.38,600.0,False
Mogadishu (Kakuma),Maize flour,2023-12-15,92.0,102.29,False
Kakuma 4,Wheat flour,2023-12-15,103.19,105.0,False
Kalobeyei (Village 1),Maize flour,2023-12-15,99.0,100.1,False
Kakuma 2,Rice,2023-12-15,196.67,205.73,False
Ethiopia (Kakuma),Maize,2023-12-15,70.0,70.0,False
Ethiopia (Kakuma),Maize flour,2023-12-15,93.33,105.83,False
IFO (Daadab),Maize,2023-12-15,84.73,88.62,False
Kalobeyei (Village 1),Sugar,2023-12-15,216.5,210.0,False
Kalobeyei (Village 3),Wheat flour,2023-12-15,132.0,100.0,True
Kalobeyei (Village 2),Beans (dry),2023-12-15,179.0,180.91,False
HongKong (Kakuma),Wheat flour,2023-12-15,102.33,102.19,False
Kalobeyei (Village 2),Maize flour,2023-12-15,101.5,101.82,False
IFO (Daadab),Sugar,2023-12-15,180.15,185.21,False
IFO (Daadab),Meat (camel),2023-12-15,629.03,605.07,False
Kalobeyei (Village 1),Wheat flour,2023-12-15,104.5,104.79,False
Kakuma 3,Beans (dry),2023-12-15,188.95,193.75,False
HongKong (Kakuma),Sugar,2023-12-15,219.33,219.69,False
Kalobeyei (Village 1),Maize,2023-12-15,67.0,63.12,False
Hagadera (Daadab),Sugar,2023-12-15,186.66,197.01,False
Kakuma 4,Rice,2023-12-15,141.67,150.31,False
Ethiopia (Kakuma),Beans (dry),2023-12-15,160.0,191.67,False
Kakuma 4,Potatoes (Irish),2023-12-15,60.0,67.5,False
Kalobeyei (Village 2),Salt,2023-12-15,70.6,59.1,False
Kakuma 3,Maize,2023-12-15,70.0,72.97,False
Kakuma 2,Salt,2023-12-15,56.25,55.449999999999996,False
Kalobeyei (Village 1),Beans (dry),2023-12-15,165.0,170.94,False
Kakuma 2,Sugar,2023-12-15,202.5,215.31,False
HongKong (Kakuma),Maize,2023-12-15,71.0,78.44,False
Mogadishu (Kakuma),Salt,2023-12-15,50.0,50.0,False
HongKong (Kakuma),Beans (dry),2023-12-15,203.33,199.38,False
Hagadera (Daadab),Salt,2023-12-15,50.0,50.0,False
Mogadishu (Kakuma),Beans (dry),2023-12-15,192.0,194.55,False
Kakuma 4,Salt,2023-12-15,55.0,60.14999999999999,False
Mogadishu (Kakuma),Rice,2023-12-15,193.0,184.38,False
Kakuma 4,Sugar,2023-12-15,220.87,216.25,False
Kalobeyei (Village 2),Rice,2023-12-15,172.0,126.82,False
Kakuma 2,Wheat flour,2023-12-15,100.0,106.87,False
Hagadera (Daadab),Wheat flour,2023-12-15,111.04,138.27,True
IFO (Daadab),Beans (dry),2023-12-15,210.57,201.66,False
IFO (Daadab),Salt,2023-12-15,50.8,55.0,False
Kakuma 3,Meat (goat),2023-12-15,675.0,684.38,False
Kakuma 3,Rice,2023-12-15,185.86,178.51,False
Kakuma 4,Beans (dry),2023-12-15,195.5,205.0,False
Hagadera (Daadab),Maize,2023-12-15,85.0,80.0,False
IFO (Daadab),Meat (goat),2023-12-15,629.03,625.56,False
Kakuma 4,Maize flour,2023-12-15,99.0,98.23,False
Kakuma 3,Sugar,2023-12-15,215.62,215.55,False
Kakuma 3,Wheat flour,2023-12-15,104.38,101.65,False
Hagadera (Daadab),Meat (camel),2023-12-15,600.0,600.0,False
Kalobeyei (Village 2),Sugar,2023-12-15,218.5,225.0,False
Hagadera (Daadab),Potatoes (Irish),2023-12-15,100.48,174.38,True
Kakuma 3,Meat (beef),2023-12-15,600.0,727.27,True
Kakuma 3,Salt,2023-12-15,52.5,50.0,False
Hagadera (Daadab),Beans (dry),2023-12-15,178.3,188.46,False
Hagadera (Daadab),Meat (goat),2023-12-15,783.33,680.0,False
Kalobeyei (Village 2),Wheat flour,2023-12-15,108.38,101.82,False
Kakuma 4,Maize,2023-12-15,52.62,57.84,False
Ethiopia (Kakuma),Rice,2023-12-15,153.33,174.17,False
Kakuma 3,Potatoes (Irish),2023-12-15,70.0,73.02,False
Kakuma 3,Maize flour,2023-12-15,98.5,98.63,False
Ethiopia (Kakuma),Wheat flour,2023-12-15,113.33,105.83,False
Hagadera (Daadab),Maize flour,2023-12-15,118.06,136.7,False
Kalobeyei (Village 1),Salt,2023-12-15,50.0,50.0,False
IFO (Daadab),Rice,2023-12-15,161.81,144.71,False
Ethiopia (Kakuma),Sugar,2023-12-15,216.67,227.5,False
IFO (Daadab),Potatoes (Irish),2023-12-15,119.15,213.89,True
Kalobeyei (Village 1),Rice,2023-12-15,125.5,123.85,False
Kalobeyei (Village 2),Maize,2023-12-15,60.0,72.73,False
Kalobeyei (Village 3),Sugar,2023-12-15,215.0,210.0,False
Kalobeyei (Village 1),Potatoes (Irish),2023-12-15,70.0,80.0,False
Kakuma 2,Beans (dry),2023-12-15,170.0,194.69,False
HongKong (Kakuma),Salt,2023-12-15,50.0,50.0,False
Kakuma 2,Maize,2023-12-15,61.67,63.54,False
Kakuma 2,Maize flour,2023-12-15,93.33,106.15,False
Hagadera (Daadab),Rice,2023-12-15,139.25,133.94,False
Kakuma 2,Potatoes (Irish),2023-12-15,76.67,76.67,False
Mogadishu (Kakuma),Sugar,2023-12-15,210.5,221.25,False
HongKong (Kakuma),Maize flour,2023-12-15,100.0,100.0,False
Ethiopia (Kakuma),Salt,2023-12-15,50.0,50.0,False
HongKong (Kakuma),Rice,2023-12-15,188.0,163.44,False
Hagadera (Daadab),Potatoes (Irish),2024-01-15,62.43,100.48,False
Kalobeyei (Village 1),Sugar,2024-01-15,200.0,216.5,False
Kalobeyei (Village 2),Salt,2024-01-15,66.64999999999999,70.6,False
Kakuma 4,Maize,2024-01-15,80.0,52.62,True
Hagadera (Daadab),Salt,2024-01-15,50.0,50.0,False
HongKong (Kakuma),Sugar,2024-01-15,220.0,219.33,False
IFO (Daadab),Maize,2024-01-15,75.88,84.73,False
Kakuma 3,Wheat flour,2024-01-15,100.0,104.38,False
Kakuma 4,Rice,2024-01-15,153.33,141.67,False
HongKong (Kakuma),Wheat flour,2024-01-15,105.0,102.33,False
Kakuma 4,Salt,2024-01-15,62.5,55.0,False
Kakuma 4,Beans (dry),2024-01-15,190.0,195.5,False
Hagadera (Daadab),Wheat flour,2024-01-15,100.96,111.04,False
Hagadera (Daadab),Rice,2024-01-15,122.19,139.25,True
Kalobeyei (Village 2),Sugar,2024-01-15,226.67,218.5,False
Hagadera (Daadab),Sugar,2024-01-15,165.15,186.66,False
Hagadera (Daadab),Meat (camel),2024-01-15,600.0,600.0,False
HongKong (Kakuma),Maize flour,2024-01-15,100.0,100.0,False
Hagadera (Daadab),Meat (goat),2024-01-15,712.5,783.33,False
HongKong (Kakuma),Rice,2024-01-15,150.0,188.0,False
Kalobeyei (Village 1),Maize,2024-01-15,70.0,67.0,False
Kalobeyei (Village 1),Beans (dry),2024-01-15,165.0,165.0,False
Kalobeyei (Village 1),Maize flour,2024-01-15,100.0,99.0,False
HongKong (Kakuma),Maize,2024-01-15,70.0,71.0,False
IFO (Daadab),Meat (goat),2024-01-15,600.0,629.03,False
Kalobeyei (Village 2),Wheat flour,2024-01-15,103.33,108.38,False
HongKong (Kakuma),Salt,2024-01-15,50.0,50.0,False
IFO (Daadab),Beans (dry),2024-01-15,145.77,210.57,True
Kalobeyei (Village 2),Maize flour,2024-01-15,100.0,101.5,False
Kalobeyei (Village 1),Rice,2024-01-15,150.0,125.5,True
Kalobeyei (Village 1),Potatoes (Irish),2024-01-15,80.0,70.0,False
Kalobeyei (Village 2),Maize,2024-01-15,66.67,60.0,False
IFO (Daadab),Maize flour,2024-01-15,108.62,137.8,False
Kalobeyei (Village 2),Beans (dry),2024-01-15,215.0,179.0,True
Kakuma 4,Maize flour,2024-01-15,95.0,99.0,False
Kalobeyei (Village 1),Wheat flour,2024-01-15,110.0,104.5,False
Kakuma 2,Potatoes (Irish),2024-01-15,80.0,76.67,False
Mogadishu (Kakuma),Sugar,2024-01-15,195.0,210.5,False
Mogadishu (Kakuma),Salt,2024-01-15,75.0,50.0,True
IFO (Daadab),Meat (camel),2024-01-15,600.0,629.03,False
Kakuma 3,Meat (beef),2024-01-15,600.0,600.0,False
Kakuma 2,Rice,2024-01-15,180.0,196.67,False
IFO (Daadab),Sugar,2024-01-15,153.29,180.15,False
Kakuma 3,Maize flour,2024-01-15,100.0,98.5,False
IFO (Daadab),Wheat flour,2024-01-15,108.19,137.47,True
Hagadera (Daadab),Maize,2024-01-15,55.0,85.0,True
Kakuma 3,Beans (dry),2024-01-15,190.0,188.95,False
Kakuma 3,Salt,2024-01-15,50.0,52.5,False
Mogadishu (Kakuma),Beans (dry),2024-01-15,185.0,192.0,False
Kakuma 4,Wheat flour,2024-01-15,102.5,103.19,False
Kakuma 3,Maize,2024-01-15,60.0,70.0,False
Kakuma 2,Maize flour,2024-01-15,106.67,93.33,False
IFO (Daadab),Salt,2024-01-15,60.75,50.8,True
Kakuma 2,Salt,2024-01-15,50.0,56.25,False
Kakuma 3,Potatoes (Irish),2024-01-15,65.0,70.0,False
HongKong (Kakuma),Beans (dry),2024-01-15,200.0,203.33,False
Hagadera (Daadab),Maize flour,2024-01-15,100.52,118.06,False
Kalobeyei (Village 2),Rice,2024-01-15,200.0,172.0,False
Kakuma 3,Sugar,2024-01-15,193.33,215.62,False
Kakuma 2,Beans (dry),2024-01-15,180.0,170.0,False
Kakuma 3,Rice,2024-01-15,193.33,185.86,False
Mogadishu (Kakuma),Rice,2024-01-15,185.0,193.0,False
IFO (Daadab),Potatoes (Irish),2024-01-15,68.78,119.15,False
Kakuma 2,Wheat flour,2024-01-15,103.33,100.0,False
Hagadera (Daadab),Beans (dry),2024-01-15,146.85,178.3,True
Kakuma 2,Sugar,2024-01-15,190.0,202.5,False
Kakuma 2,Maize,2024-01-15,70.0,61.67,False
Mogadishu (Kakuma),Maize flour,2024-01-15,95.0,92.0,False
IFO (Daadab),Rice,2024-01-15,127.67,161.81,True
Kalobeyei (Village 1),Salt,2024-01-15,50.0,50.0,False
Kalobeyei (Village 1),Wheat flour,2024-02-15,100.0,110.0,False
Kakuma 4,Beans (dry),2024-02-15,170.0,190.0,False
Ethiopia (Kakuma),Beans (dry),2024-02-15,197.5,160.0,False
Kakuma 3,Rice,2024-02-15,200.0,193.33,False
Hagadera (Daadab),Meat (camel),2024-02-15,600.0,600.0,False
Mogadishu (Kakuma),Rice,2024-02-15,220.0,185.0,False
Hagadera (Daadab),Maize flour,2024-02-15,100.0,100.52,False
IFO (Daadab),Meat (goat),2024-02-15,590.34,600.0,False
Hagadera (Daadab),Salt,2024-02-15,50.0,50.0,False
Kakuma 3,Meat (goat),2024-02-15,700.0,675.0,False
Mogadishu (Kakuma),Sugar,2024-02-15,200.0,195.0,False
Ethiopia (Kakuma),Wheat flour,2024-02-15,106.25,113.33,False
Kalobeyei (Village 1),Sugar,2024-02-15,230.0,200.0,True
Hagadera (Daadab),Potatoes (Irish),2024-02-15,66.32,62.43,False
Ethiopia (Kakuma),Maize,2024-02-15,76.25,70.0,False
Kakuma 3,Salt,2024-02-15,50.0,50.0,False
Kakuma 3,Wheat flour,2024-02-15,105.0,100.0,False
Kakuma 3,Potatoes (Irish),2024-02-15,70.0,65.0,False
Kakuma 3,Meat (beef),2024-02-15,700.0,600.0,False
IFO (Daadab),Sugar,2024-02-15,148.0,153.29,False
Hagadera (Daadab),Beans (dry),2024-02-15,140.62,146.85,False
Kakuma 3,Sugar,2024-02-15,192.5,193.33,False
Hagadera (Daadab),Meat (goat),2024-02-15,800.0,712.5,False
Hagadera (Daadab),Maize,2024-02-15,53.33,55.0,False
Ethiopia (Kakuma),Sugar,2024-02-15,208.75,216.67,False
IFO (Daadab),Beans (dry),2024-02-15,137.67,145.77,False
Kakuma 3,Beans (dry),2024-02-15,190.0,190.0,False
HongKong (Kakuma),Wheat flour,2024-02-15,103.33,105.0,False
IFO (Daadab),Salt,2024-02-15,50.0,60.75,True
HongKong (Kakuma),Maize flour,2024-02-15,106.67,100.0,False
Kalobeyei (Village 1),Rice,2024-02-15,150.0,150.0,False
Kalobeyei (Village 1),Maize,2024-02-15,70.0,70.0,False
Kalobeyei (Village 1),Maize flour,2024-02-15,100.0,100.0,False
Kakuma 4,Potatoes (Irish),2024-02-15,40.0,60.0,False
Mogadishu (Kakuma),Beans (dry),2024-02-15,200.0,185.0,False
Kakuma 3,Maize,2024-02-15,66.67,60.0,False
Hagadera (Daadab),Sugar,2024-02-15,157.13,165.15,False
IFO (Daadab),Wheat flour,2024-02-15,101.0,108.19,False
Ethiopia (Kakuma),Salt,2024-02-15,53.099999999999994,50.0,False
Hagadera (Daadab),Rice,2024-02-15,126.81,122.19,False
IFO (Daadab),Maize flour,2024-02-15,100.69,108.62,False
Kakuma 4,Maize flour,2024-02-15,100.0,95.0,False
Kakuma 3,Maize flour,2024-02-15,97.5,100.0,False
HongKong (Kakuma),Rice,2024-02-15,200.0,150.0,False
IFO (Daadab),Maize,2024-02-15,75.84,75.88,False
HongKong (Kakuma),Sugar,2024-02-15,193.33,220.0,False
Ethiopia (Kakuma),Maize flour,2024-02-15,87.5,93.33,False
Kalobeyei (Village 1),Beans (dry),2024-02-15,200.0,165.0,True
Kakuma 4,Salt,2024-02-15,50.0,62.5,False
Mogadishu (Kakuma),Maize flour,2024-02-15,100.0,95.0,False
Kalobeyei (Village 1),Salt,2024-02-15,50.0,50.0,False
Hagadera (Daadab),Wheat flour,2024-02-15,100.0,100.96,False
IFO (Daadab),Meat (camel),2024-02-15,600.0,600.0,False
Ethiopia (Kakuma),Rice,2024-02-15,150.0,153.33,False
Kakuma 4,Wheat flour,2024-02-15,100.0,102.5,False
Mogadishu (Kakuma),Salt,2024-02-15,50.0,75.0,True
HongKong (Kakuma),Beans (dry),2024-02-15,193.33,200.0,False
HongKong (Kakuma),Salt,2024-02-15,50.0,50.0,False
IFO (Daadab),Potatoes (Irish),2024-02-15,69.91,68.78,False
IFO (Daadab),Rice,2024-02-15,121.05,127.67,False
Kakuma 4,Maize flour,2024-03-15,100.0,100.0,False
Kakuma 4,Beans (dry),2024-03-15,200.0,170.0,False
Mogadishu (Kakuma),Beans (dry),2024-03-15,200.0,200.0,False
HongKong (Kakuma),Wheat flour,2024-03-15,106.5,103.33,False
Kalobeyei (Village 1),Maize flour,2024-03-15,95.0,100.0,False
Kakuma 3,Maize flour,2024-03-15,95.0,97.5,False
Hagadera (Daadab),Potatoes (Irish),2024-03-15,71.31,66.32,False
Kalobeyei (Village 2),Wheat flour,2024-03-15,108.5,103.33,False
Ethiopia (Kakuma),Salt,2024-03-15,50.0,53.099999999999994,False
Kalobeyei (Village 3),Maize flour,2024-03-15,90.0,110.0,True
Kalobeyei (Village 3),Wheat flour,2024-03-15,105.0,132.0,True
Hagadera (Daadab),Rice,2024-03-15,123.5,126.81,False
Kakuma 3,Salt,2024-03-15,60.0,50.0,True
HongKong (Kakuma),Sugar,2024-03-15,218.5,193.33,False
Ethiopia (Kakuma),Maize,2024-03-15,50.0,76.25,False
Kalobeyei (Village 3),Beans (dry),2024-03-15,155.0,200.0,False
IFO (Daadab),Wheat flour,2024-03-15,110.56,101.0,False
Ethiopia (Kakuma),Sugar,2024-03-15,165.0,208.75,False
Kakuma 2,Wheat flour,2024-03-15,100.0,103.33,False
Kalobeyei (Village 1),Maize,2024-03-15,60.0,70.0,False
Kakuma 3,Potatoes (Irish),2024-03-15,70.0,70.0,False
Kakuma 3,Maize,2024-03-15,67.5,66.67,False
Ethiopia (Kakuma),Rice,2024-03-15,200.0,150.0,False
Ethiopia (Kakuma),Maize flour,2024-03-15,75.0,87.5,False
Kakuma 3,Beans (dry),2024-03-15,195.0,190.0,False
Ethiopia (Kakuma),Wheat flour,2024-03-15,100.0,106.25,False
Kakuma 4,Rice,2024-03-15,200.0,153.33,True
Kakuma 2,Maize flour,2024-03-15,95.0,106.67,False
Kalobeyei (Village 2),Sugar,2024-03-15,199.5,226.67,False
Hagadera (Daadab),Sugar,2024-03-15,159.06,157.13,False
IFO (Daadab),Maize,2024-03-15,79.1,75.84,False
Hagadera (Daadab),Meat (goat),2024-03-15,800.0,800.0,False
IFO (Daadab),Sugar,2024-03-15,155.54,148.0,False
Mogadishu (Kakuma),Maize flour,2024-03-15,55.0,100.0,True
IFO (Daadab),Meat (camel),2024-03-15,600.0,600.0,False
Kakuma 4,Salt,2024-03-15,50.0,50.0,False
Kalobeyei (Village 3),Rice,2024-03-15,145.0,155.0,False
Kalobeyei (Village 1),Salt,2024-03-15,62.5,50.0,False
IFO (Daadab),Beans (dry),2024-03-15,158.61,137.67,False
Kalobeyei (Village 2),Salt,2024-03-15,62.5,66.64999999999999,False
Kakuma 4,Wheat flour,2024-03-15,101.0,100.0,False
Kakuma 2,Maize,2024-03-15,70.0,70.0,False
IFO (Daadab),Salt,2024-03-15,53.89999999999999,50.0,False
HongKong (Kakuma),Beans (dry),2024-03-15,190.0,193.33,False
Mogadishu (Kakuma),Sugar,2024-03-15,202.0,200.0,False
IFO (Daadab),Meat (goat),2024-03-15,600.0,590.34,False
HongKong (Kakuma),Maize flour,2024-03-15,100.0,106.67,False
Kalobeyei (Village 1),Beans (dry),2024-03-15,180.0,200.0,False
Mogadishu (Kakuma),Rice,2024-03-15,185.0,220.0,False
Hagadera (Daadab),Maize,2024-03-15,56.25,53.33,False
Kakuma 2,Sugar,2024-03-15,190.0,190.0,False
Kakuma 3,Wheat flour,2024-03-15,119.5,105.0,True
HongKong (Kakuma),Rice,2024-03-15,200.0,200.0,False
Hagadera (Daadab),Beans (dry),2024-03-15,135.16,140.62,False
HongKong (Kakuma),Salt,2024-03-15,70.0,50.0,True
Kalobeyei (Village 2),Beans (dry),2024-03-15,210.0,215.0,False
Hagadera (Daadab),Maize flour,2024-03-15,100.0,100.0,False
Kakuma 4,Maize,2024-03-15,45.0,80.0,True
Ethiopia (Kakuma),Beans (dry),2024-03-15,180.0,197.5,False
Kalobeyei (Village 2),Maize flour,2024-03-15,105.0,100.0,False
IFO (Daadab),Rice,2024-03-15,148.71,121.05,True
Kakuma 2,Rice,2024-03-15,200.0,180.0,False
Hagadera (Daadab),Salt,2024-03-15,50.0,50.0,False
Kalobeyei (Village 2),Maize,2024-03-15,75.0,66.67,False
Hagadera (Daadab),Wheat flour,2024-03-15,100.5,100.0,False
IFO (Daadab),Maize flour,2024-03-15,100.82,100.69,False
Kalobeyei (Village 2),Rice,2024-03-15,170.0,200.0,False
Kakuma 2,Salt,2024-03-15,50.0,50.0,False
IFO (Daadab),Potatoes (Irish),2024-03-15,87.26,69.91,False
Hagadera (Daadab),Meat (camel),2024-03-15,600.0,600.0,False
Kakuma 2,Beans (dry),2024-03-15,180.0,180.0,False
Kalobeyei (Village 1),Sugar,2024-03-15,201.0,230.0,False
HongKong (Kakuma),Maize,2024-03-15,100.0,70.0,True
Kalobeyei (Village 1),Wheat flour,2024-03-15,100.0,100.0,False
Mogadishu (Kakuma),Salt,2024-03-15,63.75,50.0,False
Kalobeyei (Village 3),Sugar,2024-03-15,176.0,215.0,True
Kalobeyei (Village 1),Rice,2024-03-15,155.0,150.0,False
Kalobeyei (Village 3),Salt,2024-03-15,50.0,50.0,False
Kakuma 3,Sugar,2024-03-15,196.5,192.5,False
Kakuma 3,Rice,2024-03-15,182.5,200.0,False
Kakuma 4,Salt,2024-04-15,50.0,50.0,False
Kalobeyei (Village 2),Sugar,2024-04-15,150.0,199.5,True
Ethiopia (Kakuma),Wheat flour,2024-04-15,100.0,100.0,False
Kalobeyei (Village 3),Rice,2024-04-15,140.0,145.0,False
Hagadera (Daadab),Meat (goat),2024-04-15,700.0,800.0,False
Mogadishu (Kakuma),Maize flour,2024-04-15,85.0,55.0,True
IFO (Daadab),Beans (dry),2024-04-15,143.09,158.61,False
Kakuma 4,Beans (dry),2024-04-15,200.0,200.0,False
Kalobeyei (Village 3),Beans (dry),2024-04-15,160.0,155.0,False
Kakuma 3,Wheat flour,2024-04-15,100.0,119.5,True
Hagadera (Daadab),Meat (camel),2024-04-15,600.0,600.0,False
Hagadera (Daadab),Beans (dry),2024-04-15,133.07,135.16,False
IFO (Daadab),Meat (goat),2024-04-15,600.0,600.0,False
Kakuma 3,Rice,2024-04-15,192.5,182.5,False
Kakuma 3,Sugar,2024-04-15,175.0,196.5,False
Hagadera (Daadab),Maize,2024-04-15,50.87,56.25,False
Hagadera (Daadab),Maize flour,2024-04-15,95.54,100.0,False
Kakuma 3,Potatoes (Irish),2024-04-15,100.0,70.0,False
Kakuma 2,Rice,2024-04-15,175.0,200.0,False
Kalobeyei (Village 1),Maize flour,2024-04-15,91.67,95.0,False
HongKong (Kakuma),Maize,2024-04-15,60.0,100.0,True
Kalobeyei (Village 2),Rice,2024-04-15,130.0,170.0,False
Kakuma 4,Sugar,2024-04-15,190.0,220.87,False
Kakuma 3,Salt,2024-04-15,50.0,60.0,True
Kakuma 2,Wheat flour,2024-04-15,100.0,100.0,False
Kakuma 2,Maize flour,2024-04-15,100.0,95.0,False
Hagadera (Daadab),Wheat flour,2024-04-15,100.0,100.5,False
IFO (Daadab),Meat (camel),2024-04-15,600.0,600.0,False
Kakuma 2,Sugar,2024-04-15,180.0,190.0,False
Kalobeyei (Village 2),Maize flour,2024-04-15,100.0,105.0,False
HongKong (Kakuma),Maize flour,2024-04-15,100.0,100.0,False
Kakuma 4,Wheat flour,2024-04-15,110.0,101.0,False
Mogadishu (Kakuma),Rice,2024-04-15,160.0,185.0,False
Kalobeyei (Village 1),Maize,2024-04-15,51.67,60.0,False
Kakuma 2,Salt,2024-04-15,50.0,50.0,False
HongKong (Kakuma),Beans (dry),2024-04-15,190.0,190.0,False
Kakuma 2,Potatoes (Irish),2024-04-15,80.0,80.0,False
Kalobeyei (Village 1),Beans (dry),2024-04-15,156.67,180.0,False
Mogadishu (Kakuma),Salt,2024-04-15,50.0,63.75,False
Mogadishu (Kakuma),Sugar,2024-04-15,150.0,202.0,True
Kalobeyei (Village 3),Salt,2024-04-15,50.0,50.0,False
Kakuma 3,Meat (goat),2024-04-15,700.0,700.0,False
Ethiopia (Kakuma),Sugar,2024-04-15,150.0,165.0,False
Kakuma 4,Maize,2024-04-15,50.0,45.0,False
Ethiopia (Kakuma),Beans (dry),2024-04-15,190.0,180.0,False
Ethiopia (Kakuma),Rice,2024-04-15,210.0,200.0,False
HongKong (Kakuma),Wheat flour,2024-04-15,100.0,106.5,False
IFO (Daadab),Maize,2024-04-15,77.21,79.1,False
Kalobeyei (Village 2),Maize,2024-04-15,70.0,75.0,False
Kalobeyei (Village 1),Sugar,2024-04-15,176.67,201.0,False
Kakuma 3,Meat (beef),2024-04-15,600.0,700.0,False
IFO (Daadab),Sugar,2024-04-15,146.23,155.54,False
IFO (Daadab),Wheat flour,2024-04-15,100.0,110.56,False
HongKong (Kakuma),Sugar,2024-04-15,165.0,218.5,True
Ethiopia (Kakuma),Maize,2024-04-15,50.0,50.0,False
Kalobeyei (Village 3),Wheat flour,2024-04-15,100.0,105.0,False
IFO (Daadab),Salt,2024-04-15,58.099999999999994,53.89999999999999,False
Kalobeyei (Village 2),Beans (dry),2024-04-15,160.0,210.0,True
Kakuma 2,Beans (dry),2024-04-15,155.0,180.0,False
Kalobeyei (Village 3),Sugar,2024-04-15,140.0,176.0,True
HongKong (Kakuma),Rice,2024-04-15,180.0,200.0,False
HongKong (Kakuma),Salt,2024-04-15,50.0,70.0,True
IFO (Daadab),Potatoes (Irish),2024-04-15,108.33,87.26,False
Ethiopia (Kakuma),Maize flour,2024-04-15,80.0,75.0,False
Kalobeyei (Village 1),Rice,2024-04-15,141.67,155.0,False
Kalobeyei (Village 1),Wheat flour,2024-04-15,96.67,100.0,False
Hagadera (Daadab),Sugar,2024-04-15,135.43,159.06,False
Kakuma 4,Rice,2024-04-15,150.0,200.0,True
Kakuma 3,Beans (dry),2024-04-15,195.0,195.0,False
Kakuma 2,Maize,2024-04-15,55.0,70.0,False
Mogadishu (Kakuma),Beans (dry),2024-04-15,160.0,200.0,False
Hagadera (Daadab),Salt,2024-04-15,50.0,50.0,False
Kakuma 3,Maize,2024-04-15,60.0,67.5,False
Hagadera (Daadab),Rice,2024-04-15,108.97,123.5,True
Kalobeyei (Village 2),Salt,2024-04-15,50.0,62.5,False
Kalobeyei (Village 3),Maize flour,2024-04-15,90.0,90.0,False
Kakuma 4,Maize flour,2024-04-15,100.0,100.0,False
Kakuma 3,Maize flour,2024-04-15,95.0,95.0,False
Hagadera (Daadab),Potatoes (Irish),2024-04-15,90.64,71.31,False
IFO (Daadab),Maize flour,2024-04-15,101.44,100.82,False
Kalobeyei (Village 2),Wheat flour,2024-04-15,100.0,108.5,False
IFO (Daadab),Rice,2024-04-15,149.08,148.71,False
Kalobeyei (Village 1),Salt,2024-04-15,50.0,62.5,False
Ethiopia (Kakuma),Salt,2024-04-15,50.0,50.0,False
Kakuma 2,Salt,2024-05-15,50.0,50.0,False
Kakuma 4,Maize,2024-05-15,53.33,50.0,False
Kakuma 4,Rice,2024-05-15,123.33,150.0,False
Kakuma 2,Sugar,2024-05-15,155.0,180.0,False
Kalobeyei (Village 2),Maize,2024-05-15,60.0,70.0,False
Kakuma 3,Potatoes (Irish),2024-05-15,81.67,100.0,False
Kakuma 2,Maize,2024-05-15,60.0,55.0,False
Kakuma 4,Beans (dry),2024-05-15,168.33,200.0,False
Kalobeyei (Village 1),Potatoes (Irish),2024-05-15,70.0,80.0,False
Kalobeyei (Village 1),Maize flour,2024-05-15,96.67,91.67,False
IFO (Daadab),Meat (camel),2024-05-15,600.0,600.0,False
Kakuma 3,Rice,2024-05-15,179.17,192.5,False
Kalobeyei (Village 1),Sugar,2024-05-15,161.67,176.67,False
Kakuma 3,Salt,2024-05-15,50.0,50.0,False
Kakuma 3,Maize,2024-05-15,60.0,60.0,False
Kakuma 4,Salt,2024-05-15,70.85,50.0,True
Kalobeyei (Village 1),Rice,2024-05-15,138.33,141.67,False
Kakuma 2,Wheat flour,2024-05-15,95.0,100.0,False
Kakuma 2,Rice,2024-05-15,150.0,175.0,False
Kalobeyei (Village 2),Maize flour,2024-05-15,90.0,100.0,False
Kakuma 2,Potatoes (Irish),2024-05-15,87.5,80.0,False
Kakuma 3,Meat (goat),2024-05-15,700.0,700.0,False
Kakuma 3,Maize flour,2024-05-15,87.5,95.0,False
IFO (Daadab),Salt,2024-05-15,179.89999999999998,58.099999999999994,True
IFO (Daadab),Sugar,2024-05-15,144.68,146.23,False
Kakuma 3,Meat (beef),2024-05-15,600.0,600.0,False
IFO (Daadab),Rice,2024-05-15,126.84,149.08,False
IFO (Daadab),Meat (goat),2024-05-15,600.0,600.0,False
Kakuma 4,Sugar,2024-05-15,165.0,190.0,False
Kakuma 3,Beans (dry),2024-05-15,177.5,195.0,False
Kakuma 4,Wheat flour,2024-05-15,103.33,110.0,False
IFO (Daadab),Potatoes (Irish),2024-05-15,106.26,108.33,False
Kakuma 4,Maize flour,2024-05-15,86.67,100.0,True
Kakuma 2,Maize flour,2024-05-15,83.75,100.0,False
Kalobeyei (Village 2),Rice,2024-05-15,201.25,130.0,True
Kalobeyei (Village 2),Beans (dry),2024-05-15,160.0,160.0,False
Kakuma 2,Beans (dry),2024-05-15,165.0,155.0,False
Kakuma 4,Potatoes (Irish),2024-05-15,70.0,40.0,False
Kalobeyei (Village 2),Salt,2024-05-15,62.5,50.0,False
Kakuma 3,Sugar,2024-05-15,155.0,175.0,False
IFO (Daadab),Wheat flour,2024-05-15,100.0,100.0,False
Kalobeyei (Village 1),Maize,2024-05-15,51.67,51.67,False
Hagadera (Daadab),Salt,2024-05-15,50.0,50.0,False
Ethiopia (Kakuma),Maize flour,2024-05-15,78.33,80.0,False
Hagadera (Daadab),Sugar,2024-05-15,144.93,135.43,False
IFO (Daadab),Maize,2024-05-15,80.0,77.21,False
HongKong (Kakuma),Maize,2024-05-15,66.67,60.0,False
Ethiopia (Kakuma),Sugar,2024-05-15,165.0,150.0,False
Mogadishu (Kakuma),Sugar,2024-05-15,167.5,150.0,False
Ethiopia (Kakuma),Rice,2024-05-15,165.83,210.0,False
Ethiopia (Kakuma),Beans (dry),2024-05-15,165.0,190.0,False
HongKong (Kakuma),Rice,2024-05-15,170.0,180.0,False
Hagadera (Daadab),Maize,2024-05-15,54.17,50.87,False
HongKong (Kakuma),Wheat flour,2024-05-15,100.0,100.0,False
Hagadera (Daadab),Maize flour,2024-05-15,100.07,95.54,False
Hagadera (Daadab),Meat (camel),2024-05-15,600.0,600.0,False
IFO (Daadab),Maize flour,2024-05-15,100.0,101.44,False
IFO (Daadab),Beans (dry),2024-05-15,138.76,143.09,False
Hagadera (Daadab),Beans (dry),2024-05-15,142.46,133.07,False
Hagadera (Daadab),Wheat flour,2024-05-15,107.19,100.0,False
HongKong (Kakuma),Maize flour,2024-05-15,86.67,100.0,False
HongKong (Kakuma),Salt,2024-05-15,50.0,50.0,False
Hagadera (Daadab),Rice,2024-05-15,115.5,108.97,False
Kakuma 3,Wheat flour,2024-05-15,100.0,100.0,False
Kalobeyei (Village 1),Wheat flour,2024-05-15,100.0,96.67,False
Kalobeyei (Village 1),Beans (dry),2024-05-15,158.33,156.67,False
Kalobeyei (Village 1),Salt,2024-05-15,50.0,50.0,False
Kalobeyei (Village 2),Sugar,2024-05-15,197.5,150.0,True
Mogadishu (Kakuma),Beans (dry),2024-05-15,172.5,160.0,False
Ethiopia (Kakuma),Wheat flour,2024-05-15,97.5,100.0,False
Kalobeyei (Village 2),Wheat flour,2024-05-15,105.0,100.0,False
Mogadishu (Kakuma),Maize flour,2024-05-15,92.5,85.0,False
Mogadishu (Kakuma),Salt,2024-05-15,50.0,50.0,False
Ethiopia (Kakuma),Maize,2024-05-15,51.67,50.0,False
HongKong (Kakuma),Beans (dry),2024-05-15,185.0,190.0,False
Hagadera (Daadab),Potatoes (Irish),2024-05-15,116.71,90.64,False
HongKong (Kakuma),Sugar,2024-05-15,173.33,165.0,False
Mogadishu (Kakuma),Rice,2024-05-15,167.5,160.0,False
Hagadera (Daadab),Meat (goat),2024-05-15,758.33,700.0,False
Ethiopia (Kakuma),Salt,2024-05-15,50.0,50.0,False
Kalobeyei (Village 1),Potatoes (Irish),2024-06-15,50.0,70.0,False
Kalobeyei (Village 1),Rice,2024-06-15,140.0,138.33,False
Kakuma 2,Sugar,2024-06-15,149.5,155.0,False
Hagadera (Daadab),Beans (dry),2024-06-15,137.55,142.46,False
IFO (Daadab),Beans (dry),2024-06-15,130.68,138.76,False
Kakuma 2,Salt,2024-06-15,52.5,50.0,False
IFO (Daadab),Meat (camel),2024-06-15,600.0,600.0,False
Kakuma 2,Rice,2024-06-15,115.0,150.0,False
Kalobeyei (Village 2),Salt,2024-06-15,50.0,62.5,False
Hagadera (Daadab),Wheat flour,2024-06-15,100.0,107.19,False
Kalobeyei (Village 3),Wheat flour,2024-06-15,91.5,100.0,False
Hagadera (Daadab),Potatoes (Irish),2024-06-15,74.87,116.71,False
Kalobeyei (Village 1),Maize flour,2024-06-15,85.0,96.67,False
Mogadishu (Kakuma),Sugar,2024-06-15,160.0,167.5,False
Kakuma 3,Potatoes (Irish),2024-06-15,80.0,81.67,False
Kalobeyei (Village 2),Maize,2024-06-15,50.0,60.0,False
Kakuma 3,Maize flour,2024-06-15,75.0,87.5,False
IFO (Daadab),Wheat flour,2024-06-15,98.75,100.0,False
Kalobeyei (Village 3),Sugar,2024-06-15,142.5,140.0,False
Hagadera (Daadab),Rice,2024-06-15,104.38,115.5,False
IFO (Daadab),Potatoes (Irish),2024-06-15,83.49,106.26,False
Kakuma 3,Rice,2024-06-15,160.0,179.17,False
Kakuma 4,Wheat flour,2024-06-15,95.5,103.33,False
Kalobeyei (Village 3),Salt,2024-06-15,50.0,50.0,False
Hagadera (Daadab),Sugar,2024-06-15,141.12,144.93,False
Kakuma 4,Maize flour,2024-06-15,90.0,86.67,False
Kalobeyei (Village 3),Rice,2024-06-15,135.0,140.0,False
Kalobeyei (Village 1),Salt,2024-06-15,50.0,50.0,False
Kalobeyei (Village 1),Sugar,2024-06-15,160.0,161.67,False
Kalobeyei (Village 2),Rice,2024-06-15,130.0,201.25,True
Kakuma 4,Maize,2024-06-15,50.0,53.33,False
HongKong (Kakuma),Salt,2024-06-15,50.0,50.0,False
Kalobeyei (Village 1),Wheat flour,2024-06-15,100.0,100.0,False
Kakuma 3,Meat (goat),2024-06-15,700.0,700.0,False
Hagadera (Daadab),Maize flour,2024-06-15,100.0,100.07,False
IFO (Daadab),Sugar,2024-06-15,132.22,144.68,False
IFO (Daadab),Maize,2024-06-15,77.36,80.0,False
Kalobeyei (Village 2),Beans (dry),2024-06-15,145.0,160.0,False
HongKong (Kakuma),Wheat flour,2024-06-15,93.0,100.0,False
Kakuma 4,Salt,2024-06-15,56.25,70.85,False
Hagadera (Daadab),Meat (goat),2024-06-15,650.0,758.33,False
Hagadera (Daadab),Maize,2024-06-15,58.12,54.17,False
Kakuma 4,Beans (dry),2024-06-15,200.0,168.33,False
IFO (Daadab),Salt,2024-06-15,196.29999999999998,179.89999999999998,False
Kakuma 3,Meat (beef),2024-06-15,650.0,600.0,False
Kalobeyei (Village 1),Beans (dry),2024-06-15,160.0,158.33,False
Kakuma 4,Sugar,2024-06-15,168.75,165.0,False
Kakuma 3,Salt,2024-06-15,57.5,50.0,False
Kalobeyei (Village 3),Beans (dry),2024-06-15,170.0,160.0,False
Kalobeyei (Village 3),Maize flour,2024-06-15,80.0,90.0,False
Kakuma 4,Rice,2024-06-15,150.0,123.33,False
Kalobeyei (Village 2),Sugar,2024-06-15,137.5,197.5,True
Kakuma 2,Wheat flour,2024-06-15,92.5,95.0,False
IFO (Daadab),Maize flour,2024-06-15,101.27,100.0,False
Hagadera (Daadab),Meat (camel),2024-06-15,650.0,600.0,False
Kakuma 3,Wheat flour,2024-06-15,97.0,100.0,False
Kakuma 2,Beans (dry),2024-06-15,120.0,165.0,True
IFO (Daadab),Meat (goat),2024-06-15,660.87,600.0,True
Kakuma 3,Sugar,2024-06-15,151.5,155.0,False
Kalobeyei (Village 2),Wheat flour,2024-06-15,91.5,105.0,False
Kakuma 2,Maize flour,2024-06-15,75.0,83.75,False
Kalobeyei (Village 2),Maize flour,2024-06-15,80.0,90.0,False
IFO (Daadab),Rice,2024-06-15,132.72,126.84,False
Hagadera (Daadab),Salt,2024-06-15,50.0,50.0,False
Kalobeyei (Village 1),Maize,2024-06-15,60.0,51.67,False
HongKong (Kakuma),Sugar,2024-06-15,160.0,173.33,False
Kakuma 3,Beans (dry),2024-06-15,162.5,177.5,False
Kakuma 3,Maize,2024-06-15,55.0,60.0,False
Kakuma 2,Rice,2024-07-15,110.0,115.0,False
Kakuma 3,Maize,2024-07-15,50.0,55.0,False
Kalobeyei (Village 3),Maize flour,2024-07-15,80.0,80.0,False
Kakuma 4,Salt,2024-07-15,58.349999999999994,56.25,False
Kalobeyei (Village 1),Potatoes (Irish),2024-07-15,120.0,50.0,True
IFO (Daadab),Sugar,2024-07-15,130.03,132.22,False
Ethiopia (Kakuma),Beans (dry),2024-07-15,165.0,165.0,False
Mogadishu (Kakuma),Beans (dry),2024-07-15,164.0,172.5,False
Ethiopia (Kakuma),Salt,2024-07-15,50.0,50.0,False
Kalobeyei (Village 2),Maize,2024-07-15,50.0,50.0,False
Ethiopia (Kakuma),Wheat flour,2024-07-15,95.0,97.5,False
Ethiopia (Kakuma),Maize,2024-07-15,55.0,51.67,False
Kalobeyei (Village 3),Salt,2024-07-15,50.0,50.0,False
Kalobeyei (Village 3),Rice,2024-07-15,120.0,135.0,False
Kalobeyei (Village 1),Salt,2024-07-15,50.0,50.0,False
IFO (Daadab),Meat (camel),2024-07-15,625.56,600.0,False
Kakuma 3,Rice,2024-07-15,147.5,160.0,False
Kalobeyei (Village 1),Maize,2024-07-15,50.0,60.0,False
Kakuma 4,Rice,2024-07-15,140.0,150.0,False
IFO (Daadab),Rice,2024-07-15,127.78,132.72,False
Kakuma 3,Meat (goat),2024-07-15,750.0,700.0,False
Kakuma 3,Sugar,2024-07-15,147.5,151.5,False
Kalobeyei (Village 1),Sugar,2024-07-15,145.0,160.0,False
Kakuma 2,Sugar,2024-07-15,130.0,149.5,False
HongKong (Kakuma),Sugar,2024-07-15,165.0,160.0,False
Kalobeyei (Village 3),Sugar,2024-07-15,140.0,142.5,False
Kakuma 3,Potatoes (Irish),2024-07-15,106.67,80.0,False
IFO (Daadab),Maize flour,2024-07-15,100.56,101.27,False
Kalobeyei (Village 1),Maize flour,2024-07-15,90.0,85.0,False
Kakuma 3,Salt,2024-07-15,56.25,57.5,False
Kalobeyei (Village 2),Maize flour,2024-07-15,70.0,80.0,False
Ethiopia (Kakuma),Sugar,2024-07-15,140.0,165.0,False
IFO (Daadab),Wheat flour,2024-07-15,100.0,98.75,False
Ethiopia (Kakuma),Rice,2024-07-15,100.0,165.83,True
Kakuma 2,Potatoes (Irish),2024-07-15,70.0,87.5,False
Kalobeyei (Village 3),Beans (dry),2024-07-15,140.0,170.0,False
Hagadera (Daadab),Maize flour,2024-07-15,96.41,100.0,False
HongKong (Kakuma),Salt,2024-07-15,62.5,50.0,False
Kakuma 2,Beans (dry),2024-07-15,130.0,120.0,False
Hagadera (Daadab),Salt,2024-07-15,50.0,50.0,False
Kalobeyei (Village 1),Rice,2024-07-15,125.0,140.0,False
HongKong (Kakuma),Maize,2024-07-15,70.0,66.67,False
Mogadishu (Kakuma),Rice,2024-07-15,165.0,167.5,False
Hagadera (Daadab),Maize,2024-07-15,61.76,58.12,False
Hagadera (Daadab),Meat (goat),2024-07-15,723.75,650.0,False
Hagadera (Daadab),Rice,2024-07-15,101.79,104.38,False
Kalobeyei (Village 2),Sugar,2024-07-15,135.0,137.5,False
Kakuma 4,Sugar,2024-07-15,153.33,168.75,False
Mogadishu (Kakuma),Salt,2024-07-15,50.0,50.0,False
Kakuma 4,Beans (dry),2024-07-15,150.0,200.0,True
Ethiopia (Kakuma),Maize flour,2024-07-15,70.0,78.33,False
IFO (Daadab),Beans (dry),2024-07-15,134.14,130.68,False
HongKong (Kakuma),Beans (dry),2024-07-15,165.0,185.0,False
Mogadishu (Kakuma),Maize flour,2024-07-15,80.0,92.5,False
Hagadera (Daadab),Wheat flour,2024-07-15,100.0,100.0,False
Kakuma 3,Meat (beef),2024-07-15,550.0,650.0,False
Kakuma 4,Maize flour,2024-07-15,75.0,90.0,True
Hagadera (Daadab),Meat (camel),2024-07-15,591.25,650.0,False
Kakuma 2,Salt,2024-07-15,50.0,52.5,False
Mogadishu (Kakuma),Sugar,2024-07-15,160.0,160.0,False
Kalobeyei (Village 2),Wheat flour,2024-07-15,85.0,91.5,False
Kakuma 3,Maize flour,2024-07-15,72.5,75.0,False
IFO (Daadab),Potatoes (Irish),2024-07-15,75.75,83.49,False
Kalobeyei (Village 3),Wheat flour,2024-07-15,90.0,91.5,False
Hagadera (Daadab),Sugar,2024-07-15,132.98,141.12,False
IFO (Daadab),Salt,2024-07-15,50.0,196.29999999999998,True
Kakuma 2,Maize,2024-07-15,40.0,60.0,False
Kakuma 4,Maize,2024-07-15,52.5,50.0,False
Hagadera (Daadab),Beans (dry),2024-07-15,131.27,137.55,False
IFO (Daadab),Meat (goat),2024-07-15,714.58,660.87,False
HongKong (Kakuma),Rice,2024-07-15,135.0,170.0,False
HongKong (Kakuma),Wheat flour,2024-07-15,95.0,93.0,False
Kakuma 2,Maize flour,2024-07-15,75.0,75.0,False
HongKong (Kakuma),Maize flour,2024-07-15,80.0,86.67,False
Kakuma 3,Beans (dry),2024-07-15,150.0,162.5,False
IFO (Daadab),Maize,2024-07-15,72.45,77.36,False
Kakuma 3,Wheat flour,2024-07-15,87.5,97.0,False
Kakuma 4,Potatoes (Irish),2024-07-15,80.0,70.0,False
Kakuma 2,Wheat flour,2024-07-15,85.0,92.5,False
Kalobeyei (Village 2),Salt,2024-07-15,50.0,50.0,False
Kalobeyei (Village 2),Beans (dry),2024-07-15,130.0,145.0,False
Kakuma 4,Wheat flour,2024-07-15,90.0,95.5,False
Kalobeyei (Village 1),Beans (dry),2024-07-15,130.0,160.0,False
Kalobeyei (Village 1),Wheat flour,2024-07-15,95.0,100.0,False
Kalobeyei (Village 2),Rice,2024-07-15,110.0,130.0,False
Hagadera (Daadab),Potatoes (Irish),2024-07-15,71.76,74.87,False
Kalobeyei (Village 1),Maize flour,2024-08-15,85.0,90.0,False
IFO (Daadab),Sugar,2024-08-15,128.43,130.03,False
Ethiopia (Kakuma),Maize flour,2024-08-15,95.0,70.0,True
Mogadishu (Kakuma),Maize flour,2024-08-15,90.0,80.0,False
Kakuma 2,Salt,2024-08-15,47.5,50.0,False
Kakuma 3,Wheat flour,2024-08-15,93.33,87.5,False
Hagadera (Daadab),Maize,2024-08-15,66.47,61.76,False
Kakuma 3,Maize,2024-08-15,52.5,50.0,False
IFO (Daadab),Meat (camel),2024-08-15,612.77,625.56,False
HongKong (Kakuma),Rice,2024-08-15,155.0,135.0,False
Kalobeyei (Village 3),Maize flour,2024-08-15,70.0,80.0,False
HongKong (Kakuma),Wheat flour,2024-08-15,86.5,95.0,False
Kalobeyei (Village 3),Rice,2024-08-15,105.0,120.0,False
IFO (Daadab),Potatoes (Irish),2024-08-15,56.16,75.75,False
IFO (Daadab),Wheat flour,2024-08-15,100.0,100.0,False
HongKong (Kakuma),Sugar,2024-08-15,165.0,165.0,False
Kakuma 3,Rice,2024-08-15,163.33,147.5,False
Kalobeyei (Village 3),Wheat flour,2024-08-15,82.5,90.0,False
Mogadishu (Kakuma),Salt,2024-08-15,50.0,50.0,False
Kalobeyei (Village 2),Salt,2024-08-15,50.0,50.0,False
Hagadera (Daadab),Meat (goat),2024-08-15,750.0,723.75,False
Kakuma 3,Salt,2024-08-15,58.349999999999994,56.25,False
Kalobeyei (Village 2),Sugar,2024-08-15,125.0,135.0,False
Kalobeyei (Village 1),Sugar,2024-08-15,145.0,145.0,False
IFO (Daadab),Beans (dry),2024-08-15,130.28,134.14,False
Ethiopia (Kakuma),Rice,2024-08-15,125.0,100.0,False
Ethiopia (Kakuma),Wheat flour,2024-08-15,100.0,95.0,False
Kalobeyei (Village 1),Rice,2024-08-15,120.0,125.0,False
Kakuma 3,Beans (dry),2024-08-15,170.0,150.0,False
Hagadera (Daadab),Beans (dry),2024-08-15,126.28,131.27,False
Kakuma 4,Beans (dry),2024-08-15,176.67,150.0,False
HongKong (Kakuma),Salt,2024-08-15,60.0,62.5,False
Kakuma 4,Maize,2024-08-15,46.67,52.5,False
Kalobeyei (Village 3),Sugar,2024-08-15,125.0,140.0,False
Kakuma 4,Wheat flour,2024-08-15,86.67,90.0,False
Hagadera (Daadab),Potatoes (Irish),2024-08-15,65.81,71.76,False
Kalobeyei (Village 1),Beans (dry),2024-08-15,145.0,130.0,False
Kalobeyei (Village 3),Beans (dry),2024-08-15,130.0,140.0,False
Kalobeyei (Village 3),Salt,2024-08-15,60.0,50.0,False
Hagadera (Daadab),Maize flour,2024-08-15,92.74,96.41,False
Kakuma 4,Salt,2024-08-15,66.64999999999999,58.349999999999994,False
Kalobeyei (Village 2),Rice,2024-08-15,100.0,110.0,False
Hagadera (Daadab),Salt,2024-08-15,50.0,50.0,False
Kakuma 4,Potatoes (Irish),2024-08-15,80.0,80.0,False
Kalobeyei (Village 2),Beans (dry),2024-08-15,130.0,130.0,False
Hagadera (Daadab),Wheat flour,2024-08-15,99.32,100.0,False
Kakuma 2,Beans (dry),2024-08-15,150.0,130.0,False
Ethiopia (Kakuma),Maize,2024-08-15,65.0,55.0,False
Ethiopia (Kakuma),Sugar,2024-08-15,160.0,140.0,False
Kalobeyei (Village 2),Maize flour,2024-08-15,70.0,70.0,False
Kakuma 4,Maize flour,2024-08-15,80.0,75.0,False
Kakuma 2,Maize,2024-08-15,52.5,40.0,False
Kakuma 4,Sugar,2024-08-15,146.67,153.33,False
Kalobeyei (Village 1),Salt,2024-08-15,62.5,50.0,False
IFO (Daadab),Meat (goat),2024-08-15,646.77,714.58,True
Kakuma 2,Rice,2024-08-15,130.0,110.0,False
Ethiopia (Kakuma),Beans (dry),2024-08-15,165.0,165.0,False
Mogadishu (Kakuma),Sugar,2024-08-15,150.0,160.0,False
IFO (Daadab),Maize flour,2024-08-15,100.0,100.56,False
Hagadera (Daadab),Rice,2024-08-15,102.4,101.79,False
Kalobeyei (Village 2),Maize,2024-08-15,50.0,50.0,False
HongKong (Kakuma),Maize flour,2024-08-15,73.0,80.0,False
Ethiopia (Kakuma),Salt,2024-08-15,50.0,50.0,False
Kalobeyei (Village 1),Maize,2024-08-15,40.0,50.0,False
Kakuma 3,Sugar,2024-08-15,143.33,147.5,False
HongKong (Kakuma),Maize,2024-08-15,40.0,70.0,True
Kalobeyei (Village 2),Wheat flour,2024-08-15,80.0,85.0,False
Hagadera (Daadab),Meat (camel),2024-08-15,600.0,591.25,False
IFO (Daadab),Rice,2024-08-15,118.51,127.78,False
Kakuma 3,Maize flour,2024-08-15,73.33,72.5,False
Kalobeyei (Village 1),Wheat flour,2024-08-15,95.0,95.0,False
Kakuma 4,Rice,2024-08-15,140.0,140.0,False
Mogadishu (Kakuma),Rice,2024-08-15,190.0,165.0,False
Kakuma 2,Wheat flour,2024-08-15,77.5,85.0,False
Kakuma 2,Maize flour,2024-08-15,65.0,75.0,False
IFO (Daadab),Salt,2024-08-15,50.0,50.0,False
Hagadera (Daadab),Sugar,2024-08-15,129.03,132.98,False
IFO (Daadab),Maize,2024-08-15,70.0,72.45,False
Kalobeyei (Village 3),Rice,2024-09-15,160.0,105.0,True
IFO (Daadab),Meat (camel),2024-09-15,616.39,612.77,False
Kakuma 3,Maize,2024-09-15,50.0,52.5,False
Kalobeyei (Village 3),Salt,2024-09-15,50.0,60.0,False
IFO (Daadab),Salt,2024-09-15,50.0,50.0,False
Hagadera (Daadab),Maize,2024-09-15,60.0,66.47,False
Kakuma 3,Rice,2024-09-15,133.33,163.33,True
IFO (Daadab),Wheat flour,2024-09-15,99.97,100.0,False
Hagadera (Daadab),Potatoes (Irish),2024-09-15,70.91,65.81,False
Ethiopia (Kakuma),Salt,2024-09-15,50.0,50.0,False
IFO (Daadab),Rice,2024-09-15,115.41,118.51,False
Kakuma 3,Sugar,2024-09-15,134.0,143.33,False
Hagadera (Daadab),Sugar,2024-09-15,133.34,129.03,False
Ethiopia (Kakuma),Maize flour,2024-09-15,80.0,95.0,False
Mogadishu (Kakuma),Maize flour,2024-09-15,80.0,90.0,False
IFO (Daadab),Potatoes (Irish),2024-09-15,68.51,56.16,False
Kakuma 3,Salt,2024-09-15,52.5,58.349999999999994,False
Ethiopia (Kakuma),Rice,2024-09-15,110.0,125.0,False
IFO (Daadab),Meat (goat),2024-09-15,681.94,646.77,False
Kakuma 2,Beans (dry),2024-09-15,145.0,150.0,False
Hagadera (Daadab),Maize flour,2024-09-15,94.51,92.74,False
Kakuma 2,Maize,2024-09-15,50.0,52.5,False
Kakuma 3,Maize flour,2024-09-15,74.17,73.33,False
Kalobeyei (Village 2),Salt,2024-09-15,56.25,50.0,False
Kalobeyei (Village 2),Rice,2024-09-15,152.5,100.0,False
Kakuma 4,Potatoes (Irish),2024-09-15,70.0,80.0,False
Kalobeyei (Village 2),Maize flour,2024-09-15,75.0,70.0,False
Ethiopia (Kakuma),Maize,2024-09-15,55.0,65.0,False
Ethiopia (Kakuma),Sugar,2024-09-15,136.5,160.0,False
Kakuma 3,Meat (beef),2024-09-15,600.0,550.0,False
IFO (Daadab),Maize flour,2024-09-15,100.27,100.0,False
Kakuma 4,Rice,2024-09-15,140.0,140.0,False
Kalobeyei (Village 2),Maize,2024-09-15,55.0,50.0,False
Hagadera (Daadab),Salt,2024-09-15,50.0,50.0,False
Kalobeyei (Village 3),Wheat flour,2024-09-15,75.0,82.5,False
Kakuma 2,Wheat flour,2024-09-15,86.0,77.5,False
Hagadera (Daadab),Beans (dry),2024-09-15,125.78,126.28,False
Kakuma 4,Maize flour,2024-09-15,75.0,80.0,False
Kakuma 3,Meat (goat),2024-09-15,800.0,750.0,False
Kakuma 3,Potatoes (Irish),2024-09-15,76.67,106.67,False
Kalobeyei (Village 3),Beans (dry),2024-09-15,120.0,130.0,False
Kakuma 4,Maize,2024-09-15,47.5,46.67,False
HongKong (Kakuma),Maize flour,2024-09-15,75.0,73.0,False
Kalobeyei (Village 3),Sugar,2024-09-15,125.0,125.0,False
Hagadera (Daadab),Wheat flour,2024-09-15,99.91,99.32,False
Ethiopia (Kakuma),Beans (dry),2024-09-15,150.0,165.0,False
IFO (Daadab),Beans (dry),2024-09-15,125.47,130.28,False
HongKong (Kakuma),Beans (dry),2024-09-15,180.0,165.0,False
Kakuma 4,Wheat flour,2024-09-15,92.75,86.67,False
Kakuma 4,Beans (dry),2024-09-15,170.0,176.67,False
Kakuma 2,Salt,2024-09-15,55.0,47.5,False
Kakuma 2,Rice,2024-09-15,160.0,130.0,False
Kakuma 2,Maize flour,2024-09-15,80.0,65.0,False
IFO (Daadab),Maize,2024-09-15,70.0,70.0,False
HongKong (Kakuma),Sugar,2024-09-15,151.5,165.0,False
IFO (Daadab),Sugar,2024-09-15,123.08,128.43,False
Mogadishu (Kakuma),Rice,2024-09-15,180.0,190.0,False
HongKong (Kakuma),Salt,2024-09-15,56.25,60.0,False
Kalobeyei (Village 1),Potatoes (Irish),2024-09-15,100.0,120.0,False
Kalobeyei (Village 1),Rice,2024-09-15,105.0,120.0,False
Kakuma 2,Potatoes (Irish),2024-09-15,100.0,70.0,True
Mogadishu (Kakuma),Sugar,2024-09-15,140.0,150.0,False
Mogadishu (Kakuma),Salt,2024-09-15,50.0,50.0,False
Kakuma 4,Sugar,2024-09-15,145.0,146.67,False
Kalobeyei (Village 1),Salt,2024-09-15,50.0,62.5,False
Kalobeyei (Village 1),Beans (dry),2024-09-15,135.0,145.0,False
Hagadera (Daadab),Meat (goat),2024-09-15,700.0,750.0,False
Kalobeyei (Village 2),Sugar,2024-09-15,143.5,125.0,False
Kakuma 3,Beans (dry),2024-09-15,150.0,170.0,False
Kakuma 3,Wheat flour,2024-09-15,85.5,93.33,False
Hagadera (Daadab),Meat (camel),2024-09-15,550.0,600.0,False
Kalobeyei (Village 2),Wheat flour,2024-09-15,83.5,80.0,False
Ethiopia (Kakuma),Wheat flour,2024-09-15,86.5,100.0,False
Hagadera (Daadab),Rice,2024-09-15,99.9,102.4,False
Mogadishu (Kakuma),Beans (dry),2024-09-15,150.0,164.0,False
HongKong (Kakuma),Rice,2024-09-15,140.0,155.0,False
HongKong (Kakuma),Wheat flour,2024-09-15,91.5,86.5,False
Kakuma 4,Salt,2024-09-15,69.4,66.64999999999999,False
Kalobeyei (Village 1),Maize flour,2024-09-15,75.0,85.0,False
Kalobeyei (Village 1),Maize,2024-09-15,42.5,40.0,False
HongKong (Kakuma),Maize,2024-09-15,50.0,40.0,False
Kalobeyei (Village 2),Beans (dry),2024-09-15,160.0,130.0,False
Kalobeyei (Village 1),Wheat flour,2024-09-15,92.5,95.0,False
Kalobeyei (Village 1),Sugar,2024-09-15,134.0,145.0,False
Kakuma 2,Salt,2024-10-15,50.0,55.0,False
Kakuma 4,Maize flour,2024-10-15,77.5,75.0,False
Hagadera (Daadab),Rice,2024-10-15,100.94,99.9,False
Kakuma 3,Meat (goat),2024-10-15,800.0,800.0,False
Mogadishu (Kakuma),Maize flour,2024-10-15,70.0,80.0,False
Ethiopia (Kakuma),Beans (dry),2024-10-15,150.0,150.0,False
Kakuma 2,Maize flour,2024-10-15,75.0,80.0,False
Kakuma 4,Maize,2024-10-15,50.0,47.5,False
IFO (Daadab),Potatoes (Irish),2024-10-15,74.73,68.51,False
Hagadera (Daadab),Potatoes (Irish),2024-10-15,70.22,70.91,False
Hagadera (Daadab),Wheat flour,2024-10-15,99.79,99.91,False
Kakuma 2,Wheat flour,2024-10-15,85.0,86.0,False
Kakuma 4,Wheat flour,2024-10-15,90.0,92.75,False
HongKong (Kakuma),Sugar,2024-10-15,150.0,151.5,False
Kakuma 4,Sugar,2024-10-15,142.5,145.0,False
Kakuma 3,Meat (beef),2024-10-15,600.0,600.0,False
HongKong (Kakuma),Beans (dry),2024-10-15,165.0,180.0,False
Kalobeyei (Village 3),Sugar,2024-10-15,130.0,125.0,False
Kakuma 4,Beans (dry),2024-10-15,147.5,170.0,False
Hagadera (Daadab),Meat (goat),2024-10-15,775.0,700.0,False
IFO (Daadab),Maize flour,2024-10-15,100.09,100.27,False
Kalobeyei (Village 3),Wheat flour,2024-10-15,90.0,75.0,False
Kakuma 3,Beans (dry),2024-10-15,158.0,150.0,False
Hagadera (Daadab),Beans (dry),2024-10-15,123.94,125.78,False
Ethiopia (Kakuma),Wheat flour,2024-10-15,90.0,86.5,False
Hagadera (Daadab),Sugar,2024-10-15,125.19,133.34,False
IFO (Daadab),Beans (dry),2024-10-15,125.22,125.47,False
Kakuma 3,Wheat flour,2024-10-15,84.0,85.5,False
Kalobeyei (Village 1),Beans (dry),2024-10-15,117.5,135.0,False
Kalobeyei (Village 1),Wheat flour,2024-10-15,80.0,92.5,False
Kalobeyei (Village 1),Rice,2024-10-15,110.0,105.0,False
Hagadera (Daadab),Meat (camel),2024-10-15,600.0,550.0,False
Kakuma 2,Beans (dry),2024-10-15,145.0,145.0,False
Mogadishu (Kakuma),Beans (dry),2024-10-15,130.0,150.0,False
IFO (Daadab),Meat (goat),2024-10-15,737.1,681.94,False
Ethiopia (Kakuma),Maize flour,2024-10-15,76.67,80.0,False
Kakuma 4,Salt,2024-10-15,68.75,69.4,False
Kakuma 3,Salt,2024-10-15,50.0,52.5,False
Kakuma 3,Sugar,2024-10-15,134.0,134.0,False
HongKong (Kakuma),Salt,2024-10-15,50.0,56.25,False
Kalobeyei (Village 3),Beans (dry),2024-10-15,130.0,120.0,False
Hagadera (Daadab),Maize flour,2024-10-15,89.74,94.51,False
Kalobeyei (Village 1),Salt,2024-10-15,56.25,50.0,False
Ethiopia (Kakuma),Maize,2024-10-15,80.0,55.0,False
Mogadishu (Kakuma),Sugar,2024-10-15,130.0,140.0,False
Ethiopia (Kakuma),Salt,2024-10-15,50.0,50.0,False
Kakuma 2,Maize,2024-10-15,45.0,50.0,False
Kalobeyei (Village 3),Salt,2024-10-15,50.0,50.0,False
Kalobeyei (Village 1),Maize,2024-10-15,43.33,42.5,False
IFO (Daadab),Rice,2024-10-15,111.76,115.41,False
Hagadera (Daadab),Salt,2024-10-15,50.0,50.0,False
Kakuma 2,Sugar,2024-10-15,125.0,130.0,False
Ethiopia (Kakuma),Sugar,2024-10-15,140.0,136.5,False
Mogadishu (Kakuma),Salt,2024-10-15,50.0,50.0,False
IFO (Daadab),Meat (camel),2024-10-15,627.42,616.39,False
Ethiopia (Kakuma),Rice,2024-10-15,146.67,110.0,False
HongKong (Kakuma),Maize flour,2024-10-15,75.0,75.0,False
Kakuma 3,Maize flour,2024-10-15,74.0,74.17,False
Kakuma 2,Potatoes (Irish),2024-10-15,80.0,100.0,False
Kalobeyei (Village 3),Maize flour,2024-10-15,80.0,70.0,False
Kalobeyei (Village 1),Maize flour,2024-10-15,72.5,75.0,False
IFO (Daadab),Maize,2024-10-15,70.97,70.0,False
Kakuma 3,Maize,2024-10-15,47.5,50.0,False
Kalobeyei (Village 1),Potatoes (Irish),2024-10-15,75.0,100.0,False
HongKong (Kakuma),Rice,2024-10-15,140.0,140.0,False
Kakuma 2,Rice,2024-10-15,140.0,160.0,False
IFO (Daadab),Wheat flour,2024-10-15,99.41,99.97,False
Kalobeyei (Village 1),Sugar,2024-10-15,127.5,134.0,False
HongKong (Kakuma),Wheat flour,2024-10-15,80.0,91.5,False
IFO (Daadab),Salt,2024-10-15,50.0,50.0,False
Kakuma 3,Rice,2024-10-15,134.0,133.33,False
Kakuma 4,Rice,2024-10-15,142.5,140.0,False
Kalobeyei (Village 3),Rice,2024-10-15,100.0,160.0,True
IFO (Daadab),Sugar,2024-10-15,125.78,123.08,False
Mogadishu (Kakuma),Rice,2024-10-15,120.0,180.0,True
Kalobeyei (Village 3),Maize flour,2024-11-15,80.0,80.0,False
Kalobeyei (Village 3),Beans (dry),2024-11-15,113.33,130.0,False
IFO (Daadab),Potatoes (Irish),2024-11-15,74.69,74.73,False
HongKong (Kakuma),Sugar,2024-11-15,155.0,150.0,False
Kalobeyei (Village 2),Rice,2024-11-15,117.5,152.5,False
IFO (Daadab),Beans (dry),2024-11-15,122.27,125.22,False
Kalobeyei (Village 3),Salt,2024-11-15,50.0,50.0,False
Kalobeyei (Village 2),Sugar,2024-11-15,147.5,143.5,False
Hagadera (Daadab),Meat (goat),2024-11-15,700.0,775.0,False
Kakuma 3,Maize flour,2024-11-15,78.89,74.0,False
Kalobeyei (Village 1),Beans (dry),2024-11-15,147.14,117.5,False
Hagadera (Daadab),Maize flour,2024-11-15,86.37,89.74,False
Kakuma 3,Beans (dry),2024-11-15,148.89,158.0,False
Kakuma 3,Wheat flour,2024-11-15,87.78,84.0,False
Hagadera (Daadab),Meat (camel),2024-11-15,600.0,600.0,False
Mogadishu (Kakuma),Beans (dry),2024-11-15,172.5,130.0,True
Kalobeyei (Village 2),Wheat flour,2024-11-15,90.0,83.5,False
IFO (Daadab),Salt,2024-11-15,50.0,50.0,False
Kalobeyei (Village 1),Wheat flour,2024-11-15,91.43,80.0,False
Ethiopia (Kakuma),Rice,2024-11-15,143.33,146.67,False
Kalobeyei (Village 1),Maize,2024-11-15,55.0,43.33,False
Kalobeyei (Village 2),Maize flour,2024-11-15,73.33,75.0,False
IFO (Daadab),Maize flour,2024-11-15,100.92,100.09,False
Kalobeyei (Village 3),Wheat flour,2024-11-15,90.0,90.0,False
Kalobeyei (Village 2),Maize,2024-11-15,50.0,55.0,False
Kalobeyei (Village 3),Sugar,2024-11-15,146.67,130.0,False
Ethiopia (Kakuma),Beans (dry),2024-11-15,150.0,150.0,False
Kalobeyei (Village 2),Beans (dry),2024-11-15,146.67,160.0,False
Kalobeyei (Village 1),Sugar,2024-11-15,147.14,127.5,False
Kalobeyei (Village 2),Salt,2024-11-15,50.0,56.25,False
Kalobeyei (Village 1),Salt,2024-11-15,50.0,56.25,False
IFO (Daadab),Meat (camel),2024-11-15,602.33,627.42,False
Kalobeyei (Village 3),Rice,2024-11-15,126.67,100.0,False
Mogadishu (Kakuma),Sugar,2024-11-15,162.5,130.0,False
IFO (Daadab),Maize,2024-11-15,70.0,70.97,False
HongKong (Kakuma),Wheat flour,2024-11-15,85.0,80.0,False
IFO (Daadab),Rice,2024-11-15,112.63,111.76,False
HongKong (Kakuma),Maize flour,2024-11-15,75.0,75.0,False
Kakuma 3,Sugar,2024-11-15,151.11,134.0,False
IFO (Daadab),Sugar,2024-11-15,122.74,125.78,False
Hagadera (Daadab),Wheat flour,2024-11-15,97.09,99.79,False
Kakuma 4,Maize flour,2024-11-15,78.0,77.5,False
Kakuma 4,Sugar,2024-11-15,152.0,142.5,False
Kakuma 4,Maize,2024-11-15,55.0,50.0,False
Mogadishu (Kakuma),Maize flour,2024-11-15,85.0,70.0,False
IFO (Daadab),Wheat flour,2024-11-15,99.7,99.41,False
Kakuma 3,Meat (goat),2024-11-15,716.67,800.0,False
Hagadera (Daadab),Rice,2024-11-15,99.5,100.94,False
Kakuma 3,Potatoes (Irish),2024-11-15,92.0,76.67,False
Kakuma 3,Meat (beef),2024-11-15,600.0,600.0,False
Ethiopia (Kakuma),Salt,2024-11-15,58.349999999999994,50.0,False
Ethiopia (Kakuma),Wheat flour,2024-11-15,96.67,90.0,False
HongKong (Kakuma),Salt,2024-11-15,50.0,50.0,False
Kalobeyei (Village 1),Potatoes (Irish),2024-11-15,88.33,75.0,False
Kalobeyei (Village 1),Rice,2024-11-15,150.0,110.0,True
Hagadera (Daadab),Beans (dry),2024-11-15,122.63,123.94,False
Ethiopia (Kakuma),Sugar,2024-11-15,150.0,140.0,False
Ethiopia (Kakuma),Maize flour,2024-11-15,80.0,76.67,False
Mogadishu (Kakuma),Salt,2024-11-15,50.0,50.0,False
Kakuma 4,Potatoes (Irish),2024-11-15,80.0,70.0,False
Ethiopia (Kakuma),Maize,2024-11-15,50.0,80.0,False
Kakuma 3,Salt,2024-11-15,50.0,50.0,False
Kalobeyei (Village 1),Maize flour,2024-11-15,84.29,72.5,False
Kakuma 3,Maize,2024-11-15,58.33,47.5,False
Hagadera (Daadab),Maize,2024-11-15,60.0,60.0,False
HongKong (Kakuma),Rice,2024-11-15,165.0,140.0,False
HongKong (Kakuma),Beans (dry),2024-11-15,165.0,165.0,False
Kakuma 4,Beans (dry),2024-11-15,148.0,147.5,False
Kakuma 3,Rice,2024-11-15,147.78,134.0,False
Hagadera (Daadab),Potatoes (Irish),2024-11-15,69.14,70.22,False
Hagadera (Daadab),Sugar,2024-11-15,123.5,125.19,False
Kakuma 4,Rice,2024-11-15,154.0,142.5,False
Mogadishu (Kakuma),Rice,2024-11-15,165.0,120.0,False
IFO (Daadab),Meat (goat),2024-11-15,600.0,737.1,True
Hagadera (Daadab),Salt,2024-11-15,50.0,50.0,False
Kakuma 4,Salt,2024-11-15,65.0,68.75,False
Kakuma 4,Wheat flour,2024-11-15,83.0,90.0,False
Ethiopia (Kakuma),Sugar,2024-12-15,156.0,150.0,False
IFO (Daadab),Rice,2024-12-15,121.0,112.63,False
Kakuma 3,Maize flour,2024-12-15,80.0,78.89,False
Kalobeyei (Village 3),Wheat flour,2024-12-15,84.83,90.0,False
Kakuma 3,Meat (beef),2024-12-15,633.33,600.0,False
Kalobeyei (Village 1),Wheat flour,2024-12-15,88.75,91.43,False
Kalobeyei (Village 3),Sugar,2024-12-15,141.83,146.67,False
Ethiopia (Kakuma),Wheat flour,2024-12-15,93.0,96.67,False
IFO (Daadab),Wheat flour,2024-12-15,100.01,99.7,False
Kakuma 3,Potatoes (Irish),2024-12-15,80.0,92.0,False
Mogadishu (Kakuma),Salt,2024-12-15,56.25,50.0,False
Kalobeyei (Village 3),Salt,2024-12-15,50.0,50.0,False
Hagadera (Daadab),Beans (dry),2024-12-15,123.44,122.63,False
HongKong (Kakuma),Beans (dry),2024-12-15,154.79,165.0,False
HongKong (Kakuma),Salt,2024-12-15,50.0,50.0,False
IFO (Daadab),Beans (dry),2024-12-15,121.9,122.27,False
Kalobeyei (Village 1),Beans (dry),2024-12-15,130.0,147.14,False
Ethiopia (Kakuma),Salt,2024-12-15,50.0,58.349999999999994,False
Kalobeyei (Village 1),Rice,2024-12-15,107.5,150.0,True
Kakuma 3,Maize,2024-12-15,60.0,58.33,False
Kalobeyei (Village 3),Rice,2024-12-15,93.33,126.67,False
HongKong (Kakuma),Sugar,2024-12-15,150.31,155.0,False
Kakuma 3,Salt,2024-12-15,50.0,50.0,False
Ethiopia (Kakuma),Beans (dry),2024-12-15,150.0,150.0,False
Kakuma 4,Wheat flour,2024-12-15,84.83,83.0,False
Kalobeyei (Village 3),Maize flour,2024-12-15,76.67,80.0,False
Mogadishu (Kakuma),Sugar,2024-12-15,157.5,162.5,False
Kakuma 2,Maize flour,2024-12-15,80.0,75.0,False
Kalobeyei (Village 2),Maize,2024-12-15,55.5,50.0,False
Ethiopia (Kakuma),Rice,2024-12-15,90.0,143.33,False
Kalobeyei (Village 1),Potatoes (Irish),2024-12-15,85.0,88.33,False
Kalobeyei (Village 3),Beans (dry),2024-12-15,110.0,113.33,False
IFO (Daadab),Meat (camel),2024-12-15,622.58,602.33,False
Hagadera (Daadab),Maize flour,2024-12-15,95.62,86.37,False
Kakuma 3,Sugar,2024-12-15,149.83,151.11,False
Kakuma 2,Potatoes (Irish),2024-12-15,70.0,80.0,False
Kalobeyei (Village 1),Sugar,2024-12-15,149.75,147.14,False
Kalobeyei (Village 2),Wheat flour,2024-12-15,94.17,90.0,False
Kakuma 4,Sugar,2024-12-15,158.33,152.0,False
Kakuma 3,Rice,2024-12-15,126.67,147.78,False
Mogadishu (Kakuma),Beans (dry),2024-12-15,152.5,172.5,False
Kakuma 2,Salt,2024-12-15,50.0,50.0,False
Kakuma 2,Rice,2024-12-15,150.0,140.0,False
Kakuma 4,Rice,2024-12-15,116.67,154.0,False
Kakuma 2,Sugar,2024-12-15,149.0,125.0,False
Hagadera (Daadab),Potatoes (Irish),2024-12-15,67.54,69.14,False
Kalobeyei (Village 1),Salt,2024-12-15,50.0,50.0,False
Kakuma 3,Wheat flour,2024-12-15,86.67,87.78,False
HongKong (Kakuma),Rice,2024-12-15,154.79,165.0,False
Kalobeyei (Village 2),Salt,2024-12-15,66.64999999999999,50.0,False
Kakuma 4,Salt,2024-12-15,79.14999999999999,65.0,False
Hagadera (Daadab),Salt,2024-12-15,50.0,50.0,False
Hagadera (Daadab),Meat (goat),2024-12-15,800.0,700.0,False
HongKong (Kakuma),Maize,2024-12-15,56.67,50.0,False
IFO (Daadab),Potatoes (Irish),2024-12-15,65.71,74.69,False
Kakuma 3,Beans (dry),2024-12-15,120.0,148.89,False
Kalobeyei (Village 2),Sugar,2024-12-15,149.17,147.5,False
Kakuma 4,Beans (dry),2024-12-15,146.67,148.0,False
Mogadishu (Kakuma),Rice,2024-12-15,145.0,165.0,False
Kalobeyei (Village 2),Beans (dry),2024-12-15,145.0,146.67,False
Hagadera (Daadab),Meat (camel),2024-12-15,643.75,600.0,False
Kakuma 2,Maize,2024-12-15,50.0,45.0,False
Kakuma 2,Beans (dry),2024-12-15,150.0,145.0,False
IFO (Daadab),Salt,2024-12-15,50.0,50.0,False
Kakuma 4,Potatoes (Irish),2024-12-15,83.33,80.0,False
HongKong (Kakuma),Maize flour,2024-12-15,79.38,75.0,False
Hagadera (Daadab),Wheat flour,2024-12-15,99.62,97.09,False
Mogadishu (Kakuma),Maize flour,2024-12-15,77.5,85.0,False
Kalobeyei (Village 1),Maize flour,2024-12-15,76.25,84.29,False
HongKong (Kakuma),Wheat flour,2024-12-15,91.46,85.0,False
Kakuma 4,Maize,2024-12-15,50.0,55.0,False
Kalobeyei (Village 1),Maize,2024-12-15,48.75,55.0,False
IFO (Daadab),Sugar,2024-12-15,120.93,122.74,False
Kalobeyei (Village 2),Rice,2024-12-15,115.0,117.5,False
IFO (Daadab),Maize,2024-12-15,70.0,70.0,False
Hagadera (Daadab),Sugar,2024-12-15,121.28,123.5,False
IFO (Daadab),Maize flour,2024-12-15,99.77,100.92,False
Hagadera (Daadab),Rice,2024-12-15,100.61,99.5,False
IFO (Daadab),Meat (goat),2024-12-15,658.33,600.0,False
Ethiopia (Kakuma),Maize flour,2024-12-15,75.0,80.0,False
Kakuma 2,Wheat flour,2024-12-15,90.0,85.0,False
Ethiopia (Kakuma),Maize,2024-12-15,65.0,50.0,False
Kakuma 4,Maize flour,2024-12-15,76.67,78.0,False
Kalobeyei (Village 2),Maize flour,2024-12-15,78.33,73.33,False
Kalobeyei (Village 2),Salt,2025-01-15,50.0,66.64999999999999,False
Hagadera (Daadab),Maize flour,2025-01-15,95.35,95.62,False
Hagadera (Daadab),Potatoes (Irish),2025-01-15,72.05,67.54,False
Kakuma 4,Maize,2025-01-15,48.33,50.0,False
Kalobeyei (Village 2),Rice,2025-01-15,123.33,115.0,False
Kalobeyei (Village 2),Maize flour,2025-01-15,76.67,78.33,False
Kakuma 4,Maize flour,2025-01-15,76.67,76.67,False
Hagadera (Daadab),Rice,2025-01-15,100.12,100.61,False
Kakuma 3,Sugar,2025-01-15,153.33,149.83,False
Hagadera (Daadab),Meat (goat),2025-01-15,750.0,800.0,False
Kalobeyei (Village 3),Beans (dry),2025-01-15,130.0,110.0,False
IFO (Daadab),Maize flour,2025-01-15,100.0,99.77,False
Kalobeyei (Village 2),Sugar,2025-01-15,163.33,149.17,False
Kalobeyei (Village 1),Sugar,2025-01-15,166.67,149.75,False
Kakuma 3,Wheat flour,2025-01-15,93.33,86.67,False
Hagadera (Daadab),Meat (camel),2025-01-15,600.0,643.75,False
IFO (Daadab),Meat (camel),2025-01-15,619.76,622.58,False
Kalobeyei (Village 2),Wheat flour,2025-01-15,90.0,94.17,False
Kakuma 4,Beans (dry),2025-01-15,160.0,146.67,False
Kalobeyei (Village 1),Beans (dry),2025-01-15,150.0,130.0,False
Kakuma 4,Potatoes (Irish),2025-01-15,83.33,83.33,False
Kalobeyei (Village 1),Maize flour,2025-01-15,83.33,76.25,False
Kalobeyei (Village 1),Rice,2025-01-15,116.67,107.5,False
IFO (Daadab),Sugar,2025-01-15,122.53,120.93,False
Kalobeyei (Village 1),Salt,2025-01-15,50.0,50.0,False
Kalobeyei (Village 1),Maize,2025-01-15,50.0,48.75,False
Kalobeyei (Village 2),Maize,2025-01-15,43.33,55.5,False
Kakuma 3,Beans (dry),2025-01-15,123.33,120.0,False
Kalobeyei (Village 3),Salt,2025-01-15,50.0,50.0,False
Kakuma 3,Maize flour,2025-01-15,80.0,80.0,False
Kalobeyei (Village 3),Wheat flour,2025-01-15,85.0,84.83,False
Hagadera (Daadab),Wheat flour,2025-01-15,99.43,99.62,False
IFO (Daadab),Maize,2025-01-15,70.0,70.0,False
Kalobeyei (Village 2),Beans (dry),2025-01-15,143.33,145.0,False
Kakuma 4,Sugar,2025-01-15,173.33,158.33,False
Kakuma 4,Rice,2025-01-15,126.67,116.67,False
Kakuma 4,Wheat flour,2025-01-15,86.67,84.83,False
Hagadera (Daadab),Sugar,2025-01-15,121.67,121.28,False
IFO (Daadab),Meat (goat),2025-01-15,600.0,658.33,False
Kakuma 4,Salt,2025-01-15,66.64999999999999,79.14999999999999,False
IFO (Daadab),Beans (dry),2025-01-15,119.77,121.9,False
IFO (Daadab),Potatoes (Irish),2025-01-15,64.08,65.71,False
Hagadera (Daadab),Salt,2025-01-15,50.0,50.0,False
IFO (Daadab),Salt,2025-01-15,50.0,50.0,False
Kalobeyei (Village 1),Wheat flour,2025-01-15,96.67,88.75,False
Kakuma 3,Maize,2025-01-15,56.67,60.0,False
Kalobeyei (Village 3),Maize flour,2025-01-15,77.5,76.67,False
Kakuma 3,Meat (beef),2025-01-15,666.67,633.33,False
Kalobeyei (Village 3),Sugar,2025-01-15,165.0,141.83,False
IFO (Daadab),Rice,2025-01-15,117.4,121.0,False
Kakuma 3,Potatoes (Irish),2025-01-15,80.0,80.0,False
Kakuma 3,Meat (goat),2025-01-15,675.0,716.67,False
Kakuma 3,Salt,2025-01-15,50.0,50.0,False
IFO (Daadab),Wheat flour,2025-01-15,100.0,100.01,False
Kalobeyei (Village 3),Rice,2025-01-15,117.5,93.33,False
Kakuma 3,Rice,2025-01-15,100.0,126.67,False
Hagadera (Daadab),Maize,2025-01-15,60.0,60.0,False
Hagadera (Daadab),Beans (dry),2025-01-15,118.87,123.44,False
Hagadera (Daadab),Maize,2025-02-15,60.0,60.0,False
Kakuma 4,Potatoes (Irish),2025-02-15,93.33,83.33,False
Kakuma 2,Salt,2025-02-15,50.0,50.0,False
Hagadera (Daadab),Salt,2025-02-15,50.0,50.0,False
Ethiopia (Kakuma),Rice,2025-02-15,150.0,90.0,False
Kakuma 2,Beans (dry),2025-02-15,133.33,150.0,False
Kakuma 3,Rice,2025-02-15,176.67,100.0,True
HongKong (Kakuma),Maize flour,2025-02-15,77.5,79.38,False
Kakuma 2,Wheat flour,2025-02-15,83.33,90.0,False
Mogadishu (Kakuma),Sugar,2025-02-15,176.67,157.5,False
Kakuma 3,Maize,2025-02-15,55.0,56.67,False
Kalobeyei (Village 2),Salt,2025-02-15,66.64999999999999,50.0,False
Kalobeyei (Village 1),Maize flour,2025-02-15,80.0,83.33,False
Ethiopia (Kakuma),Maize,2025-02-15,60.0,65.0,False
Kalobeyei (Village 3),Maize flour,2025-02-15,76.67,77.5,False
Kakuma 2,Sugar,2025-02-15,156.67,149.0,False
Hagadera (Daadab),Rice,2025-02-15,108.14,100.12,False
Kalobeyei (Village 3),Sugar,2025-02-15,156.67,165.0,False
Kalobeyei (Village 2),Maize flour,2025-02-15,80.0,76.67,False
Kalobeyei (Village 1),Maize,2025-02-15,50.0,50.0,False
Kalobeyei (Village 2),Sugar,2025-02-15,183.33,163.33,False
Kalobeyei (Village 1),Wheat flour,2025-02-15,100.0,96.67,False
Mogadishu (Kakuma),Salt,2025-02-15,58.349999999999994,56.25,False
IFO (Daadab),Beans (dry),2025-02-15,119.8,119.77,False
Kakuma 3,Maize flour,2025-02-15,80.0,80.0,False
Kakuma 3,Beans (dry),2025-02-15,150.0,123.33,False
Kakuma 2,Rice,2025-02-15,153.33,150.0,False
HongKong (Kakuma),Beans (dry),2025-02-15,170.0,154.79,False
IFO (Daadab),Salt,2025-02-15,50.0,50.0,False
Kalobeyei (Village 1),Beans (dry),2025-02-15,133.33,150.0,False
Kakuma 4,Wheat flour,2025-02-15,76.67,86.67,False
Ethiopia (Kakuma),Beans (dry),2025-02-15,155.0,150.0,False
Ethiopia (Kakuma),Sugar,2025-02-15,175.0,156.0,False
Kalobeyei (Village 1),Sugar,2025-02-15,175.0,166.67,False
HongKong (Kakuma),Maize,2025-02-15,53.33,56.67,False
Kakuma 4,Sugar,2025-02-15,170.0,173.33,False
Kakuma 3,Wheat flour,2025-02-15,86.67,93.33,False
Hagadera (Daadab),Meat (camel),2025-02-15,600.0,600.0,False
IFO (Daadab),Rice,2025-02-15,117.93,117.4,False
Kalobeyei (Village 3),Wheat flour,2025-02-15,86.67,85.0,False
Kalobeyei (Village 1),Salt,2025-02-15,50.0,50.0,False
IFO (Daadab),Sugar,2025-02-15,121.12,122.53,False
Mogadishu (Kakuma),Rice,2025-02-15,166.67,145.0,False
Kakuma 4,Maize flour,2025-02-15,70.0,76.67,False
IFO (Daadab),Potatoes (Irish),2025-02-15,61.4,64.08,False
Ethiopia (Kakuma),Salt,2025-02-15,50.0,50.0,False
IFO (Daadab),Wheat flour,2025-02-15,100.02,100.0,False
Kakuma 2,Maize,2025-02-15,50.0,50.0,False
Kalobeyei (Village 3),Rice,2025-02-15,103.33,117.5,False
IFO (Daadab),Meat (goat),2025-02-15,600.0,600.0,False
IFO (Daadab),Maize,2025-02-15,70.3,70.0,False
Kakuma 4,Beans (dry),2025-02-15,150.0,160.0,False
Mogadishu (Kakuma),Beans (dry),2025-02-15,180.0,152.5,False
Kakuma 4,Rice,2025-02-15,123.33,126.67,False
Kakuma 2,Potatoes (Irish),2025-02-15,73.33,70.0,False
Kakuma 3,Sugar,2025-02-15,160.0,153.33,False
Kakuma 2,Maize flour,2025-02-15,73.33,80.0,False
Hagadera (Daadab),Sugar,2025-02-15,122.66,121.67,False
Kakuma 3,Potatoes (Irish),2025-02-15,76.67,80.0,False
Kalobeyei (Village 3),Salt,2025-02-15,50.0,50.0,False
Ethiopia (Kakuma),Maize flour,2025-02-15,85.0,75.0,False
Hagadera (Daadab),Potatoes (Irish),2025-02-15,68.69,72.05,False
Hagadera (Daadab),Beans (dry),2025-02-15,121.56,118.87,False
Kakuma 4,Salt,2025-02-15,50.0,66.64999999999999,True
Kalobeyei (Village 2),Maize,2025-02-15,50.0,43.33,False
Hagadera (Daadab),Meat (goat),2025-02-15,770.83,750.0,False
Ethiopia (Kakuma),Wheat flour,2025-02-15,100.0,93.0,False
Kakuma 3,Salt,2025-02-15,50.0,50.0,False
IFO (Daadab),Maize flour,2025-02-15,100.38,100.0,False
Kalobeyei (Village 2),Rice,2025-02-15,176.67,123.33,False
Mogadishu (Kakuma),Maize flour,2025-02-15,90.0,77.5,False
Kakuma 4,Maize,2025-02-15,50.0,48.33,False
Kalobeyei (Village 3),Beans (dry),2025-02-15,120.0,130.0,False
HongKong (Kakuma),Wheat flour,2025-02-15,87.5,91.46,False
Hagadera (Daadab),Maize flour,2025-02-15,96.36,95.35,False
Kalobeyei (Village 1),Potatoes (Irish),2025-02-15,100.0,85.0,False
Kalobeyei (Village 1),Rice,2025-02-15,116.67,116.67,False
HongKong (Kakuma),Sugar,2025-02-15,165.0,150.31,False
IFO (Daadab),Meat (camel),2025-02-15,606.25,619.76,False
Hagadera (Daadab),Wheat flour,2025-02-15,97.97,99.43,False
Kakuma 3,Meat (goat),2025-02-15,666.67,675.0,False
Kalobeyei (Village 2),Beans (dry),2025-02-15,166.67,143.33,False
Kalobeyei (Village 2),Wheat flour,2025-02-15,96.67,90.0,False
HongKong (Kakuma),Salt,2025-02-15,56.25,50.0,False
HongKong (Kakuma),Rice,2025-02-15,135.0,154.79,False
Kakuma 3,Meat (goat),2025-03-15,700.0,666.67,False
IFO (Daadab),Salt,2025-03-15,50.0,50.0,False
Kakuma 2,Rice,2025-03-15,153.33,153.33,False
Kakuma 2,Salt,2025-03-15,50.0,50.0,False
Ethiopia (Kakuma),Beans (dry),2025-03-15,175.0,155.0,False
Kakuma 4,Potatoes (Irish),2025-03-15,96.67,93.33,False
Ethiopia (Kakuma),Wheat flour,2025-03-15,90.0,100.0,False
Mogadishu (Kakuma),Salt,2025-03-15,58.349999999999994,58.349999999999994,False
IFO (Daadab),Meat (camel),2025-03-15,701.45,606.25,True
IFO (Daadab),Maize flour,2025-03-15,100.03,100.38,False
Kalobeyei (Village 1),Salt,2025-03-15,50.0,50.0,False
Hagadera (Daadab),Wheat flour,2025-03-15,99.56,97.97,False
HongKong (Kakuma),Rice,2025-03-15,160.0,135.0,False
Hagadera (Daadab),Maize,2025-03-15,60.0,60.0,False
Kakuma 2,Wheat flour,2025-03-15,85.17,83.33,False
Kakuma 3,Wheat flour,2025-03-15,85.83,86.67,False
Kakuma 2,Maize,2025-03-15,60.0,50.0,False
Ethiopia (Kakuma),Maize flour,2025-03-15,85.0,85.0,False
Kalobeyei (Village 1),Rice,2025-03-15,120.0,116.67,False
HongKong (Kakuma),Maize,2025-03-15,61.67,53.33,False
IFO (Daadab),Sugar,2025-03-15,121.53,121.12,False
Hagadera (Daadab),Rice,2025-03-15,107.71,108.14,False
Kalobeyei (Village 2),Maize flour,2025-03-15,77.5,80.0,False
Kakuma 4,Salt,2025-03-15,58.099999999999994,50.0,False
Kakuma 4,Maize,2025-03-15,62.5,50.0,False
Ethiopia (Kakuma),Salt,2025-03-15,50.0,50.0,False
Kalobeyei (Village 3),Wheat flour,2025-03-15,84.0,86.67,False
Kakuma 3,Rice,2025-03-15,170.0,176.67,False
Kalobeyei (Village 1),Maize flour,2025-03-15,80.0,80.0,False
Mogadishu (Kakuma),Beans (dry),2025-03-15,166.67,180.0,False
Kalobeyei (Village 2),Wheat flour,2025-03-15,83.5,96.67,False
Hagadera (Daadab),Maize flour,2025-03-15,97.42,96.36,False
Kakuma 3,Meat (beef),2025-03-15,600.0,666.67,False
Hagadera (Daadab),Meat (goat),2025-03-15,722.22,770.83,False
Kalobeyei (Village 3),Beans (dry),2025-03-15,142.5,120.0,False
IFO (Daadab),Rice,2025-03-15,117.12,117.93,False
IFO (Daadab),Wheat flour,2025-03-15,99.96,100.02,False
Kakuma 4,Maize flour,2025-03-15,77.5,70.0,False
Kalobeyei (Village 2),Sugar,2025-03-15,151.5,183.33,False
Mogadishu (Kakuma),Rice,2025-03-15,183.33,166.67,False
IFO (Daadab),Potatoes (Irish),2025-03-15,63.36,61.4,False
HongKong (Kakuma),Wheat flour,2025-03-15,85.83,87.5,False
Ethiopia (Kakuma),Sugar,2025-03-15,170.0,175.0,False
Kakuma 3,Maize,2025-03-15,55.0,55.0,False
Kalobeyei (Village 3),Sugar,2025-03-15,154.0,156.67,False
Kakuma 2,Sugar,2025-03-15,161.83,156.67,False
Kakuma 3,Beans (dry),2025-03-15,163.33,150.0,False
Kalobeyei (Village 1),Beans (dry),2025-03-15,136.67,133.33,False
Hagadera (Daadab),Beans (dry),2025-03-15,123.32,121.56,False
Kalobeyei (Village 2),Beans (dry),2025-03-15,150.0,166.67,False
Kalobeyei (Village 2),Rice,2025-03-15,170.0,176.67,False
Kakuma 3,Potatoes (Irish),2025-03-15,93.33,76.67,False
Kalobeyei (Village 1),Sugar,2025-03-15,158.33,175.0,False
IFO (Daadab),Meat (goat),2025-03-15,729.35,600.0,True
Hagadera (Daadab),Sugar,2025-03-15,129.68,122.66,False
Kakuma 3,Sugar,2025-03-15,163.17,160.0,False
IFO (Daadab),Beans (dry),2025-03-15,119.97,119.8,False
HongKong (Kakuma),Maize flour,2025-03-15,83.33,77.5,False
Kakuma 3,Salt,2025-03-15,50.0,50.0,False
Kalobeyei (Village 3),Maize flour,2025-03-15,80.0,76.67,False
Kakuma 2,Maize flour,2025-03-15,76.67,73.33,False
Kalobeyei (Village 1),Wheat flour,2025-03-15,91.83,100.0,False
Hagadera (Daadab),Potatoes (Irish),2025-03-15,68.75,68.69,False
HongKong (Kakuma),Beans (dry),2025-03-15,160.0,170.0,False
Kalobeyei (Village 1),Maize,2025-03-15,58.33,50.0,False
Kalobeyei (Village 3),Rice,2025-03-15,127.5,103.33,False
Kalobeyei (Village 3),Salt,2025-03-15,50.0,50.0,False
Mogadishu (Kakuma),Maize flour,2025-03-15,86.67,90.0,False
Kalobeyei (Village 2),Maize,2025-03-15,60.0,50.0,False
Hagadera (Daadab),Salt,2025-03-15,50.0,50.0,False
Kalobeyei (Village 1),Potatoes (Irish),2025-03-15,100.0,100.0,False
HongKong (Kakuma),Salt,2025-03-15,50.0,56.25,False
Kakuma 3,Maize flour,2025-03-15,75.0,80.0,False
Ethiopia (Kakuma),Maize,2025-03-15,75.0,60.0,False
Mogadishu (Kakuma),Sugar,2025-03-15,176.67,176.67,False
IFO (Daadab),Maize,2025-03-15,70.11,70.3,False
Hagadera (Daadab),Meat (camel),2025-03-15,600.0,600.0,False
HongKong (Kakuma),Sugar,2025-03-15,169.83,165.0,False
Kakuma 2,Potatoes (Irish),2025-03-15,93.33,73.33,False
Ethiopia (Kakuma),Rice,2025-03-15,125.0,150.0,False
Kakuma 4,Beans (dry),2025-03-15,155.0,150.0,False
Kakuma 4,Wheat flour,2025-03-15,85.0,76.67,False
Kakuma 2,Beans (dry),2025-03-15,150.0,133.33,False
Kalobeyei (Village 2),Salt,2025-03-15,62.5,66.64999999999999,False
Kakuma 4,Rice,2025-03-15,125.0,123.33,False
Kakuma 3,Meat (beef),2025-04-15,612.5,600.0,False
IFO (Daadab),Rice,2025-04-15,113.33,117.12,False
Kakuma 3,Potatoes (Irish),2025-04-15,84.58,93.33,False
Kakuma 3,Salt,2025-04-15,50.0,50.0,False
IFO (Daadab),Salt,2025-04-15,50.0,50.0,False
Kakuma 3,Maize,2025-04-15,64.17,55.0,False
Kakuma 3,Maize flour,2025-04-15,81.38,75.0,False
Kakuma 4,Beans (dry),2025-04-15,151.67,155.0,False
IFO (Daadab),Maize flour,2025-04-15,100.0,100.03,False
Kakuma 2,Potatoes (Irish),2025-04-15,80.0,93.33,False
Kakuma 2,Beans (dry),2025-04-15,123.33,150.0,False
Kakuma 4,Wheat flour,2025-04-15,85.83,85.0,False
IFO (Daadab),Beans (dry),2025-04-15,123.33,119.97,False
Kakuma 4,Salt,2025-04-15,58.349999999999994,58.099999999999994,False
Kakuma 4,Rice,2025-04-15,140.0,125.0,False
IFO (Daadab),Wheat flour,2025-04-15,100.0,99.96,False
IFO (Daadab),Potatoes (Irish),2025-04-15,100.0,63.36,False
IFO (Daadab),Sugar,2025-04-15,123.33,121.53,False
Kakuma 4,Maize,2025-04-15,63.33,62.5,False
Kakuma 3,Beans (dry),2025-04-15,153.0,163.33,False
Kakuma 4,Potatoes (Irish),2025-04-15,90.0,96.67,False
Kakuma 3,Wheat flour,2025-04-15,87.25,85.83,False
Kakuma 2,Maize flour,2025-04-15,80.0,76.67,False
Kakuma 2,Wheat flour,2025-04-15,83.33,85.17,False
Kakuma 3,Sugar,2025-04-15,171.25,163.17,False
Kakuma 3,Rice,2025-04-15,153.75,170.0,False
Kakuma 2,Salt,2025-04-15,50.0,50.0,False
Kakuma 3,Meat (goat),2025-04-15,775.0,700.0,False
Kakuma 4,Maize flour,2025-04-15,75.83,77.5,False
Kakuma 2,Rice,2025-04-15,146.67,153.33,False
Kakuma 2,Maize,2025-04-15,57.5,60.0,False
Kakuma 2,Sugar,2025-04-15,165.0,161.83,False
Kakuma 3,Potatoes (Irish),2025-05-15,73.33,84.58,False
Kalobeyei (Village 1),Maize flour,2025-05-15,90.0,80.0,False
IFO (Daadab),Sugar,2025-05-15,131.62,123.33,False
Kakuma 3,Meat (goat),2025-05-15,633.33,775.0,True
Kalobeyei (Village 1),Rice,2025-05-15,113.33,120.0,False
Hagadera (Daadab),Wheat flour,2025-05-15,99.49,99.56,False
Kalobeyei (Village 1),Salt,2025-05-15,50.0,50.0,False
Kakuma 4,Sugar,2025-05-15,180.0,170.0,False
Kakuma 3,Meat (beef),2025-05-15,600.0,612.5,False
IFO (Daadab),Salt,2025-05-15,50.0,50.0,False
Hagadera (Daadab),Meat (goat),2025-05-15,750.0,722.22,False
IFO (Daadab),Meat (camel),2025-05-15,660.37,701.45,False
Kakuma 4,Rice,2025-05-15,170.0,140.0,False
Kalobeyei (Village 2),Maize flour,2025-05-15,85.0,77.5,False
Kalobeyei (Village 2),Wheat flour,2025-05-15,80.0,83.5,False
Kakuma 3,Rice,2025-05-15,180.0,153.75,False
Kakuma 4,Potatoes (Irish),2025-05-15,90.0,90.0,False
Kalobeyei (Village 2),Salt,2025-05-15,75.0,62.5,False
Kalobeyei (Village 2),Maize,2025-05-15,60.0,60.0,False
Kakuma 4,Beans (dry),2025-05-15,155.0,151.67,False
Kakuma 3,Maize,2025-05-15,70.0,64.17,False
Hagadera (Daadab),Beans (dry),2025-05-15,134.13,123.32,False
Kakuma 4,Wheat flour,2025-05-15,85.0,85.83,False
Kalobeyei (Village 1),Maize,2025-05-15,63.33,58.33,False
Kalobeyei (Village 3),Rice,2025-05-15,145.0,127.5,False
IFO (Daadab),Potatoes (Irish),2025-05-15,74.54,100.0,False
IFO (Daadab),Wheat flour,2025-05-15,100.0,100.0,False
Hagadera (Daadab),Salt,2025-05-15,50.0,50.0,False
Kakuma 4,Salt,2025-05-15,62.5,58.349999999999994,False
Kakuma 4,Maize,2025-05-15,67.5,63.33,False
IFO (Daadab),Meat (goat),2025-05-15,794.81,729.35,False
Kalobeyei (Village 2),Beans (dry),2025-05-15,160.0,150.0,False
Kakuma 3,Wheat flour,2025-05-15,90.0,87.25,False
Kalobeyei (Village 3),Wheat flour,2025-05-15,85.0,84.0,False
Kalobeyei (Village 3),Sugar,2025-05-15,180.0,154.0,False
IFO (Daadab),Maize flour,2025-05-15,100.0,100.0,False
Kakuma 3,Beans (dry),2025-05-15,160.0,153.0,False
Hagadera (Daadab),Rice,2025-05-15,114.9,107.71,False
Kakuma 3,Maize flour,2025-05-15,85.0,81.38,False
Kalobeyei (Village 3),Beans (dry),2025-05-15,130.0,142.5,False
Kalobeyei (Village 1),Wheat flour,2025-05-15,86.67,91.83,False
Hagadera (Daadab),Potatoes (Irish),2025-05-15,78.43,68.75,False
Kakuma 3,Salt,2025-05-15,50.0,50.0,False
Hagadera (Daadab),Maize flour,2025-05-15,100.0,97.42,False
Kalobeyei (Village 1),Potatoes (Irish),2025-05-15,83.33,100.0,False
Kalobeyei (Village 1),Sugar,2025-05-15,173.33,158.33,False
Kalobeyei (Village 2),Sugar,2025-05-15,180.0,151.5,False
Kalobeyei (Village 3),Salt,2025-05-15,50.0,50.0,False
IFO (Daadab),Beans (dry),2025-05-15,132.07,123.33,False
IFO (Daadab),Rice,2025-05-15,119.34,113.33,False
IFO (Daadab),Maize,2025-05-15,70.0,70.11,False
Hagadera (Daadab),Sugar,2025-05-15,140.72,129.68,False
Kalobeyei (Village 1),Beans (dry),2025-05-15,133.33,136.67,False
Kalobeyei (Village 3),Maize flour,2025-05-15,80.0,80.0,False
Hagadera (Daadab),Meat (camel),2025-05-15,600.0,600.0,False
Kakuma 4,Maize flour,2025-05-15,90.0,75.83,True
Hagadera (Daadab),Maize,2025-05-15,60.0,60.0,False
Kakuma 3,Sugar,2025-05-15,175.0,171.25,False
Kalobeyei (Village 2),Rice,2025-05-15,170.0,170.0,False
Kalobeyei (Village 1),Maize,2025-06-15,57.5,63.33,False
Kalobeyei (Village 1),Salt,2025-06-15,50.0,50.0,False
Hagadera (Daadab),Sugar,2025-06-15,136.96,140.72,False
Ethiopia (Kakuma),Sugar,2025-06-15,180.0,170.0,False
Kalobeyei (Village 3),Maize flour,2025-06-15,86.67,80.0,False
HongKong (Kakuma),Salt,2025-06-15,50.0,50.0,False
Kakuma 4,Rice,2025-06-15,140.0,170.0,False
Kalobeyei (Village 2),Maize flour,2025-06-15,87.5,85.0,False
IFO (Daadab),Sugar,2025-06-15,133.15,131.62,False
IFO (Daadab),Beans (dry),2025-06-15,138.07,132.07,False
Kakuma 3,Meat (beef),2025-06-15,600.0,600.0,False
Kakuma 4,Sugar,2025-06-15,178.33,180.0,False
Kalobeyei (Village 1),Beans (dry),2025-06-15,133.33,133.33,False
IFO (Daadab),Wheat flour,2025-06-15,99.81,100.0,False
Kakuma 2,Potatoes (Irish),2025-06-15,63.33,80.0,False
HongKong (Kakuma),Beans (dry),2025-06-15,170.0,160.0,False
Kalobeyei (Village 3),Rice,2025-06-15,130.0,145.0,False
Hagadera (Daadab),Maize,2025-06-15,70.0,60.0,False
Kalobeyei (Village 3),Sugar,2025-06-15,175.0,180.0,False
Mogadishu (Kakuma),Sugar,2025-06-15,170.0,176.67,False
Hagadera (Daadab),Beans (dry),2025-06-15,130.97,134.13,False
Hagadera (Daadab),Rice,2025-06-15,108.84,114.9,False
Kakuma 4,Wheat flour,2025-06-15,86.5,85.0,False
IFO (Daadab),Potatoes (Irish),2025-06-15,63.31,74.54,False
Kalobeyei (Village 2),Maize,2025-06-15,60.0,60.0,False
Kakuma 3,Maize,2025-06-15,63.33,70.0,False
Kakuma 4,Potatoes (Irish),2025-06-15,66.67,90.0,False
Kakuma 2,Sugar,2025-06-15,175.0,165.0,False
Kakuma 2,Beans (dry),2025-06-15,143.33,123.33,False
HongKong (Kakuma),Sugar,2025-06-15,186.0,169.83,False
Kakuma 4,Maize flour,2025-06-15,85.0,90.0,False
Kakuma 3,Rice,2025-06-15,153.33,180.0,False
HongKong (Kakuma),Maize flour,2025-06-15,90.0,83.33,False
HongKong (Kakuma),Wheat flour,2025-06-15,90.0,85.83,False
Kakuma 4,Maize,2025-06-15,56.67,67.5,False
Kakuma 3,Salt,2025-06-15,50.0,50.0,False
Mogadishu (Kakuma),Maize flour,2025-06-15,100.0,86.67,False
Ethiopia (Kakuma),Maize,2025-06-15,70.0,75.0,False
Kakuma 2,Rice,2025-06-15,176.67,146.67,False
Kalobeyei (Village 3),Beans (dry),2025-06-15,130.0,130.0,False
Ethiopia (Kakuma),Rice,2025-06-15,120.0,125.0,False
Kalobeyei (Village 1),Potatoes (Irish),2025-06-15,90.0,83.33,False
Kalobeyei (Village 3),Wheat flour,2025-06-15,85.0,85.0,False
Kalobeyei (Village 2),Beans (dry),2025-06-15,135.0,160.0,False
Kakuma 3,Maize flour,2025-06-15,85.0,85.0,False
Kakuma 2,Wheat flour,2025-06-15,82.5,83.33,False
Hagadera (Daadab),Meat (camel),2025-06-15,600.0,600.0,False
Kalobeyei (Village 1),Maize flour,2025-06-15,90.0,90.0,False
Kakuma 3,Wheat flour,2025-06-15,90.0,90.0,False
Mogadishu (Kakuma),Beans (dry),2025-06-15,160.0,166.67,False
Kakuma 3,Sugar,2025-06-15,173.5,175.0,False
Kakuma 4,Beans (dry),2025-06-15,163.33,155.0,False
Kalobeyei (Village 1),Sugar,2025-06-15,171.67,173.33,False
Kalobeyei (Village 2),Sugar,2025-06-15,167.5,180.0,False
Hagadera (Daadab),Potatoes (Irish),2025-06-15,63.44,78.43,False
Kalobeyei (Village 2),Wheat flour,2025-06-15,86.5,80.0,False
Hagadera (Daadab),Maize flour,2025-06-15,99.61,100.0,False
IFO (Daadab),Meat (camel),2025-06-15,695.47,660.37,False
IFO (Daadab),Maize flour,2025-06-15,100.1,100.0,False
Hagadera (Daadab),Meat (goat),2025-06-15,800.0,750.0,False
Kalobeyei (Village 2),Salt,2025-06-15,55.0,75.0,False
HongKong (Kakuma),Rice,2025-06-15,135.0,160.0,False
Hagadera (Daadab),Salt,2025-06-15,50.0,50.0,False
Kalobeyei (Village 2),Rice,2025-06-15,175.0,170.0,False
Kakuma 3,Beans (dry),2025-06-15,160.0,160.0,False
Ethiopia (Kakuma),Maize flour,2025-06-15,95.0,85.0,False
Kakuma 2,Maize,2025-06-15,80.0,57.5,False
Kalobeyei (Village 1),Wheat flour,2025-06-15,86.83,86.67,False
HongKong (Kakuma),Maize,2025-06-15,65.0,61.67,False
Kakuma 2,Salt,2025-06-15,50.0,50.0,False
Kalobeyei (Village 1),Rice,2025-06-15,113.33,113.33,False
Hagadera (Daadab),Wheat flour,2025-06-15,99.86,99.49,False
Mogadishu (Kakuma),Salt,2025-06-15,50.0,58.349999999999994,False
IFO (Daadab),Meat (goat),2025-06-15,793.06,794.81,False
Kakuma 3,Potatoes (Irish),2025-06-15,70.0,73.33,False
IFO (Daadab),Rice,2025-06-15,118.25,119.34,False
IFO (Daadab),Salt,2025-06-15,50.0,50.0,False
Ethiopia (Kakuma),Beans (dry),2025-06-15,150.0,175.0,False
Kalobeyei (Village 3),Salt,2025-06-15,50.0,50.0,False
Kakuma 2,Maize flour,2025-06-15,85.0,80.0,False
Kakuma 4,Salt,2025-06-15,62.5,62.5,False
Kakuma 3,Meat (goat),2025-06-15,700.0,633.33,False
Mogadishu (Kakuma),Rice,2025-06-15,200.0,183.33,False
Ethiopia (Kakuma),Salt,2025-06-15,50.0,50.0,False
IFO (Daadab),Maize,2025-06-15,70.0,70.0,False
Ethiopia (Kakuma),Wheat flour,2025-06-15,95.0,90.0,False
Kalobeyei (Village 1),Beans (dry),2025-07-15,130.0,133.33,False
Kalobeyei (Village 2),Maize flour,2025-07-15,86.25,87.5,False
Kakuma 4,Beans (dry),2025-07-15,142.5,163.33,False
Kalobeyei (Village 1),Maize flour,2025-07-15,86.0,90.0,False
Kakuma 2,Sugar,2025-07-15,160.0,175.0,False
Kalobeyei (Village 2),Salt,2025-07-15,50.0,55.0,False
Hagadera (Daadab),Wheat flour,2025-07-15,100.0,99.86,False
Kalobeyei (Village 2),Rice,2025-07-15,152.5,175.0,False
Hagadera (Daadab),Potatoes (Irish),2025-07-15,55.9,63.44,False
Hagadera (Daadab),Salt,2025-07-15,50.0,50.0,False
Kakuma 2,Salt,2025-07-15,50.0,50.0,False
Kakuma 4,Salt,2025-07-15,62.5,62.5,False
Kalobeyei (Village 2),Beans (dry),2025-07-15,142.5,135.0,False
Kalobeyei (Village 2),Maize,2025-07-15,57.5,60.0,False
Kakuma 2,Rice,2025-07-15,180.0,176.67,False
Kalobeyei (Village 2),Sugar,2025-07-15,170.0,167.5,False
IFO (Daadab),Maize,2025-07-15,70.0,70.0,False
Kalobeyei (Village 1),Wheat flour,2025-07-15,82.0,86.83,False
Hagadera (Daadab),Rice,2025-07-15,102.23,108.84,False
IFO (Daadab),Meat (camel),2025-07-15,661.46,695.47,False
IFO (Daadab),Beans (dry),2025-07-15,130.95,138.07,False
Kakuma 2,Wheat flour,2025-07-15,80.0,82.5,False
Kakuma 3,Wheat flour,2025-07-15,84.0,90.0,False
IFO (Daadab),Meat (goat),2025-07-15,791.67,793.06,False
Kakuma 4,Wheat flour,2025-07-15,81.25,86.5,False
Kalobeyei (Village 1),Sugar,2025-07-15,174.0,171.67,False
Kakuma 4,Maize,2025-07-15,61.25,56.67,False
Kakuma 4,Maize flour,2025-07-15,90.0,85.0,False
Kakuma 2,Maize flour,2025-07-15,83.33,85.0,False
Kakuma 4,Rice,2025-07-15,130.0,140.0,False
IFO (Daadab),Sugar,2025-07-15,130.32,133.15,False
Hagadera (Daadab),Sugar,2025-07-15,134.78,136.96,False
Kakuma 4,Sugar,2025-07-15,177.5,178.33,False
Hagadera (Daadab),Meat (goat),2025-07-15,800.0,800.0,False
Kakuma 4,Potatoes (Irish),2025-07-15,55.0,66.67,False
Kalobeyei (Village 1),Rice,2025-07-15,128.0,113.33,False
Kakuma 3,Rice,2025-07-15,180.0,153.33,False
IFO (Daadab),Potatoes (Irish),2025-07-15,55.97,63.31,False
Kalobeyei (Village 3),Rice,2025-07-15,120.0,130.0,False
Kakuma 3,Salt,2025-07-15,50.0,50.0,False
IFO (Daadab),Rice,2025-07-15,119.46,118.25,False
Kakuma 2,Potatoes (Irish),2025-07-15,70.0,63.33,False
Kalobeyei (Village 3),Wheat flour,2025-07-15,80.0,85.0,False
Hagadera (Daadab),Maize flour,2025-07-15,100.0,99.61,False
Kakuma 3,Potatoes (Irish),2025-07-15,62.5,70.0,False
Hagadera (Daadab),Meat (camel),2025-07-15,600.0,600.0,False
Hagadera (Daadab),Beans (dry),2025-07-15,127.86,130.97,False
Kalobeyei (Village 1),Salt,2025-07-15,50.0,50.0,False
Kakuma 3,Maize,2025-07-15,76.67,63.33,False
Kakuma 3,Maize flour,2025-07-15,88.0,85.0,False
IFO (Daadab),Salt,2025-07-15,50.0,50.0,False
Kalobeyei (Village 1),Maize,2025-07-15,60.0,57.5,False
Kakuma 3,Beans (dry),2025-07-15,157.5,160.0,False
Kakuma 2,Beans (dry),2025-07-15,136.67,143.33,False
Kakuma 2,Maize,2025-07-15,80.0,80.0,False
Kalobeyei (Village 3),Beans (dry),2025-07-15,140.0,130.0,False
Kakuma 3,Meat (goat),2025-07-15,633.33,700.0,False
IFO (Daadab),Maize flour,2025-07-15,100.0,100.1,False
Kalobeyei (Village 3),Sugar,2025-07-15,165.0,175.0,False
Kalobeyei (Village 1),Potatoes (Irish),2025-07-15,75.0,90.0,False
Kalobeyei (Village 2),Wheat flour,2025-07-15,80.0,86.5,False
Kalobeyei (Village 3),Maize flour,2025-07-15,90.0,86.67,False
Kakuma 3,Sugar,2025-07-15,162.0,173.5,False
IFO (Daadab),Wheat flour,2025-07-15,100.0,99.81,False
Kalobeyei (Village 3),Salt,2025-07-15,50.0,50.0,False
HongKong (Kakuma),Rice,2025-08-15,100.0,135.0,False
IFO (Daadab),Meat (camel),2025-08-15,650.0,661.46,False
Mogadishu (Kakuma),Sugar,2025-08-15,170.0,170.0,False
IFO (Daadab),Salt,2025-08-15,50.0,50.0,False
Ethiopia (Kakuma),Maize,2025-08-15,80.0,70.0,False
Kalobeyei (Village 2),Wheat flour,2025-08-15,90.0,80.0,False
Hagadera (Daadab),Salt,2025-08-15,50.0,50.0,False
Kakuma 4,Salt,2025-08-15,50.0,62.5,False
Kakuma 3,Meat (goat),2025-08-15,600.0,633.33,False
Hagadera (Daadab),Wheat flour,2025-08-15,100.0,100.0,False
Mogadishu (Kakuma),Salt,2025-08-15,50.0,50.0,False
Ethiopia (Kakuma),Wheat flour,2025-08-15,80.0,95.0,False
Ethiopia (Kakuma),Salt,2025-08-15,50.0,50.0,False
Mogadishu (Kakuma),Rice,2025-08-15,110.0,200.0,True
Kalobeyei (Village 3),Rice,2025-08-15,120.0,120.0,False
Kalobeyei (Village 3),Beans (dry),2025-08-15,100.0,140.0,False
Hagadera (Daadab),Meat (goat),2025-08-15,800.0,800.0,False
Kakuma 2,Salt,2025-08-15,50.0,50.0,False
Kalobeyei (Village 1),Maize flour,2025-08-15,80.0,86.0,False
Kakuma 2,Rice,2025-08-15,100.0,180.0,True
Kakuma 3,Salt,2025-08-15,275.0,50.0,True
Kalobeyei (Village 3),Salt,2025-08-15,50.0,50.0,False
Hagadera (Daadab),Meat (camel),2025-08-15,600.0,600.0,False
HongKong (Kakuma),Wheat flour,2025-08-15,80.0,90.0,False
Mogadishu (Kakuma),Beans (dry),2025-08-15,100.0,160.0,True
IFO (Daadab),Potatoes (Irish),2025-08-15,50.0,55.97,False
Mogadishu (Kakuma),Maize flour,2025-08-15,90.0,100.0,False
Kalobeyei (Village 1),Salt,2025-08-15,50.0,50.0,False
Kakuma 4,Maize,2025-08-15,73.33,61.25,False
Kalobeyei (Village 2),Rice,2025-08-15,120.0,152.5,False
Kakuma 3,Beans (dry),2025-08-15,100.0,157.5,True
Hagadera (Daadab),Maize flour,2025-08-15,100.0,100.0,False
Hagadera (Daadab),Potatoes (Irish),2025-08-15,50.0,55.9,False
Kalobeyei (Village 1),Sugar,2025-08-15,170.0,174.0,False
Kakuma 2,Wheat flour,2025-08-15,80.0,80.0,False
Kakuma 3,Wheat flour,2025-08-15,85.0,84.0,False
Kalobeyei (Village 2),Salt,2025-08-15,50.0,50.0,False
Kakuma 3,Sugar,2025-08-15,170.0,162.0,False
IFO (Daadab),Maize flour,2025-08-15,100.0,100.0,False
Kakuma 2,Maize flour,2025-08-15,80.0,83.33,False
Kakuma 4,Beans (dry),2025-08-15,115.0,142.5,False
Hagadera (Daadab),Sugar,2025-08-15,123.0,134.78,False
Kakuma 3,Maize,2025-08-15,70.0,76.67,False
Ethiopia (Kakuma),Rice,2025-08-15,103.33,120.0,False
Hagadera (Daadab),Rice,2025-08-15,104.0,102.23,False
IFO (Daadab),Meat (goat),2025-08-15,800.0,791.67,False
Kakuma 4,Maize flour,2025-08-15,80.0,90.0,False
Kalobeyei (Village 3),Maize flour,2025-08-15,83.33,90.0,False
Kalobeyei (Village 2),Maize flour,2025-08-15,80.0,86.25,False
Kakuma 3,Rice,2025-08-15,110.0,180.0,True
HongKong (Kakuma),Maize flour,2025-08-15,86.67,90.0,False
Kakuma 4,Potatoes (Irish),2025-08-15,60.0,55.0,False
HongKong (Kakuma),Sugar,2025-08-15,173.33,186.0,False
Kalobeyei (Village 2),Maize,2025-08-15,70.0,57.5,False
Kakuma 2,Sugar,2025-08-15,170.0,160.0,False
Kalobeyei (Village 2),Sugar,2025-08-15,170.0,170.0,False
Kakuma 2,Beans (dry),2025-08-15,105.0,136.67,False
Hagadera (Daadab),Beans (dry),2025-08-15,115.0,127.86,False
Ethiopia (Kakuma),Beans (dry),2025-08-15,100.0,150.0,True
Kakuma 4,Rice,2025-08-15,113.33,130.0,False
Kalobeyei (Village 2),Beans (dry),2025-08-15,100.0,142.5,True
Kalobeyei (Village 1),Maize,2025-08-15,70.0,60.0,False
HongKong (Kakuma),Maize,2025-08-15,85.0,65.0,False
HongKong (Kakuma),Salt,2025-08-15,50.0,50.0,False
IFO (Daadab),Maize,2025-08-15,70.0,70.0,False
Kalobeyei (Village 3),Sugar,2025-08-15,170.0,165.0,False
Kakuma 3,Meat (beef),2025-08-15,500.0,600.0,False
Kakuma 4,Sugar,2025-08-15,170.0,177.5,False
Kalobeyei (Village 1),Beans (dry),2025-08-15,100.0,130.0,False
IFO (Daadab),Beans (dry),2025-08-15,130.59,130.95,False
HongKong (Kakuma),Beans (dry),2025-08-15,100.0,170.0,True
Kalobeyei (Village 1),Rice,2025-08-15,113.33,128.0,False
Ethiopia (Kakuma),Maize flour,2025-08-15,83.33,95.0,False
Kakuma 4,Wheat flour,2025-08-15,90.0,81.25,False
Kalobeyei (Village 3),Wheat flour,2025-08-15,90.0,80.0,False
IFO (Daadab),Wheat flour,2025-08-15,100.0,100.0,False
IFO (Daadab),Rice,2025-08-15,120.0,119.46,False
Kakuma 3,Maize flour,2025-08-15,80.0,88.0,False
Kalobeyei (Village 1),Wheat flour,2025-08-15,90.0,82.0,False
Ethiopia (Kakuma),Sugar,2025-08-15,173.33,180.0,False
IFO (Daadab),Sugar,2025-08-15,130.59,130.32,False
Kakuma 3,Maize,2025-09-15,66.67,70.0,False
Kalobeyei (Village 3),Maize flour,2025-09-15,83.33,83.33,False
Mogadishu (Kakuma),Sugar,2025-09-15,180.0,170.0,False
Ethiopia (Kakuma),Rice,2025-09-15,133.33,103.33,False
Hagadera (Daadab),Salt,2025-09-15,50.0,50.0,False
Kakuma 3,Salt,2025-09-15,66.9,275.0,True
Kakuma 3,Sugar,2025-09-15,171.0,170.0,False
Kakuma 3,Beans (dry),2025-09-15,150.0,100.0,True
Kalobeyei (Village 1),Wheat flour,2025-09-15,87.17,90.0,False
IFO (Daadab),Wheat flour,2025-09-15,100.0,100.0,False
Hagadera (Daadab),Wheat flour,2025-09-15,95.77,100.0,False
Kakuma 2,Salt,2025-09-15,63.75,50.0,False
Kalobeyei (Village 2),Maize flour,2025-09-15,83.33,80.0,False
Ethiopia (Kakuma),Beans (dry),2025-09-15,136.67,100.0,False
Kakuma 2,Rice,2025-09-15,100.0,100.0,False
Kalobeyei (Village 2),Maize,2025-09-15,56.67,70.0,False
HongKong (Kakuma),Wheat flour,2025-09-15,90.0,80.0,False
HongKong (Kakuma),Sugar,2025-09-15,180.0,173.33,False
Kalobeyei (Village 1),Maize flour,2025-09-15,80.0,80.0,False
Ethiopia (Kakuma),Maize,2025-09-15,70.0,80.0,False
Kalobeyei (Village 1),Salt,2025-09-15,57.5,50.0,False
Kalobeyei (Village 3),Beans (dry),2025-09-15,93.33,100.0,False
Kalobeyei (Village 2),Rice,2025-09-15,100.0,120.0,False
Hagadera (Daadab),Maize flour,2025-09-15,91.81,100.0,False
IFO (Daadab),Meat (camel),2025-09-15,691.67,650.0,False
Hagadera (Daadab),Potatoes (Irish),2025-09-15,60.0,50.0,False
Hagadera (Daadab),Beans (dry),2025-09-15,112.14,115.0,False
Kakuma 2,Beans (dry),2025-09-15,125.0,105.0,False
Kalobeyei (Village 1),Maize,2025-09-15,51.67,70.0,True
Hagadera (Daadab),Rice,2025-09-15,105.0,104.0,False
IFO (Daadab),Meat (goat),2025-09-15,775.0,800.0,False
Kakuma 3,Rice,2025-09-15,132.5,110.0,False
Kalobeyei (Village 2),Sugar,2025-09-15,168.33,170.0,False
Mogadishu (Kakuma),Maize flour,2025-09-15,83.33,90.0,False
Kakuma 2,Maize,2025-09-15,55.0,80.0,False
Kakuma 4,Sugar,2025-09-15,181.0,170.0,False
Kalobeyei (Village 3),Wheat flour,2025-09-15,85.0,90.0,False
Kalobeyei (Village 1),Sugar,2025-09-15,164.67,170.0,False
Hagadera (Daadab),Sugar,2025-09-15,120.54,123.0,False
Kakuma 2,Maize flour,2025-09-15,80.0,80.0,False
Kalobeyei (Village 2),Wheat flour,2025-09-15,88.33,90.0,False
Ethiopia (Kakuma),Wheat flour,2025-09-15,92.75,80.0,False
Kalobeyei (Village 3),Salt,2025-09-15,58.349999999999994,50.0,False
IFO (Daadab),Salt,2025-09-15,50.0,50.0,False
Kakuma 3,Maize flour,2025-09-15,80.0,80.0,False
Kakuma 3,Meat (goat),2025-09-15,625.0,600.0,False
IFO (Daadab),Rice,2025-09-15,113.27,120.0,False
Kalobeyei (Village 2),Salt,2025-09-15,59.15,50.0,False
Hagadera (Daadab),Meat (camel),2025-09-15,600.0,600.0,False
Kakuma 2,Wheat flour,2025-09-15,82.5,80.0,False
Kakuma 4,Salt,2025-09-15,100.0,50.0,True
Kalobeyei (Village 3),Rice,2025-09-15,116.67,120.0,False
IFO (Daadab),Maize,2025-09-15,70.0,70.0,False
Mogadishu (Kakuma),Beans (dry),2025-09-15,146.67,100.0,False
Ethiopia (Kakuma),Salt,2025-09-15,56.25,50.0,False
Kakuma 2,Potatoes (Irish),2025-09-15,70.0,70.0,False
Kakuma 3,Potatoes (Irish),2025-09-15,60.0,62.5,False
Kalobeyei (Village 1),Rice,2025-09-15,106.67,113.33,False
Kakuma 4,Wheat flour,2025-09-15,90.0,90.0,False
Kalobeyei (Village 3),Sugar,2025-09-15,160.17,170.0,False
Kakuma 3,Wheat flour,2025-09-15,89.0,85.0,False
IFO (Daadab),Sugar,2025-09-15,123.63,130.59,False
IFO (Daadab),Beans (dry),2025-09-15,116.77,130.59,False
Kalobeyei (Village 1),Beans (dry),2025-09-15,140.0,100.0,True
Ethiopia (Kakuma),Sugar,2025-09-15,169.83,173.33,False
Ethiopia (Kakuma),Maize flour,2025-09-15,92.5,83.33,False
IFO (Daadab),Maize flour,2025-09-15,100.0,100.0,False
Mogadishu (Kakuma),Salt,2025-09-15,58.349999999999994,50.0,False
Mogadishu (Kakuma),Rice,2025-09-15,150.0,110.0,False
Kalobeyei (Village 2),Beans (dry),2025-09-15,130.0,100.0,False
IFO (Daadab),Potatoes (Irish),2025-09-15,59.38,50.0,False
Hagadera (Daadab),Sugar,2025-10-15,120.36,120.54,False
Kalobeyei (Village 1),Sugar,2025-10-15,160.0,164.67,False
Kakuma 2,Maize flour,2025-10-15,80.0,80.0,False
Kalobeyei (Village 1),Maize,2025-10-15,52.86,51.67,False
Kakuma 4,Beans (dry),2025-10-15,135.0,115.0,False
Kakuma 3,Maize,2025-10-15,55.0,66.67,False
Hagadera (Daadab),Potatoes (Irish),2025-10-15,63.21,60.0,False
Hagadera (Daadab),Beans (dry),2025-10-15,110.64,112.14,False
Kakuma 2,Maize,2025-10-15,50.0,55.0,False
Kakuma 4,Potatoes (Irish),2025-10-15,94.0,60.0,True
Ethiopia (Kakuma),Beans (dry),2025-10-15,125.0,136.67,False
Mogadishu (Kakuma),Sugar,2025-10-15,160.0,180.0,False
IFO (Daadab),Maize,2025-10-15,67.15,70.0,False
Hagadera (Daadab),Salt,2025-10-15,50.0,50.0,False
Ethiopia (Kakuma),Rice,2025-10-15,116.0,133.33,False
Kakuma 3,Potatoes (Irish),2025-10-15,80.0,60.0,False
HongKong (Kakuma),Sugar,2025-10-15,183.33,180.0,False
IFO (Daadab),Rice,2025-10-15,111.65,113.27,False
Kakuma 4,Salt,2025-10-15,65.0,100.0,True
Kakuma 2,Potatoes (Irish),2025-10-15,72.0,70.0,False
Kakuma 3,Sugar,2025-10-15,160.0,171.0,False
Ethiopia (Kakuma),Wheat flour,2025-10-15,90.0,92.75,False
HongKong (Kakuma),Wheat flour,2025-10-15,86.67,90.0,False
Kalobeyei (Village 1),Salt,2025-10-15,60.7,57.5,False
Mogadishu (Kakuma),Rice,2025-10-15,100.0,150.0,False
HongKong (Kakuma),Salt,2025-10-15,75.0,50.0,True
Ethiopia (Kakuma),Maize,2025-10-15,52.5,70.0,False
Hagadera (Daadab),Wheat flour,2025-10-15,95.04,95.77,False
Hagadera (Daadab),Maize flour,2025-10-15,92.4,91.81,False
Kakuma 2,Salt,2025-10-15,70.0,63.75,False
IFO (Daadab),Meat (camel),2025-10-15,616.28,691.67,True
Kakuma 4,Rice,2025-10-15,120.0,113.33,False
Kakuma 2,Beans (dry),2025-10-15,116.0,125.0,False
Ethiopia (Kakuma),Salt,2025-10-15,62.5,56.25,False
Kakuma 2,Wheat flour,2025-10-15,80.0,82.5,False
Kakuma 3,Beans (dry),2025-10-15,135.0,150.0,False
IFO (Daadab),Meat (goat),2025-10-15,797.26,775.0,False
Mogadishu (Kakuma),Beans (dry),2025-10-15,150.0,146.67,False
HongKong (Kakuma),Maize,2025-10-15,65.0,85.0,False
Kalobeyei (Village 1),Wheat flour,2025-10-15,84.29,87.17,False
HongKong (Kakuma),Rice,2025-10-15,123.33,100.0,False
IFO (Daadab),Wheat flour,2025-10-15,100.69,100.0,False
IFO (Daadab),Salt,2025-10-15,55.099999999999994,50.0,False
Kakuma 2,Rice,2025-10-15,105.0,100.0,False
Kakuma 3,Rice,2025-10-15,133.33,132.5,False
Kalobeyei (Village 1),Rice,2025-10-15,108.57,106.67,False
Kakuma 4,Sugar,2025-10-15,165.0,181.0,False
Kakuma 3,Meat (beef),2025-10-15,550.0,500.0,False
IFO (Daadab),Beans (dry),2025-10-15,119.13,116.77,False
Kakuma 3,Salt,2025-10-15,66.64999999999999,66.9,False
Kakuma 3,Meat (goat),2025-10-15,650.0,625.0,False
HongKong (Kakuma),Maize flour,2025-10-15,83.33,86.67,False
Hagadera (Daadab),Meat (camel),2025-10-15,600.0,600.0,False
Kalobeyei (Village 1),Maize flour,2025-10-15,80.0,80.0,False
Kakuma 4,Wheat flour,2025-10-15,80.0,90.0,False
Kalobeyei (Village 1),Beans (dry),2025-10-15,102.86,140.0,True
Kakuma 3,Maize flour,2025-10-15,80.0,80.0,False
IFO (Daadab),Potatoes (Irish),2025-10-15,57.58,59.38,False
Kakuma 4,Maize flour,2025-10-15,74.0,80.0,False
Ethiopia (Kakuma),Sugar,2025-10-15,172.5,169.83,False
Mogadishu (Kakuma),Salt,2025-10-15,75.0,58.349999999999994,False
HongKong (Kakuma),Beans (dry),2025-10-15,140.0,100.0,True
Hagadera (Daadab),Meat (goat),2025-10-15,781.58,800.0,False
IFO (Daadab),Sugar,2025-10-15,120.07,123.63,False
Hagadera (Daadab),Maize,2025-10-15,54.04,70.0,False
Kakuma 3,Wheat flour,2025-10-15,80.0,89.0,False
Mogadishu (Kakuma),Maize flour,2025-10-15,90.0,83.33,False
Hagadera (Daadab),Rice,2025-10-15,105.42,105.0,False
Ethiopia (Kakuma),Maize flour,2025-10-15,82.5,92.5,False
Kalobeyei (Village 1),Potatoes (Irish),2025-10-15,70.0,75.0,False
Kakuma 4,Maize,2025-10-15,65.0,73.33,False
Kakuma 3,Meat (beef),2025-11-15,550.0,550.0,False
Kalobeyei (Village 2),Maize flour,2025-11-15,80.0,83.33,False
Kakuma 4,Maize flour,2025-11-15,76.07,74.0,False
Kalobeyei (Village 1),Sugar,2025-11-15,157.41,160.0,False
Hagadera (Daadab),Sugar,2025-11-15,122.15,120.36,False
Ethiopia (Kakuma),Maize,2025-11-15,66.11,52.5,False
IFO (Daadab),Meat (camel),2025-11-15,638.59,616.28,False
Hagadera (Daadab),Maize,2025-11-15,51.52,54.04,False
Ethiopia (Kakuma),Beans (dry),2025-11-15,118.52,125.0,False
IFO (Daadab),Beans (dry),2025-11-15,117.41,119.13,False
Kalobeyei (Village 2),Maize,2025-11-15,65.0,56.67,False
Kakuma 3,Wheat flour,2025-11-15,87.78,80.0,False
Hagadera (Daadab),Rice,2025-11-15,111.97,105.42,False
Kakuma 4,Salt,2025-11-15,72.8,65.0,False
Hagadera (Daadab),Meat (goat),2025-11-15,800.0,781.58,False
IFO (Daadab),Maize,2025-11-15,65.18,67.15,False
Kakuma 4,Maize,2025-11-15,58.52,65.0,False
Kalobeyei (Village 3),Rice,2025-11-15,100.0,116.67,False
HongKong (Kakuma),Wheat flour,2025-11-15,87.31,86.67,False
Kakuma 3,Meat (goat),2025-11-15,688.89,650.0,False
HongKong (Kakuma),Beans (dry),2025-11-15,149.72,140.0,False
Kakuma 4,Wheat flour,2025-11-15,83.89,80.0,False
Kalobeyei (Village 2),Beans (dry),2025-11-15,120.0,130.0,False
Kalobeyei (Village 3),Wheat flour,2025-11-15,90.0,85.0,False
Kalobeyei (Village 1),Beans (dry),2025-11-15,123.97,102.86,False
Ethiopia (Kakuma),Sugar,2025-11-15,165.37,172.5,False
Kakuma 3,Maize flour,2025-11-15,82.59,80.0,False
Kalobeyei (Village 2),Wheat flour,2025-11-15,80.0,88.33,False
Kakuma 3,Rice,2025-11-15,124.91,133.33,False
HongKong (Kakuma),Maize flour,2025-11-15,82.69,83.33,False
Kalobeyei (Village 1),Maize,2025-11-15,66.19,52.86,False
HongKong (Kakuma),Maize,2025-11-15,53.33,65.0,False
Kalobeyei (Village 3),Beans (dry),2025-11-15,100.0,93.33,False
Hagadera (Daadab),Wheat flour,2025-11-15,97.06,95.04,False
Ethiopia (Kakuma),Wheat flour,2025-11-15,87.41,90.0,False
Kalobeyei (Village 3),Sugar,2025-11-15,160.0,160.17,False
Kakuma 4,Sugar,2025-11-15,171.48,165.0,False
Hagadera (Daadab),Beans (dry),2025-11-15,119.26,110.64,False
Kakuma 3,Potatoes (Irish),2025-11-15,80.0,80.0,False
Kalobeyei (Village 3),Maize flour,2025-11-15,80.0,83.33,False
Kalobeyei (Village 3),Salt,2025-11-15,62.5,58.349999999999994,False
Kakuma 4,Beans (dry),2025-11-15,123.33,135.0,False
Mogadishu (Kakuma),Sugar,2025-11-15,169.72,160.0,False
Kalobeyei (Village 1),Salt,2025-11-15,65.35,60.7,False
Ethiopia (Kakuma),Salt,2025-11-15,52.8,62.5,False
Kakuma 2,Salt,2025-11-15,60.949999999999996,70.0,False
Kakuma 3,Beans (dry),2025-11-15,133.7,135.0,False
Mogadishu (Kakuma),Rice,2025-11-15,138.89,100.0,False
IFO (Daadab),Potatoes (Irish),2025-11-15,56.43,57.58,False
IFO (Daadab),Wheat flour,2025-11-15,102.23,100.69,False
Mogadishu (Kakuma),Salt,2025-11-15,60.4,75.0,False
Kalobeyei (Village 1),Wheat flour,2025-11-15,88.73,84.29,False
Mogadishu (Kakuma),Maize flour,2025-11-15,84.17,90.0,False
Kakuma 3,Maize,2025-11-15,55.0,55.0,False
Kakuma 2,Maize flour,2025-11-15,78.06,80.0,False
Kakuma 2,Maize,2025-11-15,52.59,50.0,False
Kakuma 2,Rice,2025-11-15,129.63,105.0,False
Ethiopia (Kakuma),Maize flour,2025-11-15,80.56,82.5,False
Kakuma 2,Potatoes (Irish),2025-11-15,74.33,72.0,False
IFO (Daadab),Meat (goat),2025-11-15,794.33,797.26,False
Mogadishu (Kakuma),Beans (dry),2025-11-15,140.28,150.0,False
Ethiopia (Kakuma),Rice,2025-11-15,116.52,116.0,False
Kakuma 2,Beans (dry),2025-11-15,132.07,116.0,False
Kakuma 2,Wheat flour,2025-11-15,83.89,80.0,False
IFO (Daadab),Sugar,2025-11-15,120.46,120.07,False
Hagadera (Daadab),Salt,2025-11-15,50.0,50.0,False
IFO (Daadab),Rice,2025-11-15,109.68,111.65,False
HongKong (Kakuma),Sugar,2025-11-15,174.91,183.33,False
Kalobeyei (Village 1),Maize flour,2025-11-15,80.0,80.0,False
HongKong (Kakuma),Rice,2025-11-15,163.52,123.33,False
Kakuma 3,Salt,2025-11-15,73.15,66.64999999999999,False
Kalobeyei (Village 1),Potatoes (Irish),2025-11-15,77.78,70.0,False
Kalobeyei (Village 2),Sugar,2025-11-15,155.0,168.33,False
Hagadera (Daadab),Potatoes (Irish),2025-11-15,66.75,63.21,False
Hagadera (Daadab),Meat (camel),2025-11-15,600.0,600.0,False
Kakuma 4,Rice,2025-11-15,120.0,120.0,False
HongKong (Kakuma),Salt,2025-11-15,70.14999999999999,75.0,False
Kakuma 3,Sugar,2025-11-15,162.59,160.0,False
Kalobeyei (Village 1),Rice,2025-11-15,112.28,108.57,False
IFO (Daadab),Salt,2025-11-15,71.6,55.099999999999994,False
Kalobeyei (Village 2),Rice,2025-11-15,100.0,100.0,False
Kakuma 4,Potatoes (Irish),2025-11-15,83.11,94.0,False
Hagadera (Daadab),Maize flour,2025-11-15,93.25,92.4,False
Kalobeyei (Village 2),Salt,2025-11-15,50.0,59.15,False
HongKong (Kakuma),Salt,2025-12-15,115.0,70.14999999999999,True
Kalobeyei (Village 2),Sugar,2025-12-15,153.0,155.0,False
Kalobeyei (Village 2),Wheat flour,2025-12-15,93.0,80.0,False
Kakuma 2,Salt,2025-12-15,75.0,60.949999999999996,False
IFO (Daadab),Maize flour,2025-12-15,100.0,100.0,False
Kakuma 3,Salt,2025-12-15,100.0,73.15,False
Ethiopia (Kakuma),Wheat flour,2025-12-15,97.0,87.41,False
Hagadera (Daadab),Salt,2025-12-15,65.0,50.0,True
Kakuma 3,Sugar,2025-12-15,160.0,162.59,False
IFO (Daadab),Salt,2025-12-15,80.35,71.6,False
Kakuma 4,Wheat flour,2025-12-15,90.0,83.89,False
HongKong (Kakuma),Sugar,2025-12-15,167.0,174.91,False
IFO (Daadab),Meat (goat),2025-12-15,850.0,794.33,False
Kalobeyei (Village 1),Salt,2025-12-15,75.0,65.35,False
Hagadera (Daadab),Wheat flour,2025-12-15,98.0,97.06,False
Hagadera (Daadab),Sugar,2025-12-15,120.0,122.15,False
IFO (Daadab),Wheat flour,2025-12-15,100.0,102.23,False
IFO (Daadab),Potatoes (Irish),2025-12-15,60.0,56.43,False
Ethiopia (Kakuma),Salt,2025-12-15,100.0,52.8,True
Kalobeyei (Village 2),Salt,2025-12-15,60.0,50.0,False
IFO (Daadab),Maize,2025-12-15,60.0,65.18,False
Kalobeyei (Village 1),Wheat flour,2025-12-15,90.0,88.73,False
IFO (Daadab),Rice,2025-12-15,117.14,109.68,False
Kakuma 3,Wheat flour,2025-12-15,93.0,87.78,False
IFO (Daadab),Meat (camel),2025-12-15,750.0,638.59,True
IFO (Daadab),Beans (dry),2025-12-15,111.43,117.41,False
HongKong (Kakuma),Wheat flour,2025-12-15,90.0,87.31,False
Kalobeyei (Village 3),Salt,2025-12-15,75.0,62.5,False
Kalobeyei (Village 3),Sugar,2025-12-15,157.0,160.0,False
Kalobeyei (Village 1),Sugar,2025-12-15,160.0,157.41,False
Ethiopia (Kakuma),Sugar,2025-12-15,153.0,165.37,False
IFO (Daadab),Sugar,2025-12-15,112.0,120.46,False
Kalobeyei (Village 3),Wheat flour,2025-12-15,97.0,90.0,False
Kakuma 4,Sugar,2025-12-15,167.0,171.48,False
Kakuma 4,Salt,2025-12-15,90.0,72.8,False
Kakuma 2,Wheat flour,2025-12-15,87.0,83.89,False
IFO (Daadab),Rice,2026-01-15,116.13,117.14,False
IFO (Daadab),Wheat flour,2026-01-15,99.57,100.0,False
Hagadera (Daadab),Meat (goat),2026-01-15,800.0,800.0,False
Hagadera (Daadab),Maize flour,2026-01-15,94.22,93.25,False
IFO (Daadab),Maize flour,2026-01-15,100.0,100.0,False
IFO (Daadab),Salt,2026-01-15,68.94999999999999,80.35,False
Hagadera (Daadab),Maize,2026-01-15,60.0,51.52,False
Hagadera (Daadab),Beans (dry),2026-01-15,120.11,119.26,False
IFO (Daadab),Potatoes (Irish),2026-01-15,61.95,60.0,False
IFO (Daadab),Meat (camel),2026-01-15,743.52,750.0,False
Hagadera (Daadab),Salt,2026-01-15,70.55,65.0,False
Hagadera (Daadab),Meat (camel),2026-01-15,600.0,600.0,False
Hagadera (Daadab),Wheat flour,2026-01-15,98.11,98.0,False
Hagadera (Daadab),Rice,2026-01-15,100.67,111.97,False
IFO (Daadab),Beans (dry),2026-01-15,114.94,111.43,False
IFO (Daadab),Meat (goat),2026-01-15,841.57,850.0,False
Hagadera (Daadab),Sugar,2026-01-15,111.0,120.0,False
IFO (Daadab),Sugar,2026-01-15,119.57,112.0,False
IFO (Daadab),Maize,2026-01-15,66.46,60.0,False
Hagadera (Daadab),Potatoes (Irish),2026-01-15,72.5,66.75,False
IFO (Daadab),Maize,2026-02-15,70.65,66.46,False
IFO (Daadab),Salt,2026-02-15,69.4,68.94999999999999,False
Hagadera (Daadab),Meat (goat),2026-02-15,793.52,800.0,False
Hagadera (Daadab),Rice,2026-02-15,100.24,100.67,False
IFO (Daadab),Meat (camel),2026-02-15,761.05,743.52,False
IFO (Daadab),Beans (dry),2026-02-15,120.75,114.94,False
Hagadera (Daadab),Potatoes (Irish),2026-02-15,71.67,72.5,False
Hagadera (Daadab),Beans (dry),2026-02-15,119.16,120.11,False
Hagadera (Daadab),Maize,2026-02-15,60.0,60.0,False
Hagadera (Daadab),Wheat flour,2026-02-15,97.01,98.11,False
IFO (Daadab),Potatoes (Irish),2026-02-15,71.07,61.95,False
Hagadera (Daadab),Meat (camel),2026-02-15,600.0,600.0,False
IFO (Daadab),Maize flour,2026-02-15,97.9,100.0,False
IFO (Daadab),Wheat flour,2026-02-15,100.0,99.57,False
Hagadera (Daadab),Maize flour,2026-02-15,90.83,94.22,False
IFO (Daadab),Rice,2026-02-15,119.52,116.13,False
IFO (Daadab),Sugar,2026-02-15,119.71,119.57,False
Hagadera (Daadab),Salt,2026-02-15,59.3,70.55,True
Hagadera (Daadab),Sugar,2026-02-15,111.08,111.0,False
IFO (Daadab),Meat (goat),2026-02-15,847.69,841.57,False
Kakuma 4,Rice,2026-03-15,110.0,120.0,False
Kakuma 2,Sugar,2026-03-15,158.5,170.0,False
Hagadera (Daadab),Salt,2026-03-15,68.8,59.3,False
Kakuma 3,Wheat flour,2026-03-15,89.42,93.0,False
Mogadishu (Kakuma),Beans (dry),2026-03-15,170.0,140.28,False
Hagadera (Daadab),Meat (camel),2026-03-15,600.0,600.0,False
Kakuma 4,Potatoes (Irish),2026-03-15,100.0,83.11,False
Hagadera (Daadab),Meat (goat),2026-03-15,800.0,793.52,False
Hagadera (Daadab),Maize flour,2026-03-15,99.6,90.83,False
Kakuma 3,Salt,2026-03-15,62.5,100.0,False
Kakuma 3,Beans (dry),2026-03-15,130.0,133.7,False
Kalobeyei (Village 1),Salt,2026-03-15,75.0,75.0,False
IFO (Daadab),Wheat flour,2026-03-15,100.37,100.0,False
Kakuma 4,Sugar,2026-03-15,161.5,167.0,False
Kalobeyei (Village 1),Beans (dry),2026-03-15,100.0,123.97,False
Kakuma 3,Rice,2026-03-15,156.67,124.91,False
Kakuma 3,Maize flour,2026-03-15,80.0,82.59,False
Kakuma 2,Wheat flour,2026-03-15,91.5,87.0,False
Hagadera (Daadab),Sugar,2026-03-15,121.93,111.08,False
Kakuma 4,Maize flour,2026-03-15,76.67,76.07,False
Hagadera (Daadab),Wheat flour,2026-03-15,98.92,97.01,False
Ethiopia (Kakuma),Maize,2026-03-15,60.0,66.11,False
Kalobeyei (Village 2),Sugar,2026-03-15,158.0,153.0,False
Ethiopia (Kakuma),Sugar,2026-03-15,168.5,153.0,False
Kakuma 3,Potatoes (Irish),2026-03-15,85.0,80.0,False
Kakuma 3,Meat (goat),2026-03-15,600.0,688.89,False
Mogadishu (Kakuma),Rice,2026-03-15,160.0,138.89,False
Hagadera (Daadab),Beans (dry),2026-03-15,121.7,119.16,False
Ethiopia (Kakuma),Salt,2026-03-15,75.0,100.0,True
Kakuma 3,Maize,2026-03-15,56.0,55.0,False
Kakuma 4,Beans (dry),2026-03-15,120.0,123.33,False
IFO (Daadab),Sugar,2026-03-15,120.33,119.71,False
Kakuma 2,Salt,2026-03-15,65.0,75.0,False
Kakuma 3,Sugar,2026-03-15,160.0,160.0,False
Kakuma 4,Salt,2026-03-15,82.5,90.0,False
Hagadera (Daadab),Maize,2026-03-15,59.44,60.0,False
Mogadishu (Kakuma),Maize flour,2026-03-15,90.0,84.17,False
Hagadera (Daadab),Rice,2026-03-15,108.83,100.24,False
Kakuma 4,Maize,2026-03-15,65.0,58.52,False
Hagadera (Daadab),Potatoes (Irish),2026-03-15,85.22,71.67,False
Ethiopia (Kakuma),Wheat flour,2026-03-15,93.5,97.0,False
Kalobeyei (Village 1),Potatoes (Irish),2026-03-15,100.0,77.78,False
Kalobeyei (Village 1),Rice,2026-03-15,120.0,112.28,False
Kakuma 2,Potatoes (Irish),2026-03-15,80.0,74.33,False
HongKong (Kakuma),Maize flour,2026-03-15,80.0,82.69,False
Kalobeyei (Village 1),Maize,2026-03-15,50.0,66.19,True
Kalobeyei (Village 2),Wheat flour,2026-03-15,92.0,93.0,False
Ethiopia (Kakuma),Rice,2026-03-15,90.0,116.52,False
Kakuma 4,Wheat flour,2026-03-15,86.67,90.0,False
Kalobeyei (Village 3),Maize flour,2026-03-15,80.0,80.0,False
Kakuma 2,Rice,2026-03-15,100.0,129.63,False
HongKong (Kakuma),Maize,2026-03-15,60.0,53.33,False
Kakuma 2,Maize,2026-03-15,50.0,52.59,False
IFO (Daadab),Maize flour,2026-03-15,101.77,97.9,False
Kalobeyei (Village 3),Salt,2026-03-15,75.0,75.0,False
Kalobeyei (Village 3),Beans (dry),2026-03-15,100.0,100.0,False
Mogadishu (Kakuma),Salt,2026-03-15,50.0,60.4,False
Kalobeyei (Village 3),Sugar,2026-03-15,152.5,157.0,False
IFO (Daadab),Rice,2026-03-15,110.8,119.52,False
IFO (Daadab),Potatoes (Irish),2026-03-15,87.16,71.07,False
Kalobeyei (Village 3),Wheat flour,2026-03-15,90.0,97.0,False
IFO (Daadab),Beans (dry),2026-03-15,118.77,120.75,False
Kalobeyei (Village 3),Rice,2026-03-15,100.0,100.0,False
Ethiopia (Kakuma),Maize flour,2026-03-15,80.0,80.56,False
HongKong (Kakuma),Beans (dry),2026-03-15,150.0,149.72,False
Kalobeyei (Village 1),Wheat flour,2026-03-15,91.0,90.0,False
HongKong (Kakuma),Rice,2026-03-15,170.0,163.52,False
Kalobeyei (Village 2),Salt,2026-03-15,87.5,60.0,True
Kalobeyei (Village 2),Rice,2026-03-15,125.0,100.0,False
IFO (Daadab),Meat (goat),2026-03-15,807.46,847.69,False
HongKong (Kakuma),Sugar,2026-03-15,165.0,167.0,False
Ethiopia (Kakuma),Beans (dry),2026-03-15,150.0,118.52,False
Kalobeyei (Village 2),Maize flour,2026-03-15,80.0,80.0,False
Kalobeyei (Village 1),Maize flour,2026-03-15,70.0,80.0,False
Mogadishu (Kakuma),Sugar,2026-03-15,160.0,169.72,False
HongKong (Kakuma),Salt,2026-03-15,75.0,115.0,True
Kalobeyei (Village 2),Maize,2026-03-15,50.0,65.0,False
HongKong (Kakuma),Wheat flour,2026-03-15,90.0,90.0,False
Kakuma 2,Maize flour,2026-03-15,80.0,78.06,False
Kakuma 2,Beans (dry),2026-03-15,140.0,132.07,False
IFO (Daadab),Maize,2026-03-15,63.96,70.65,False
Kalobeyei (Village 1),Sugar,2026-03-15,154.0,160.0,False
Kalobeyei (Village 2),Beans (dry),2026-03-15,100.0,120.0,False
IFO (Daadab),Salt,2026-03-15,88.2,69.4,False
IFO (Daadab),Meat (camel),2026-03-15,624.06,761.05,True
Kakuma 4,Maize flour,2026-04-15,80.0,76.67,False
Mogadishu (Kakuma),Salt,2026-04-15,75.0,50.0,True
Kakuma 4,Salt,2026-04-15,75.0,82.5,False
Hagadera (Daadab),Sugar,2026-04-15,122.5,121.93,False
Kalobeyei (Village 1),Beans (dry),2026-04-15,110.0,100.0,False
Mogadishu (Kakuma),Rice,2026-04-15,133.33,160.0,False
HongKong (Kakuma),Sugar,2026-04-15,166.67,165.0,False
Hagadera (Daadab),Potatoes (Irish),2026-04-15,76.67,85.22,False
Ethiopia (Kakuma),Beans (dry),2026-04-15,133.33,150.0,False
Ethiopia (Kakuma),Maize flour,2026-04-15,83.33,80.0,False
Mogadishu (Kakuma),Maize flour,2026-04-15,80.0,90.0,False
HongKong (Kakuma),Wheat flour,2026-04-15,90.0,90.0,False
Kakuma 3,Rice,2026-04-15,173.33,156.67,False
Kalobeyei (Village 1),Rice,2026-04-15,113.33,120.0,False
IFO (Daadab),Salt,2026-04-15,89.8,88.2,False
HongKong (Kakuma),Maize,2026-04-15,70.0,60.0,False
HongKong (Kakuma),Maize flour,2026-04-15,90.0,80.0,False
Mogadishu (Kakuma),Sugar,2026-04-15,150.0,160.0,False
IFO (Daadab),Sugar,2026-04-15,122.78,120.33,False
Mogadishu (Kakuma),Beans (dry),2026-04-15,110.0,170.0,True
HongKong (Kakuma),Rice,2026-04-15,143.33,170.0,False
Kakuma 2,Rice,2026-04-15,166.67,100.0,True
Kalobeyei (Village 1),Salt,2026-04-15,75.0,75.0,False
Hagadera (Daadab),Rice,2026-04-15,107.5,108.83,False
HongKong (Kakuma),Beans (dry),2026-04-15,150.0,150.0,False
IFO (Daadab),Wheat flour,2026-04-15,106.3,100.37,False
HongKong (Kakuma),Salt,2026-04-15,66.64999999999999,75.0,False
Hagadera (Daadab),Wheat flour,2026-04-15,100.0,98.92,False
Hagadera (Daadab),Salt,2026-04-15,50.0,68.8,True
Kalobeyei (Village 1),Maize flour,2026-04-15,80.0,70.0,False
Kakuma 2,Salt,2026-04-15,66.64999999999999,65.0,False
Kakuma 4,Rice,2026-04-15,106.67,110.0,False
Kakuma 2,Maize flour,2026-04-15,80.0,80.0,False
Kakuma 2,Potatoes (Irish),2026-04-15,93.33,80.0,False
Kalobeyei (Village 1),Maize,2026-04-15,56.67,50.0,False
Kakuma 2,Sugar,2026-04-15,160.0,158.5,False
Kakuma 3,Maize,2026-04-15,73.33,56.0,False
Kakuma 4,Wheat flour,2026-04-15,90.0,86.67,False
Hagadera (Daadab),Meat (camel),2026-04-15,600.0,600.0,False
Ethiopia (Kakuma),Wheat flour,2026-04-15,90.0,93.5,False
Kakuma 3,Maize flour,2026-04-15,90.0,80.0,False
Kalobeyei (Village 1),Sugar,2026-04-15,150.0,154.0,False
IFO (Daadab),Meat (camel),2026-04-15,666.67,624.06,False
Ethiopia (Kakuma),Sugar,2026-04-15,160.0,168.5,False
Ethiopia (Kakuma),Salt,2026-04-15,66.64999999999999,75.0,False
IFO (Daadab),Beans (dry),2026-04-15,124.44,118.77,False
Kakuma 4,Beans (dry),2026-04-15,130.0,120.0,False
Kakuma 2,Maize,2026-04-15,60.0,50.0,False
IFO (Daadab),Potatoes (Irish),2026-04-15,100.56,87.16,False
Kalobeyei (Village 1),Wheat flour,2026-04-15,90.0,91.0,False
Hagadera (Daadab),Meat (goat),2026-04-15,800.0,800.0,False
Kakuma 3,Meat (goat),2026-04-15,700.0,600.0,False
Kakuma 2,Beans (dry),2026-04-15,113.33,140.0,False
Kakuma 2,Wheat flour,2026-04-15,90.0,91.5,False
Kalobeyei (Village 2),Beans (dry),2026-04-15,120.0,100.0,False
Ethiopia (Kakuma),Maize,2026-04-15,66.67,60.0,False
Kalobeyei (Village 2),Maize,2026-04-15,53.33,50.0,False
Kakuma 4,Maize,2026-04-15,66.67,65.0,False
Kakuma 3,Potatoes (Irish),2026-04-15,81.67,85.0,False
Kalobeyei (Village 2),Wheat flour,2026-04-15,86.67,92.0,False
Kakuma 3,Sugar,2026-04-15,160.0,160.0,False
IFO (Daadab),Meat (goat),2026-04-15,822.22,807.46,False
IFO (Daadab),Rice,2026-04-15,119.26,110.8,False
Kakuma 3,Wheat flour,2026-04-15,88.33,89.42,False
IFO (Daadab),Maize,2026-04-15,67.22,63.96,False
Hagadera (Daadab),Maize flour,2026-04-15,100.0,99.6,False
Ethiopia (Kakuma),Rice,2026-04-15,120.0,90.0,False
Kalobeyei (Village 2),Rice,2026-04-15,138.33,125.0,False
Kalobeyei (Village 2),Maize flour,2026-04-15,76.67,80.0,False
Kalobeyei (Village 2),Salt,2026-04-15,75.0,87.5,False
Hagadera (Daadab),Beans (dry),2026-04-15,122.5,121.7,False
Kakuma 3,Beans (dry),2026-04-15,120.0,130.0,False
IFO (Daadab),Maize flour,2026-04-15,100.0,101.77,False
Kalobeyei (Village 2),Sugar,2026-04-15,146.67,158.0,False
Hagadera (Daadab),Maize,2026-04-15,60.0,59.44,False
Kakuma 3,Salt,2026-04-15,66.64999999999999,62.5,False
IFO (Daadab),Maize flour,2026-05-15,103.44,100.0,False
Hagadera (Daadab),Sugar,2026-05-15,118.33,122.5,False
IFO (Daadab),Wheat flour,2026-05-15,104.0,106.3,False
IFO (Daadab),Meat (camel),2026-05-15,678.43,666.67,False
Hagadera (Daadab),Maize flour,2026-05-15,97.22,100.0,False
Hagadera (Daadab),Beans (dry),2026-05-15,119.25,122.5,False
IFO (Daadab),Maize,2026-05-15,64.15,67.22,False
Hagadera (Daadab),Meat (goat),2026-05-15,800.0,800.0,False
IFO (Daadab),Beans (dry),2026-05-15,123.17,124.44,False
IFO (Daadab),Rice,2026-05-15,120.75,119.26,False
IFO (Daadab),Meat (goat),2026-05-15,819.07,822.22,False
IFO (Daadab),Salt,2026-05-15,89.64999999999999,89.8,False
Hagadera (Daadab),Salt,2026-05-15,56.39999999999999,50.0,False
Hagadera (Daadab),Rice,2026-05-15,103.29,107.5,False
Hagadera (Daadab),Wheat flour,2026-05-15,98.33,100.0,False
Hagadera (Daadab),Meat (camel),2026-05-15,600.0,600.0,False
IFO (Daadab),Potatoes (Irish),2026-05-15,96.69,100.56,False
Hagadera (Daadab),Potatoes (Irish),2026-05-15,77.5,76.67,False
IFO (Daadab),Sugar,2026-05-15,120.93,122.78,False
Hagadera (Daadab),Maize,2026-05-15,60.0,60.0,False
Mogadishu (Kakuma),Maize flour,2026-06-15,83.75,80.0,False
IFO (Daadab),Rice,2026-06-15,127.14,120.75,False
Kakuma 2,Beans (dry),2026-06-15,123.33,113.33,False
Kalobeyei (Village 2),Salt,2026-06-15,75.0,75.0,False
HongKong (Kakuma),Wheat flour,2026-06-15,92.5,90.0,False
Kakuma 4,Maize,2026-06-15,56.88,66.67,False
Kalobeyei (Village 1),Sugar,2026-06-15,156.67,150.0,False
IFO (Daadab),Wheat flour,2026-06-15,100.0,104.0,False
Hagadera (Daadab),Potatoes (Irish),2026-06-15,68.75,77.5,False
Kalobeyei (Village 1),Wheat flour,2026-06-15,93.33,90.0,False
IFO (Daadab),Beans (dry),2026-06-15,122.14,123.17,False
Ethiopia (Kakuma),Beans (dry),2026-06-15,130.0,133.33,False
Kakuma 2,Maize,2026-06-15,53.33,60.0,False
Ethiopia (Kakuma),Maize flour,2026-06-15,83.0,83.33,False
Kakuma 4,Beans (dry),2026-06-15,128.89,130.0,False
Mogadishu (Kakuma),Sugar,2026-06-15,157.5,150.0,False
IFO (Daadab),Meat (camel),2026-06-15,725.0,678.43,False
Kakuma 3,Salt,2026-06-15,75.0,66.64999999999999,False
Kakuma 4,Rice,2026-06-15,133.75,106.67,False
Kalobeyei (Village 2),Rice,2026-06-15,113.33,138.33,False
Hagadera (Daadab),Rice,2026-06-15,100.88,103.29,False
HongKong (Kakuma),Salt,2026-06-15,68.75,66.64999999999999,False
IFO (Daadab),Maize,2026-06-15,68.33,64.15,False
Kalobeyei (Village 2),Beans (dry),2026-06-15,130.0,120.0,False
IFO (Daadab),Salt,2026-06-15,75.0,89.64999999999999,False
Hagadera (Daadab),Meat (camel),2026-06-15,600.0,600.0,False
Kalobeyei (Village 1),Rice,2026-06-15,120.0,113.33,False
Kalobeyei (Village 2),Maize,2026-06-15,52.5,53.33,False
Mogadishu (Kakuma),Beans (dry),2026-06-15,136.67,110.0,False
Hagadera (Daadab),Salt,2026-06-15,56.9,56.39999999999999,False
Kalobeyei (Village 2),Maize flour,2026-06-15,80.0,76.67,False
Kakuma 3,Wheat flour,2026-06-15,88.0,88.33,False
IFO (Daadab),Sugar,2026-06-15,120.0,120.93,False
Kakuma 3,Sugar,2026-06-15,150.0,160.0,False
IFO (Daadab),Meat (goat),2026-06-15,825.0,819.07,False
Hagadera (Daadab),Maize flour,2026-06-15,98.46,97.22,False
Kakuma 2,Salt,2026-06-15,75.0,66.64999999999999,False
Kalobeyei (Village 1),Maize flour,2026-06-15,81.67,80.0,False
Kakuma 4,Sugar,2026-06-15,164.44,161.5,False
Kalobeyei (Village 1),Salt,2026-06-15,100.0,75.0,False
Kakuma 4,Maize flour,2026-06-15,82.5,80.0,False
HongKong (Kakuma),Maize,2026-06-15,62.5,70.0,False
Kalobeyei (Village 3),Salt,2026-06-15,68.75,75.0,False
Kalobeyei (Village 2),Wheat flour,2026-06-15,90.0,86.67,False
Hagadera (Daadab),Wheat flour,2026-06-15,99.37,98.33,False
Kalobeyei (Village 3),Sugar,2026-06-15,150.0,152.5,False
Kakuma 3,Maize,2026-06-15,64.0,73.33,False
Kalobeyei (Village 3),Maize flour,2026-06-15,80.0,80.0,False
Kalobeyei (Village 1),Maize,2026-06-15,53.33,56.67,False
Kakuma 3,Rice,2026-06-15,160.0,173.33,False
HongKong (Kakuma),Beans (dry),2026-06-15,155.0,150.0,False
Kakuma 3,Beans (dry),2026-06-15,136.0,120.0,False
Kalobeyei (Village 3),Wheat flour,2026-06-15,87.5,90.0,False
Kalobeyei (Village 2),Sugar,2026-06-15,150.0,146.67,False
Kakuma 3,Maize flour,2026-06-15,92.0,90.0,False
Hagadera (Daadab),Maize,2026-06-15,60.0,60.0,False
Hagadera (Daadab),Sugar,2026-06-15,119.71,118.33,False
Hagadera (Daadab),Meat (goat),2026-06-15,800.0,800.0,False
Mogadishu (Kakuma),Rice,2026-06-15,165.0,133.33,False
Ethiopia (Kakuma),Salt,2026-06-15,65.0,66.64999999999999,False
Kalobeyei (Village 3),Rice,2026-06-15,132.5,100.0,False
Kakuma 4,Wheat flour,2026-06-15,90.56,90.0,False
Kakuma 2,Sugar,2026-06-15,160.0,160.0,False
Ethiopia (Kakuma),Rice,2026-06-15,126.0,120.0,False
Kakuma 2,Wheat flour,2026-06-15,93.33,90.0,False
HongKong (Kakuma),Sugar,2026-06-15,162.5,166.67,False
Ethiopia (Kakuma),Maize,2026-06-15,62.0,66.67,False
HongKong (Kakuma),Rice,2026-06-15,152.5,143.33,False
IFO (Daadab),Potatoes (Irish),2026-06-15,60.0,96.69,False
HongKong (Kakuma),Maize flour,2026-06-15,85.0,90.0,False
Mogadishu (Kakuma),Salt,2026-06-15,62.5,75.0,False
Kakuma 2,Maize flour,2026-06-15,106.67,80.0,True
Kakuma 2,Rice,2026-06-15,146.67,166.67,False
Ethiopia (Kakuma),Wheat flour,2026-06-15,95.0,90.0,False
Ethiopia (Kakuma),Sugar,2026-06-15,150.0,160.0,False
Hagadera (Daadab),Beans (dry),2026-06-15,118.79,119.25,False
Kakuma 4,Salt,2026-06-15,75.0,75.0,False
IFO (Daadab),Maize flour,2026-06-15,100.71,103.44,False
Kalobeyei (Village 1),Beans (dry),2026-06-15,126.67,110.0,False
Kalobeyei (Village 3),Beans (dry),2026-06-15,112.5,100.0,False
Kakuma 2,Maize flour,2026-07-15,78.33,106.67,True
Kalobeyei (Village 1),Salt,2026-07-15,75.0,100.0,False
Kakuma 3,Beans (dry),2026-07-15,134.44,136.0,False
Mogadishu (Kakuma),Rice,2026-07-15,120.0,165.0,False
Kakuma 3,Salt,2026-07-15,75.0,75.0,False
HongKong (Kakuma),Salt,2026-07-15,66.64999999999999,68.75,False
HongKong (Kakuma),Sugar,2026-07-15,160.0,162.5,False
IFO (Daadab),Meat (camel),2026-07-15,640.97,725.0,True
Kalobeyei (Village 2),Rice,2026-07-15,116.67,113.33,False
Kalobeyei (Village 1),Sugar,2026-07-15,150.0,156.67,False
IFO (Daadab),Beans (dry),2026-07-15,120.5,122.14,False
Kalobeyei (Village 1),Wheat flour,2026-07-15,96.67,93.33,False
IFO (Daadab),Maize,2026-07-15,68.13,68.33,False
Kalobeyei (Village 2),Beans (dry),2026-07-15,100.0,130.0,False
Kalobeyei (Village 2),Maize,2026-07-15,53.33,52.5,False
Kalobeyei (Village 2),Maize flour,2026-07-15,76.67,80.0,False
Kakuma 3,Maize,2026-07-15,67.5,64.0,False
HongKong (Kakuma),Wheat flour,2026-07-15,90.0,92.5,False
Kakuma 2,Rice,2026-07-15,113.33,146.67,False
Mogadishu (Kakuma),Salt,2026-07-15,75.0,62.5,False
Kakuma 2,Maize,2026-07-15,56.67,53.33,False
Ethiopia (Kakuma),Rice,2026-07-15,130.0,126.0,False
Kalobeyei (Village 2),Salt,2026-07-15,58.349999999999994,75.0,False
Kakuma 3,Potatoes (Irish),2026-07-15,80.0,81.67,False
Kakuma 2,Beans (dry),2026-07-15,120.0,123.33,False
Hagadera (Daadab),Beans (dry),2026-07-15,120.0,118.79,False
Kakuma 3,Rice,2026-07-15,160.0,160.0,False
Hagadera (Daadab),Maize,2026-07-15,60.0,60.0,False
Kakuma 3,Meat (goat),2026-07-15,800.0,700.0,False
Ethiopia (Kakuma),Salt,2026-07-15,75.0,65.0,False
IFO (Daadab),Meat (goat),2026-07-15,808.94,825.0,False
Ethiopia (Kakuma),Wheat flour,2026-07-15,91.67,95.0,False
Kakuma 2,Salt,2026-07-15,75.0,75.0,False
Mogadishu (Kakuma),Beans (dry),2026-07-15,113.33,136.67,False
Ethiopia (Kakuma),Sugar,2026-07-15,163.33,150.0,False
Mogadishu (Kakuma),Sugar,2026-07-15,163.33,157.5,False
Mogadishu (Kakuma),Maize flour,2026-07-15,85.0,83.75,False
Kakuma 3,Maize flour,2026-07-15,84.44,92.0,False
Kakuma 2,Wheat flour,2026-07-15,83.33,93.33,False
Kakuma 2,Potatoes (Irish),2026-07-15,90.0,93.33,False
Kalobeyei (Village 2),Sugar,2026-07-15,150.0,150.0,False
Kakuma 4,Potatoes (Irish),2026-07-15,100.0,100.0,False
IFO (Daadab),Maize flour,2026-07-15,101.13,100.71,False
Hagadera (Daadab),Wheat flour,2026-07-15,100.0,99.37,False
Kakuma 4,Sugar,2026-07-15,160.0,164.44,False
HongKong (Kakuma),Beans (dry),2026-07-15,143.33,155.0,False
Kakuma 4,Wheat flour,2026-07-15,90.0,90.56,False
HongKong (Kakuma),Maize,2026-07-15,60.0,62.5,False
Kalobeyei (Village 1),Beans (dry),2026-07-15,106.67,126.67,False
HongKong (Kakuma),Maize flour,2026-07-15,86.67,85.0,False
Kalobeyei (Village 1),Maize,2026-07-15,50.0,53.33,False
IFO (Daadab),Potatoes (Irish),2026-07-15,65.16,60.0,False
Kalobeyei (Village 3),Wheat flour,2026-07-15,86.67,87.5,False
IFO (Daadab),Rice,2026-07-15,117.73,127.14,False
Ethiopia (Kakuma),Maize,2026-07-15,56.67,62.0,False
Ethiopia (Kakuma),Beans (dry),2026-07-15,116.67,130.0,False
IFO (Daadab),Salt,2026-07-15,84.45,75.0,False
IFO (Daadab),Sugar,2026-07-15,120.0,120.0,False
IFO (Daadab),Wheat flour,2026-07-15,99.95,100.0,False
Kalobeyei (Village 2),Wheat flour,2026-07-15,83.33,90.0,False
Kakuma 4,Salt,2026-07-15,75.0,75.0,False
Hagadera (Daadab),Sugar,2026-07-15,120.0,119.71,False
Ethiopia (Kakuma),Maize flour,2026-07-15,90.0,83.0,False
Hagadera (Daadab),Salt,2026-07-15,50.0,56.9,False
Kakuma 4,Rice,2026-07-15,120.0,133.75,False
Kalobeyei (Village 3),Maize flour,2026-07-15,83.33,80.0,False
Kalobeyei (Village 3),Salt,2026-07-15,75.0,68.75,False
Kalobeyei (Village 3),Sugar,2026-07-15,155.0,150.0,False
Kalobeyei (Village 1),Rice,2026-07-15,106.67,120.0,False
Kalobeyei (Village 1),Maize flour,2026-07-15,80.0,81.67,False
Hagadera (Daadab),Maize flour,2026-07-15,100.0,98.46,False
HongKong (Kakuma),Rice,2026-07-15,143.33,152.5,False
Kalobeyei (Village 3),Rice,2026-07-15,126.67,132.5,False
Hagadera (Daadab),Meat (camel),2026-07-15,600.0,600.0,False
Kakuma 4,Maize flour,2026-07-15,80.0,82.5,False
Kakuma 3,Sugar,2026-07-15,154.44,150.0,False
Hagadera (Daadab),Rice,2026-07-15,100.0,100.88,False
Kakuma 4,Maize,2026-07-15,53.33,56.88,False
Kalobeyei (Village 3),Beans (dry),2026-07-15,113.33,112.5,False
Kakuma 4,Beans (dry),2026-07-15,113.33,128.89,False
Hagadera (Daadab),Meat (goat),2026-07-15,800.0,800.0,False
Hagadera (Daadab),Potatoes (Irish),2026-07-15,64.14,68.75,False
Kakuma 3,Wheat flour,2026-07-15,91.11,88.0,False
Ethiopia (Kakuma),Sugar,2026-08-15,163.33,163.33,False
Kakuma 3,Maize,2026-08-15,67.5,67.5,False
Kakuma 2,Rice,2026-08-15,113.33,113.33,False
Ethiopia (Kakuma),Salt,2026-08-15,75.0,75.0,False
Kakuma 3,Salt,2026-08-15,75.0,75.0,False
Kakuma 3,Potatoes (Irish),2026-08-15,80.0,80.0,False
IFO (Daadab),Sugar,2026-08-15,120.0,120.0,False
Ethiopia (Kakuma),Maize,2026-08-15,56.67,56.67,False
Kakuma 3,Meat (goat),2026-08-15,800.0,800.0,False
Kakuma 3,Wheat flour,2026-08-15,91.11,91.11,False
Kakuma 4,Beans (dry),2026-08-15,113.33,113.33,False
Kalobeyei (Village 3),Wheat flour,2026-08-15,86.67,86.67,False
Hagadera (Daadab),Potatoes (Irish),2026-08-15,60.0,64.14,False
Kakuma 3,Beans (dry),2026-08-15,134.44,134.44,False
Kakuma 3,Sugar,2026-08-15,154.44,154.44,False
Ethiopia (Kakuma),Wheat flour,2026-08-15,91.67,91.67,False
Kalobeyei (Village 1),Maize,2026-08-15,50.0,50.0,False
Ethiopia (Kakuma),Beans (dry),2026-08-15,116.67,116.67,False
Kakuma 4,Maize,2026-08-15,53.33,53.33,False
Kakuma 4,Sugar,2026-08-15,160.0,160.0,False
HongKong (Kakuma),Beans (dry),2026-08-15,143.33,143.33,False
Kakuma 4,Wheat flour,2026-08-15,90.0,90.0,False
Mogadishu (Kakuma),Beans (dry),2026-08-15,113.33,113.33,False
HongKong (Kakuma),Maize,2026-08-15,60.0,60.0,False
Kakuma 2,Wheat flour,2026-08-15,83.33,83.33,False
Kalobeyei (Village 1),Beans (dry),2026-08-15,106.67,106.67,False
HongKong (Kakuma),Maize flour,2026-08-15,86.67,86.67,False
Mogadishu (Kakuma),Maize flour,2026-08-15,85.0,85.0,False
HongKong (Kakuma),Rice,2026-08-15,143.33,143.33,False
Kalobeyei (Village 1),Maize flour,2026-08-15,80.0,80.0,False
HongKong (Kakuma),Salt,2026-08-15,66.64999999999999,66.64999999999999,False
IFO (Daadab),Salt,2026-08-15,87.10000000000001,84.45,False
Mogadishu (Kakuma),Rice,2026-08-15,120.0,120.0,False
Kalobeyei (Village 1),Rice,2026-08-15,106.67,106.67,False
Kakuma 3,Maize flour,2026-08-15,84.44,84.44,False
Ethiopia (Kakuma),Rice,2026-08-15,130.0,130.0,False
IFO (Daadab),Potatoes (Irish),2026-08-15,66.0,65.16,False
Kalobeyei (Village 3),Sugar,2026-08-15,155.0,155.0,False
Kalobeyei (Village 2),Maize,2026-08-15,53.33,53.33,False
Kalobeyei (Village 2),Rice,2026-08-15,116.67,116.67,False
Kalobeyei (Village 2),Beans (dry),2026-08-15,100.0,100.0,False
Mogadishu (Kakuma),Sugar,2026-08-15,163.33,163.33,False
IFO (Daadab),Beans (dry),2026-08-15,119.09,120.5,False
Kakuma 2,Potatoes (Irish),2026-08-15,90.0,90.0,False
HongKong (Kakuma),Wheat flour,2026-08-15,90.0,90.0,False
Kalobeyei (Village 1),Wheat flour,2026-08-15,96.67,96.67,False
Mogadishu (Kakuma),Salt,2026-08-15,75.0,75.0,False
IFO (Daadab),Maize,2026-08-15,68.81,68.13,False
Kalobeyei (Village 1),Salt,2026-08-15,75.0,75.0,False
Ethiopia (Kakuma),Maize flour,2026-08-15,90.0,90.0,False
Kalobeyei (Village 1),Sugar,2026-08-15,150.0,150.0,False
Kakuma 4,Salt,2026-08-15,75.0,75.0,False
Kalobeyei (Village 3),Salt,2026-08-15,75.0,75.0,False
Kakuma 4,Maize flour,2026-08-15,80.0,80.0,False
Kalobeyei (Village 3),Rice,2026-08-15,126.67,126.67,False
Kalobeyei (Village 3),Maize flour,2026-08-15,83.33,83.33,False
Kakuma 4,Potatoes (Irish),2026-08-15,100.0,100.0,False
IFO (Daadab),Meat (camel),2026-08-15,608.33,640.97,False
Kakuma 3,Rice,2026-08-15,160.0,160.0,False
HongKong (Kakuma),Sugar,2026-08-15,160.0,160.0,False
Kakuma 2,Beans (dry),2026-08-15,120.0,120.0,False
Kalobeyei (Village 2),Maize flour,2026-08-15,76.67,76.67,False
Kakuma 2,Maize,2026-08-15,56.67,56.67,False
Kalobeyei (Village 2),Salt,2026-08-15,58.349999999999994,58.349999999999994,False
IFO (Daadab),Wheat flour,2026-08-15,99.7,99.95,False
Kalobeyei (Village 2),Sugar,2026-08-15,150.0,150.0,False
IFO (Daadab),Rice,2026-08-15,118.79,117.73,False
Kalobeyei (Village 2),Wheat flour,2026-08-15,83.33,83.33,False
IFO (Daadab),Maize flour,2026-08-15,100.61,101.13,False
Kakuma 2,Maize flour,2026-08-15,78.33,78.33,False
Kalobeyei (Village 3),Beans (dry),2026-08-15,113.33,113.33,False
IFO (Daadab),Meat (goat),2026-08-15,802.78,808.94,False
Kakuma 4,Rice,2026-08-15,120.0,120.0,False
